cn_0	01.AI	https://www.01.ai	李開復創辦的大模型公司，做基礎模型與企業應用	自己訓練通用模型，也部署到企業機房，讓員工用問答取代翻內部規章文件	客戶多是要把模型放進自家機房的企業，像金融、能源、零售的資訊部門。做的是把內部規章、產品手冊、客服紀錄餵進私有部署的模型，讓員工用問答取代翻文件，另做電商直播的數字人。原本這類需求靠外包寫規則話術，換個問法就答不出來。
cn_1	4Paradigm (第四範式)	https://www.4paradigm.com	企業級 AI 決策平台，服務金融、零售、製造	原本每個預測模型都要統計人員用試算表逐案做，一個花上數週，業務端插不上手	買的人是銀行風控與行銷部門、零售商會員營運、製造廠排程人員。任務是挑出哪些申請件會違約、哪些客戶值得發券、下月該備多少料。原本由統計人員用試算表逐案建模，一個模型要數週；平台把取數、訓練、上線包成流程，業務端自己就能跑。
cn_10	Anhui Zhongke Xingchi Autonomous Driving	（無官網）	中科星馳，自動駕駛		
cn_100	China Coal Res Inst Co Ltd	（無官網）	煤炭科學研究總院	替國有煤礦設計開採順序與通風抽採方案，也做事故原因鑑定與井下設備檢測	服務對象是國有煤礦的礦長、通風科與安全監察單位。做的事很具體：替某個礦井設計開採順序與支護方式、規劃瓦斯抽採與通風網路、事故後鑑定原因、檢測井下設備。原本這些由礦上技術科憑經驗和舊圖紙決定，遇到深部高瓦斯礦層就沒有依據。
cn_101	China Datang Corp Sci Technology Research	（無官網）	大唐集團科研院，發電央企	不對外接單，替自家的燃煤電廠與新能源場站解決煤耗偏高、排放超標這些現場問題	不對外接單，使用者是集團旗下的燃煤電廠與新能源場站。解決的是現場問題：某台機組煤耗偏高該調哪些參數、脫硫設備怎麼改才能讓排放達標、風光併網後機組如何頻繁升降負荷。原本電廠只能照設備廠商交付的設計值運行，再靠值長經驗微調。
cn_103	China Electronic Technology Group Corp	https://www.cetc.com.cn	中國電子科技集團（中國電科），國防電子央企	下轄數十家研究所，替軍方做雷達、電子偵察與指揮通訊裝備，也承接政府信息化工程	買方是解放軍各軍種和公安、氣象等政府部門。產出是預警機與艦艇上的雷達、電子偵察與干擾裝備、通訊和指揮系統，另承接政府信息化工程。這些裝備過去仰賴進口，集團下屬數十家研究所各守一段，由軍方按型號下訂單、分所配套交付。
cn_105	China Merchants Bank	https://www.cmbchina.com	招商銀行，零售銀行，自研金融 AI	做個人存貸與信用卡的銀行，模型不對外賣，用在客服來電和信貸審批時的造假判斷	AI 不對外賣，用在自家零售業務。客服機器人接手帳單查詢、額度調整等重複來電，原本由電話中心坐席一通通接；風控模型在信貸審批當下判斷申請人資料是否造假、交易是否像盜刷，原本要審批員翻徵信報告逐件看，可疑交易多半事後才發現。
cn_106	China Mobile	https://www.chinamobileltd.com	中國移動，電信運營商，自研九天大模型	模型先用在自家網路告警歸併與客服問答，再連同算力一起賣給政企客戶	模型主要給自己人用，其次給簽約的政企客戶。網路端拿來把幾千條基地台告警歸併成一個根因，原本由網管中心值班工程師照清單逐條排查；客服端接 10086 的問答與工單，減少轉接人工。對政企客戶則是連同算力一起賣，部署在對方機房。
cn_107	China National Petroleum Corp	https://www.cnpc.com.cn	中國石油集團，油氣央企	模型只給集團內部用，上游拿來判讀地震資料，下游讓煉廠人員直接問操作參數	使用者是集團自己的勘探解釋人員與煉廠操作員。地震資料解釋原本由解釋員在工作站上一層層手工描線判斷斷層與儲層，一個工區耗時數月；模型先給出初判再由人修正。煉化端則把操作規程與歷史工況做成問答，讓當班人員直接問參數該怎麼調。
cn_108	China North Vehicle Res Institute	（無官網）	中國北方車輛研究所，兵器集團	履帶裝甲車底盤長年靠仿製蘇聯車型，換代時整車廠沒有自己的傳動設計能力	對外代號 201 所，成果不進市場，交給軍方和集團內的兵工廠。負責的是履帶裝甲車輛從總體方案到傳動箱、懸掛、行動系統的設計與台架試驗，近年加做無人地面平台。這些底盤系統過去靠仿製蘇聯車型，換代時整車廠沒有自己的傳動設計能力。
cn_109	China Nuclear Power Technology Res Institute	https://www.cnpri.com.cn	中廣核研究院	核島儀控與設計軟體得向法美供應商買授權，改一個參數都要對方同意	成果給集團自家的核電站與出口機型用，不對外接案。做的是華龍一號機組的堆型設計、核燃料組件，以及核島數位化儀控系統和核電專用軟體。儀控與設計軟體原本得向法國、美國供應商買授權，改一個參數都要對方同意，出口時還受許可限制。
cn_11	Ant Group	（無官網）	支付寶母公司，金融科技，自研百靈大模型	模型用在付款送出前幾十毫秒的盜刷判斷，也接手站內查帳單、比保單的問答	面向支付寶上的個人用戶和接入的商戶、金融機構。風控引擎在每筆付款送出前的幾十毫秒內判斷是不是盜刷或洗錢，原本這類問題要事後對帳和用戶申訴才發現；支付寶裡的助手則接手查帳單、比保單、辦理賠這些原本要在各 App 間切換的事。
cn_110	China Petro Chem Corp	（無官網）	中國石化，煉化央企	模型架在公司內網，讓煉廠與化工廠的技術人員直接問工藝規程與安全規定，不對外賣	使用者是煉廠與化工廠的技術人員、生產調度和研發崗。模型部署在公司內網，員工直接問工藝規程怎麼寫、某個裝置異常該查哪幾項、安全規定怎麼判，原本要翻幾百頁紙本規程或打電話問總部技術部門。對外不賣，定位是集團內部的問答平台。
cn_111	China Postal Savings Bank Co Ltd	https://www.psbc.com	郵儲銀行	網點一路鋪到縣城鄉鎮，服務領養老金的長者與務農戶，做代發補助與涉農小額貸款	客戶集中在縣城和鄉鎮：領養老金與低保的長者、務農戶、鄉鎮小微業主，很多人最近的銀行就是郵局櫃台。日常業務是代發補助、小額存單、涉農與個體戶貸款。這些地方原本只有農信社一家可選，辦貸款得託人情，網點密度是它的主要籌碼。
cn_114	China Railway Tunnel Group Co Ltd	（無官網）	中鐵隧道局	山區鐵路與市區地鐵的隧道原本以鑽爆加人工出渣為主，進度慢又怕塌方突水	客戶是鐵路局、地方政府的地鐵公司和公路投資方。接的活是在山裡打鐵路公路隧道、在市區用盾構機推地鐵區間，含突水突泥和軟土地層的處理。這類工程原本以鑽爆加人工出渣為主，進度慢且塌方風險高；自研的盾構和巡檢設備供自家工地使用。
cn_116	China South Ind Group Ordnance Equipment	（無官網）	兵器裝備集團，軍工央企	軍品端供應陸軍的槍械彈藥與夜視瞄準器材，民品端做摩托車和汽車零部件	軍品端的買方是陸軍，供應槍械彈藥和夜視、瞄準鏡等光電器材，按型號接軍方訂單；民品端做嘉陵摩托車和車用零部件，賣給一般消費者與整車廠。過去集團收入主力是長安汽車，該公司已被劃出獨立，剩下的民品規模因此大幅縮小。
cn_117	China State Constr Eng Corp	https://www.cscec.com	中國建築，建築業央企	承包機場航站樓、醫院與高層住宅的整包施工，另用感測器盯工地進度與深基坑位移	業主是地方政府、國企和自家的地產開發項目，接的是機場航站樓、醫院、高層住宅從投標到交付的整包施工。建築智能化是在工地用模型管進度、用感測器盯深基坑位移和塔吊姿態，原本靠工長每天巡場、工人填紙本報表，出問題常是事後才知道。
cn_118	China Telecom Corp Ltd	https://www.chinatelecom-h.com	中國電信，自研星辰大模型	把模型開源讓政府與國企下載到自家伺服器跑，用來寫公文、整理紀要與轉寫方言來電	客戶是規定資料不能出機房的政府單位和國企。模型開源讓對方下載到自家伺服器跑，用來寫公文、整理會議紀要、做方言口音重的來電轉寫，這也是自家 10000 號客服的需求。原本這些單位要嘛不敢用雲端模型，要嘛靠人工聽打與坐席處理。
cn_119	China Unicom	https://www.chinaunicom.com	中國聯通，自研元景大模型	同一套模型切出十億到千億多種尺寸，讓只有幾張卡的省市政務單位也能放進自家機房	賣點是同一套模型切出十億到千億等多種尺寸，讓算力只有幾張卡的地方單位也能私有化部署，不必為了用模型先蓋機房。買的人多是省市政務、能源和交通單位的資訊部門，拿去做公文寫作、政策問答和工單分類，原本這些事靠科室人員手動處理。
cn_121	CHN Energy Investment Group Co Ltd	https://www.ceic.com	國家能源集團，煤電央企	模型只給自家火電廠用，替交易員報次日電價電量，也從振動與溫度判斷機組何時該檢修	使用者是集團火電廠的交易員、檢修班和安環崗。電力市場放開後每天要報次日各時段的電價與電量，原本由交易員憑經驗填表；模型接手預測與報價建議。檢修端則從振動、溫度數據判斷某台機組還能撐多久，取代照固定週期停機大修的做法。
cn_122	Chongqing Changan Automobile Co Ltd	https://www.changan.com.cn	長安汽車，整車與智駕	賣車給一般家庭，合資車靠外方供貨，自主品牌則自己做輔助駕駛與產品定義	買車的是一般家庭。合資板塊靠長安福特、長安馬自達供貨，自主板塊的深藍、啟源和與華為合作的阿維塔則自己定義產品。天樞智駕是自研的輔助駕駛，做高速領航與自動泊車；這類功能原本整套向博世等供應商採購，車廠改不動也拿不到資料。
cn_123	Chongqing Sailisi New Energy Vehicle	https://www.seres.cn	賽力斯，問界汽車製造商	只負責建廠與製造交付三十萬級休旅車，產品定義、座艙智駕和門市通路都讓給合作方	賣的是三十萬到五十萬級的家用休旅車，買主多是換車的城市家庭。分工很特別：華為決定車子長什麼樣、做座艙與智駕、用自家門市賣車，賽力斯負責建廠與製造交付。傳統車廠原本自己定義產品和通路，它等於把這兩塊讓出去換取銷量。
cn_124	CISDI Information Technology Co Ltd	（無官網）	中冶賽迪信息技術	鋼廠原本得讓工人守在高溫爐前輪班盯火、憑經驗調參，各工序數據也各留各的	客戶是國內鋼廠的生產與自動化部門。做的事是把高爐、轉爐、軋線的控制系統和生產數據匯到一個平台，操作員坐在集控中心遠端下指令。原本要在爐前高溫崗位輪班盯火、憑經驗調參，各工序數據各自留在自己的系統裡，出鋼品質波動很難追。
cn_125	CloudMinds (達闥科技)	（無官網）	雲端機器人與人形機器人	銀行網點與展館的導覽接待原本得派專人輪班，機器人本體算力又撐不起複雜對話	賣服務型與人形機器人給銀行網點、展館和養老機構做導覽、接待與陪伴。設計上機器人本體只負責感知與動作，對話和決策放在雲端，靠專屬網路連回，網路一斷機器就不太能動。近年陷入欠薪與資金斷鏈，業務大幅收縮，交付與售後都受影響。
cn_126	CloudWalk Technology (雲從科技)	https://www.cloudwalk.cn	計算機視覺與人機協同	機場安檢靠人肉眼比對證件照，警方要找一個人得調監控一段段看，一個案子幾十小時	客戶是銀行、機場和公安。實際場景是機場安檢口刷臉核對身分證件、銀行櫃台開戶時比對本人與證件照、警方在監控影像裡檢索特定人出現的時間地點。原本靠安檢員肉眼比對證件、民警調錄影一段段看，一個案子要看上幾十小時。
cn_127	COMAC	https://www.comac.cc	中國商飛，民用客機制造	國內幹線客機原本全數向波音空巴採購，交機排期與機隊擴充受制於人	客戶是國內三大航空公司，飛機交付後排進正班航線載客。它負責整機總體設計、機體結構和總裝，發動機、航電這些關鍵系統仍向國外供應商採購。國內幹線客機原本全數向波音、空巴採購，現在的瓶頸不在有沒有飛機，而在月產能和供應鏈交期。
cn_128	CRCC Zhongtie Robot (中鐵機器人)	（無官網）	中國鐵建機器人業務		
cn_129	CRRC Times Robot (中車時代機器人)	（無官網）	中車旗下，軌道交通巡檢機器人	檢修工拿手電筒鑽進地溝抬頭看車底螺栓管線，一列車數十分鐘還容易漏看	使用者是地鐵公司和鐵路局的車輛段檢修工。列車回庫後原本要檢修工拿手電筒鑽進地溝，一輛一輛抬頭看車底的螺栓、閘瓦、管線有沒有鬆脫漏油，一列車要數十分鐘還容易漏看。機器人沿固定路線自動走位拍照，比對後只把異常點推給人覆核。
cn_13	Aqrose Technology (阿丘科技)	https://www.aqrose.com	工業 AI 視覺檢測	產線末端排一排目檢員拿放大鏡看刮傷漏焊，看久眼睛疲勞，標準人人不同	客戶是 3C、汽車零部件和半導體封裝廠的品質部門。原本產線末端得排一排目檢員拿放大鏡看刮傷、漏焊、崩邊，看久了眼睛疲勞，每個人的判定標準不一樣。AIDI 讓廠內工程師不寫程式就能標註缺陷樣本、訓練模型，接上相機當場判定良莠。
cn_130	CSSC Zhihai Innovation Res Inst Co Ltd	（無官網）	中國船舶集團智能創新研究院		
cn_131	Cyborg Robotics (賽博機器人)	（無官網）	機器人初創		
cn_132	Dataa Robotics (達達機器人)	（無官網）	疑為達闥科技相關實體，雲端機器人		
cn_133	DataMesh (數邁科技)	https://www.datamesh.com	數字孿生與混合現實	設備拆裝靠紙本手冊配老師傅現場帶，新人要好幾個月才敢動手	客戶是製造業的設備維護與訓練部門。做法是把設備三維模型、即時運轉數據和拆裝步驟串起來，維修員戴上頭顯後，箭頭和零件編號直接疊在眼前的機台上，一步步指到該拆哪顆螺絲。原本靠紙本手冊配老師傅現場帶，新人要好幾個月才敢動手。
cn_134	DeepBlue Technology	https://www.deepblueai.com	深蘭科技，AI 機器人與自動駕駛小車	園區裡的接駁與政務大廳的迎賓接待原本都得派專人輪班守著	買單的幾乎都是地方政府和產業園區，買的是示範項目而不是量產設備：無人公交在園區固定路線繞行、服務機器人擺在政務大廳或商場接待。曾在多地簽下大額投資協議但實際落地有限，近年業務明顯收縮，多數產品線停留在展示與試點階段。
cn_135	DeepGlint	https://www.deepglint.com	格靈深瞳，計算機視覺	監控室值班人員盯牆上幾十路畫面，翻越軌道或排隊過長多半事後才調錄影	客戶是銀行網點、軌道交通和體育場館。做的事是從既有監控影像裡自動找出該注意的畫面：有人翻越軌道、櫃台前排隊過長、學生體測動作是否達標。原本監控室值班人員得盯著牆上幾十路畫面，多半是出事之後才回頭調錄影，事前預警做不到。
cn_136	DeepMirror	（無官網）	深度鏡像類計算機視覺企業		
cn_137	DeepRobotics	（無官網）	雲深處科技，四足與人形機器人	變電站與管廊巡檢得每天走一趟測溫抄表，夜間和高壓區域沒人願意進	客戶是變電站、隧道管廊和應急救援單位的巡檢班組。原本運維人員每天得走一趟站區，拿紅外測溫槍量設備接點溫度、抄表、聽有無異響，夜間和高壓區域更不願意進。四足機器狗能上下樓梯跨越電纜溝，照固定路線自己走完並回傳照片與測溫值。
cn_138	DeepRoute.ai	（無官網）	元戎啟行，城市智駕方案	車企想開通城市智駕，得自建數百人團隊，或只能在有高精地圖的路段用	客戶是車企的智駕部門，賣的是整套城市輔助駕駛方案，包含感知演算法和量產標定，長城等車廠已裝車出貨。它不依賴高精地圖，用一般導航圖加即時感知就能開。原本車企要嘛自建數百人演算法團隊，要嘛只能在有高精地圖的路段開通功能。
cn_139	DeepSeek	（無官網）	深度求索，幻方量化孵化，基礎大模型	模型權重公開讓人下載回去自己跑，企業資料不必送出機房，一般人也有免費問答程式可用	一邊是把模型接進自家產品的開發者與企業，一邊是用免費 App 查資料寫程式的一般人。開放權重是關鍵差別：企業可把模型下載到自己機房跑，資料不出門也不必按量付錢給雲端廠商。原本同級模型只能透過國外 API 呼叫，不給自行部署。
cn_14	Athena Eyes Technology Co Ltd	（無官網）	雅典娜/金融身份認證視覺 AI		
cn_140	DeepWay (深向科技)	https://deepway.com	百度孵化，電動智能重卡	幹線長途由兩名司機輪班開柴油重卡，油費人力佔成本大半，司機又難招	客戶是跑幹線的大宗貨運與快遞車隊。原本這類長途線由兩名司機輪班開柴油重卡，油費和人力占運營成本大半，司機又難招。星辰是自研平台的純電重卡，靠換電補能並帶 L3 輔助駕駛，除了整車販售，也以運力形式按趟承接運輸。
cn_141	DexForce (力策科技)	https://www.dexforce.com	3D 視覺與具身智能	零件得先用治具一顆顆排整齊機械臂才抓得到，換個料號就要重做治具	客戶是工廠的上下料與分揀工站。賣 3D 視覺傳感器加上機器人的抓取模型，讓機械臂能從雜亂堆放的料框裡認出零件的位置與姿態再伸手去拿。原本得先用治具把零件一顆顆排整齊，機械臂照固定座標抓，換個料號就要重做治具和重新示教。
cn_142	DiDi	https://www.didiglobal.com	滴滴出行，網約車平台，佈局自動駕駛	叫車乘客與接單司機都在平台上，派單定價後從車資抽成，另有貨運與拉美業務	兩邊的使用者是叫車乘客和接單司機，平台負責派單、定價並從車資抽成，另有貨運和拉美業務。原本叫車靠路邊攔或打電話給車行調度，尖峰時段等不到車也無從得知司機在哪。自動駕駛車隊目前只在部分城市的指定區域開放叫車，仍屬試運營。
cn_143	Digital China	https://www.digitalchina.com	神州數碼，IT 分銷與雲服務	替企業代理硬體、轉售公有雲資源並管帳單續約，毛利極薄靠量撐	客戶是企業的 IT 採購與資訊部門。主業是代理華為、戴爾等品牌硬體並轉售公有雲資源，幫企業開通帳號、管多雲帳單與續約，毛利極薄靠量撐。神州問學則讓企業把不同來源的模型、算力和資料接進同一介面。原本企業得分別跟各原廠議價對接。
cn_144	DJI	https://www.dji.com	大疆，消費與行業無人機全球龍頭	無人機從拍片的一般用戶賣到農戶噴藥、測繪出圖與電力橋梁巡檢，車載業務已拆出	消費端賣給拍片的一般用戶，行業端才是重點：農戶用植保機噴藥，原本得背噴霧器在田裡走一整天；測繪隊用無人機拍完一片地再出圖，原本靠人扛全站儀跑點；電力和橋梁巡檢原本要工人爬塔或吊繩靠近看。車載業務拆出卓馭，做量產輔助駕駛。
cn_145	DOBOT (越疆科技)	https://www.dobot-robots.com	協作機器人與人形機器人	工業機械臂得關在圍欄裡由專人示教，小批量多換線的產線攤不平調試成本	買家分兩種：職校和大學實驗室買機械臂當教具，3C 與汽車零部件廠買來做上下料、鎖螺絲、貼標。協作機器人不必圍安全柵欄，可以直接擺在作業員旁邊。原本工業機械臂得關在圍欄裡、由專人示教，小批量多換線的產線攤不平調試成本。
cn_146	Dongfeng Autonomous (東風自動駕駛)	（無官網）	東風汽車旗下自動駕駛業務	園區接駁與港口礦區的固定短途運輸得配專職司機，班次受人力限制	不對外獨立賣方案，成果裝在東風自家車上。在武漢等示範區投放無人接駁小巴和物流車，載社區居民或在園區內送貨，車上仍配安全員；另在港口、礦區這類封閉場景做無人重卡。原本這些固定路線的短途運輸得配專職司機，班次受人力限制。
cn_147	Dreame Technology (追覓科技)	https://www.dreametech.com	掃地機器人與高速電機	掃完地還得彎腰倒塵盒、用手搓洗髒拖布，家裡的清潔活仍佔掉不少時間	賣給一般家庭。掃地機回到基座會自動倒塵、洗烘拖布，原本得彎腰倒塵盒、用手搓洗髒拖布。核心零件是自研的高速馬達，同一套技術延伸到吹風機、洗地機和割草機器人。已脫離小米生態鏈改走自有品牌，多數營收來自海外自建的通路。
cn_148	DroidUp	（無官網）	人形機器人初創公司		
cn_149	Ecovacs Robotics (科沃斯機器人)	https://www.ecovacs.com	掃地機器人龍頭	家裡的掃地拖地、廚房油污與寵物打翻的液體，原本靠拖把抹布反覆換水	賣給一般家庭。地寶掃地機負責日常掃地拖地與自動集塵，添可品牌的洗地機處理廚房油污和寵物打翻的液體，原本這些得靠拖把和抹布反覆換水。早期做吸塵器代工，累積的是供應鏈與量產能力，現在兩個品牌都把海外零售通路當成主要增長來源。
cn_15	Autel Robotics Co Ltd	https://www.autelrobotics.cn	道通智能，消費及工業無人機	夜間搜救與輸電線路、橋梁底面的巡檢，原本得出動直升機或讓工人爬塔	主要市場在歐美，買方是警消與公共安全部門、電力和基建的巡檢隊，美國對大疆的採購限制讓它拿到政府單位的份額。熱像機型用來在夜間搜尋失蹤者、在火場找出暗火點，巡檢機型拍輸電線路和橋梁底面。這些事原本要出動直升機或讓工人爬塔。
cn_150	Emotibot (竹間智能)	（無官網）	情感計算與企業對話 AI	客服通話質檢由人抽聽百分之幾的錄音打分，多數通話根本沒人聽過	客戶是金融、電信和政府單位的客服中心與品質管理部門。對話機器人接第一線重複問答，情緒識別標出哪幾通電話客戶明顯不滿；通話質檢原本由質檢員抽聽百分之幾的錄音打分，多數通話沒人聽過。近年傳出停工與欠薪，交付與維運已不穩定。
cn_151	EngineAI	https://www.engineai.com.cn	眾擎機器人，人形機器人	想做人形應用的團隊要嘛自己從馬達做起，要嘛買進口平台拿不到底層權限	買家是科研機構、高校實驗室和做應用的二次開發商，買整機本體加開發平台，上層演算法自己寫。關節模組、電機到整機都自研，賣的是可以直接跑動態動作的硬體底座。原本這類團隊要嘛自己從馬達做起，要嘛買進口平台但拿不到底層控制權限。
cn_152	Envision Energy	https://www.envision-group.com	遠景能源，風電與儲能，AI 用於能源管理	賣風機與儲能系統給電場業主，再把設備連上平台，判斷哪台該提前停機、何時充放划算	客戶是風電場業主和工商業儲能用戶，賣風機與儲能系統，再用 EnOS 把設備連起來。平台判斷哪台風機振動異常該提前停機、儲能在哪個時段充放最划算。原本風場靠現場值班員抄表、等廠商定期巡檢，故障多半是葉片損壞或機組停機才發現。
cn_153	EVE Energy Co Ltd	https://www.evebattery.com	億緯鋰能，鋰電池製造	電芯賣給電動車廠與儲能集成商，另做電錶、路側設備用的鋰原電池，裝上去十年不換	客戶分三塊：電動車廠買動力電芯，電網和工商業儲能集成商買儲能電芯，另一塊是電錶、ETC 和物聯網設備用的鋰原電池，這類裝置要求裝上去十年不換電池。特斯拉、寶馬都在名單上，並在馬來西亞、匈牙利和美國設廠就近供貨給當地客戶。
cn_154	FABU Technology (法布科技)	https://www.fabu.ai	自動駕駛與港口無人運輸	碼頭貨櫃在堆場與岸橋間的轉運由司機三班輪值，夜班與惡劣天氣最難排人	客戶是港口集團的營運部門。無人集卡在碼頭固定路線上跑：到岸橋下接櫃、按調度系統指派順序把貨櫃送到堆場、和場橋對位放下，全程不進公共道路。原本這段是司機三班輪值開集卡，夜班與惡劣天氣最難排人。收費按車隊規模與系統授權計。
cn_155	FAW Nanjing Technology Dev Co Ltd	（無官網）	一汽南京研發中心，智能網聯		
cn_158	ForwardX Robotics (前向啟創)	https://www.forwardx.com	倉儲物流 AMR 機器人	揀貨員推著料車走完整趟，一天多數時間花在走路上，人力只能隨單量加	客戶是電商倉庫與製造廠的物流主管。機器人靠攝影機認環境，跟在揀貨員身邊，人揀完一格它自己開到下一個貨位或送去打包區，調度系統決定誰先走哪條通道。原本揀貨員得推著料車走完整趟，一天多數時間花在走路上。
cn_159	Foxconn Industrial Internet	https://www.fii-foxconn.com	工業富聯，電子製造與 AI 服務器	雲服務商要的是整櫃通電驗好的伺服器，原本得分頭採購零組件再找人組裝測試	客戶是輝達與雲服務商。接的是 AI 伺服器整機與整櫃的組裝測試：把 GPU 模組、交換機、電源與液冷管路裝進機櫃，通電燒機驗完整櫃出貨到資料中心。原本雲廠得分頭採購零組件再找人組裝。燈塔工廠指自有產線上以機器視覺取代目檢的部分。
cn_16	Autohome Inc	https://www.autohome.com.cn	汽車之家，汽車資訊與交易平台	經銷商原本只能靠展廳來客登記和電話陌生開發，才知道誰正在看車、詢過底價	付錢的是車企市場部與 4S 經銷商。車企買新車上市的曝光位，經銷商按月訂閱店鋪頁並買潛在買家的聯絡線索——誰看了哪款車、詢過底價，名單就派給銷售去跟。原本這些名單靠展廳來客登記和電話陌生開發。另經營二手車平台 che168。
cn_160	Galbot	https://www.galbot.com	銀河通用，通用具身機器人	無人店只能靠格子櫃與彈簧貨道，商品擺放受限，補貨上架仍得店員來做	目前落地在無人藥店與零售店：顧客下單後，輪式雙臂機器人從貨架上認出那盒藥或那瓶飲料、抓下來放到取貨口，也負責補貨上架。原本這是店員的工作，無人店則只能靠格子櫃與彈簧貨道，商品擺放受限。訓練資料以模擬環境合成為主。
cn_161	Gaussian Robotics	https://www.gs-robot.com	高仙機器人，商用清潔機器人	商場中庭與航站樓大廳的洗地吸塵，原本是清潔工推著洗地機一趟趟走完	買家是物業公司、機場與商場的保潔承包商。機器人在離峰時段自己跑商場中庭、航站樓大廳，邊走邊洗地吸塵、避開行人，水髒了回補水站。管理平台讓主管在後台看每台今天洗了多少平方米。原本這段是清潔工推著洗地機一趟趟走完。
cn_162	Geek+ PopPick (極智嘉PopPick)	https://www.geekplus.com	極智嘉，倉儲物流機器人	揀貨員推車在幾千平方米倉庫裡走位找貨，走路佔掉大半工時，旺季只能加人	客戶是電商與零售的倉庫。PopPick 讓揀貨員固定站在工作站不動，機器人把整座貨架搬過來、再用機構取下指定料箱送到手邊，揀完送回原位。原本揀貨員推車在幾千平方米倉庫裡走位找貨，走路佔掉大半工時，旺季只能靠加人。
cn_163	Geely	https://www.geely.com	吉利汽車集團，整車與智駕	賣車給消費者，把智駕與座艙收攏成集團共用平台，按算力分級鋪到各品牌不同價位車型	賣車給消費者，另把智駕與座艙研發收攏成集團共用平台：同一套千里浩瀚方案按算力分級，鋪到吉利、領克、極氪、銀河等品牌的不同價位車型，晶片由體系內的芯擎與億咖通供應。原本各品牌各自找供應商談方案，同集團內功能與介面互不相通。
cn_164	Geely Automobile Res Inst Ningbo Co Ltd	（無官網）	吉利汽車研究院	不對外接單，把集團內一款新車從架構選型做到可量產，含耐久碰撞與智駕標定驗收	不對外接單，服務對象是集團內的整車項目。工作是把一款新車從架構選型做到可量產：底盤與車身工程設計、電子電氣架構定義、樣車在杭州灣試驗場跑耐久與碰撞、智駕與座艙軟體在此標定驗收。原本這些環節分散在各品牌與外部供應商手上。
cn_165	Geostar Information Technology Co Ltd	https://www.geostar.com.cn	吉奧信息，GIS	各科室各有一套圖層與資料庫，審批人員要查一塊地的權屬只能人工套圖	客戶是自然資源、規劃與應急管理部門的信息中心。GeoGlobe 用來把衛星影像、地籍界線與規劃圖層疊在一張底圖上，供審批人員查一塊地的權屬與用途管制。原本各科室各有一套圖層與資料庫，跨部門比對得靠人工套圖。
cn_166	Geovis Digital Earth Hefei Co Ltd	（無官網）	中科星圖數字地球	各單位分別買衛星影像、自己做配準切片，疊起來看態勢時還常對不齊	產品是三維數字地球底座，賣給國防、應急管理與自然資源部門。用途是把衛星影像、地形、氣象與目標資料疊在同一個球上，供值班人員查某片區域此刻的態勢、比對不同時間的影像差異。原本各單位分別買影像、自己做配準切片，圖還常對不齊。
cn_167	Geovis Weitianxin Technology Co Ltd	https://www.etapes.com.cn	中科星圖相關	機場要跑道的風切雷雨、電網要覆冰預警，公開預報的尺度粗到用不上	客戶是氣象局、機場、電網與農業經營主體。做的是把數值預報加工成客戶用得上的東西：機場要跑道未來幾小時的風切與雷雨、電網要覆冰與大風預警、農戶要噴藥的窗口。原本企業只能看公開預報，尺度粗到用不上。另提供網格預報 API。
cn_168	Gientech Digital Technology Group Co Ltd	https://www.gientech.com	中電金信，金融科技	跑了十幾年的存貸帳務主機要搬上分佈式，銀行只能靠自有子公司加外包拼	客戶是大型商業銀行的科技部門。典型項目是核心系統重構——把跑了十幾年的存貸帳務主機搬到分佈式架構上，還得保證切換當晚帳目對得上，之後留人駐場做測試與運維。原本銀行靠自有科技子公司加多家外包廠商拼。
cn_169	Global Tone Communication Technology Qin	https://www.gtcom.com.cn	中譯語通，機器翻譯	大量外語新聞與論文原本靠編譯人員逐篇讀、逐篇翻，量一大就只能抽看	客戶多是政府部門、媒體與金融機構。用途是處理外文材料：把大量外語新聞、論文與專利即時譯成中文並做主題與情感分析，供研判人員看一個議題在境外怎麼被談。原本這得靠編譯人員逐篇讀、逐篇翻，量一大就只能抽看。
cn_17	AutoX	（無官網）	L4 級 Robotaxi 自動駕駛公司	在開放道路上載客卻不在車裡放安全員，靠自研的傳感與計算平台，規模化始終沒做到	曾在深圳坪山、上海嘉定與矽谷投放車內無安全員的 Robotaxi，乘客用 App 叫車，車輛靠自研 Gen5 傳感與計算平台在開放道路運行。規模化商業化一直未達成，近年公開動態與車隊運營消息明顯減少。
cn_170	Glodon Co Ltd	https://www.glodon.com	廣聯達，建築數字化軟件	造價員原本拿圖紙逐層逐構件按計算機數鋼筋與門窗，一個項目算好幾週還容易漏項	客戶是施工企業的預算成本部門、設計院與建設方。算量軟體讓造價員把設計圖導進來，自動數出鋼筋、混凝土與門窗的數量，再套定額與市場價出一份投標報價。原本這是拿圖紙用計算機逐層逐構件手工數，一個項目要算好幾週且容易漏項。
cn_171	GoLaxy Data Technology Inc	https://www.golaxy.cn	中科天璣，大數據輿情	輿情原本靠人輪班盯網頁、手工剪貼做簡報，同一事件的傳播路徑看不出來	客戶是宣傳、網信、公安等部門與媒體機構。輿情系統持續抓網頁、社群與短影音內容，把同一事件的討論聚成專題、標出傳播路徑與情緒轉折，值班人員早上打開就有摘要與預警。原本這靠人輪班盯網頁、手工剪貼做簡報。
cn_173	Great Wall Motor Co Ltd	https://www.gwm.com.cn	長城汽車，整車與智駕	以休旅車和皮卡為主賣車給消費者，電池座椅走體系內自供，智駕也從外購轉回自研	賣車給消費者，以 SUV 和皮卡為主，哈弗、魏牌、坦克、歐拉分守不同價位。零部件走體系內自供，電池找蜂巢能源、座椅內飾找諾博；智駕早期由分拆出去的毫末智行供應，後轉自研，Coffee Pilot 做高速與城區領航輔助。
cn_176	Guangzhou Automobile Group Co Ltd	https://www.gacgroup.com	廣汽集團，整車與智駕	賣車給消費者，長期靠兩家日系合資公司的利潤，合資銷量下滑後重心移到自主新能源	賣車給消費者。長期利潤來自廣汽豐田、廣汽本田兩家合資公司，自主品牌是傳祺與埃安；合資銷量下滑後重心移到自主新能源，ADiGO 做埃安車型的輔助駕駛與座艙。另投資如祺出行的 Robotaxi 與飛行汽車等新業務。
cn_177	Guangzhou Quwan Network Technology Co	https://www.quwangroup.com	趣丸網絡（TT 語音）	玩家只能在遊戲內匹配到不說話的隊友，或到群裡喊人湊一支隊伍	用戶是手遊玩家。TT 語音解決的是找隊友：進大廳挑一個房間開麥，跟陌生人組隊打王者榮耀或吃雞，房間由房主與陪玩維持秩序。原本玩家只能在遊戲內匹配到不說話的隊友，或去群裡喊人。收入靠增值服務與遊戲聯運發行。
cn_178	Guangzhou Sanqi Jimeng Network Technology	（無官網）	三七互娛相關	做卡牌、模擬經營與角色扮演手遊，做完交給集團的發行體系推到國內與海外	三七互娛體系內的遊戲研發公司，產出是手遊，以卡牌、模擬經營與 MMO 為主，做完交由集團的發行體系推向國內與海外。集團以買量發行見長，AI 主要用在批量生成廣告素材與預估投放回報。原本一條素材由美術逐個剪。
cn_179	Guangzhou Sanqi Jiyao Network Technology	（無官網）	三七互娛相關	一款手遊要在多個渠道投上千條廣告素材，回收曲線原本靠投手逐個渠道手工盯盤	同屬三七互娛體系的遊戲研發與發行主體，產出手遊並負責上線後的營運：版本更新、活動排期與付費點調整。發行端最吃重的是買量——一款遊戲要在多個渠道投上千條素材、盯回收曲線決定加量或關停。原本這些判斷靠投手逐個渠道手工盯盤。
cn_18	AVIC UAV (中航無人機)	https://www.avicuas.com	中航工業旗下，大型軍民兩用無人機	盯住一片空域十幾個小時的偵察與打擊，原本得派有人偵察機或直升機輪班	客戶是軍方與採購翼龍的境外國防部門。用途是在目標空域盤旋十幾個小時，用光電吊艙持續盯住一片區域，發現目標即以掛載的導彈打擊，操作員在地面站看回傳畫面下令。原本這類任務得派有人偵察機或直升機輪班。
cn_180	Guangzhou Shirui Electronics Co Ltd	（無官網）	視源股份（CVTE）	賣互動平板給中小學教室、會議平板給企業，另供應電視整機廠的主控板卡	三條線各有買家：希沃賣給中小學，老師在教室的互動平板上放課件、讓學生上台書寫，配套軟體管備課與課堂答題；MAXHUB 賣給企業會議室做投屏與視訊；電視主控板卡賣給電視整機廠。原本教室是投影機加黑板，換片與書寫得兩邊切。
cn_181	Guangzhou Shiyuan Cvte Artificial Intelligence	（無官網）	視源股份（CVTE）AI 研究院	老師備課得自己找資料拼教案，教研組評課也只能靠聽課人邊聽邊手寫記錄	產出給希沃的教育產品線使用，使用者是中小學老師。模型做的是備課與課堂分析：依教材章節生成教案與習題、把一堂課的錄影轉成師生互動時長與提問類型的報告，供教研組評課。原本教案靠老師自己找資料拼，評課靠聽課人手寫記錄。
cn_182	Guangzhou XAG Technology Co Ltd	https://xa.com	極飛科技，農業無人機與機器人	噴藥撒肥原本是人背噴霧器下田，一天幾十畝還得直接接觸農藥	買家是種植大戶與代噴藥的農服組織。無人機按事先畫好的地塊處方圖自動飛，在水稻或小麥田上定高定速噴藥、撒肥與播種，一天能作業數百畝。原本這是人背噴霧器下田，一天幾十畝且直接接觸農藥。另賣農機自動駕駛套件與農田物聯網設備。
cn_183	Guangzhou Xiaopeng Autonomous Driving	（無官網）	小鵬汽車自動駕駛業務	設好導航後，變道進出匝道、路口左轉到最後泊車仍得駕駛一段段自己來	服務對象是小鵬自家車主，不外賣方案。XNGP 做的是設好導航後由車輛自己走完全程：高速上變道超車、進出匝道，城區裡識別紅綠燈、路口左轉、繞開違停車，到目的地再自動泊入車位，駕駛全程手扶方向盤監看。
cn_184	Guanzhou Radio Express Group Co Ltd	https://www.grgbanking.com	廣電運通，金融設備	金庫裡回收的鈔票原本由櫃員逐張點驗真偽、挑出殘幣再捆成扎，量大又慢	客戶是銀行的渠道與運營部門。賣 ATM 與清分機：清分機在金庫裡把回收的鈔票逐張過機、驗真偽挑殘幣再捆成扎，ATM 負責網點外的存取現。原本點鈔挑殘幣是櫃員手工做。近年把人證核驗延伸到地鐵閘機與政務自助終端。
cn_185	Guizhou Wujiang Hydropower Dev Co Ltd	（無官網）	烏江水電	梯級水庫何時蓄水何時開閘、汛期怎麼騰庫容，原本靠值班人員按經驗拍板	運營貴州烏江幹流上的梯級水電站，產出是電，按電網調度指令上網。日常工作是依上游來水與降雨預報決定各級水庫何時蓄水、何時開閘發電——上游多放一點下游才發得出來，汛期還得騰庫容防洪。原本這些靠值班人員按經驗拍板。
cn_186	H3C Artificial Intelligence Technology	（無官網）	新華三 AI 業務	本單位的規章、辦事流程與案卷要查，得翻紙本文件或打電話問經辦科室	客戶多是已經在用新華三伺服器與網路設備的地方政府、醫院與高校。做法是把模型部署在客戶自己機房裡，資料不出內網，用來回答本單位的規章、辦事流程與案卷問題，或生成公文初稿。原本這些問題得翻紙本文件或打電話問經辦科室。
cn_187	Hai Robotics HAIPICK (海柔HAIPICK)	https://www.hairobotics.com	海柔創新，箱式倉儲機器人	倉庫要取高處料箱得開堆高機，不然就得推倒原有貨架另建一座自動倉	客戶是電商、第三方物流與製造業的倉庫。機器人升到貨架高處，用機械手把指定料箱從格口抽出來，一次帶多箱送到揀選站給人取貨。賣點是沿用倉庫原有貨架往上堆高存量，不必推倒重建。原本高位取箱得開堆高機或另設專用自動倉。
cn_188	Haier Smart Home Co Ltd	https://smart-home.haier.com	海爾智家，家電與智能家居	賣冰箱洗衣機與空調給家庭，海外靠收購來的品牌出貨，模型裝在家電裡聽一句話設定	賣冰箱、洗衣機與空調給家庭，海外靠收購來的 GE Appliances 等品牌出貨。HomeGPT 裝在家電與 App 裡，用戶一句話設定回家場景，或問某種衣物該用哪個洗程，原本得逐台翻說明書按鍵。卡奧斯則賣給中小製造廠做排產。
cn_189	Hangcha Group Co Ltd	https://www.hcforklift.com	杭叉集團，叉車，含無人叉車	主力仍是司機操作的叉車，另做走固定路線的無人車，自己到產線末端取托盤送去堆高	買家是製造業與物流倉儲企業的設備部門。主力仍是司機操作的內燃與電動叉車；無人叉車走固定路線，靠激光與現場輪廓導航自己到產線末端取托盤、送去庫區堆高，已用在光伏產線這類節拍穩定的場景。原本這段是司機開叉車兩班倒往返。
cn_19	Axera Semiconductor Co Ltd	https://www.axera-tech.com	愛芯元智，端側 AI 視覺芯片	攝影機畫面要整路傳回機房集中分析，頻寬與伺服器成本全壓在後端	客戶是安防攝影機與邊緣盒子的模組廠、方案商，以及整車廠的前裝項目。晶片裝在攝影機裡就地把畫面算完——認人臉車牌、數人流、判斷有無闖入，只把結果傳回後端。原本畫面要整路傳到機房伺服器集中分析，頻寬與伺服器成本都壓在後端。
cn_190	Hangzhou Arcvideo Tech Co Ltd	https://www.arcvideo.com	當虹科技，視頻編碼	台裡靠專用硬體編碼器轉節目訊號，換一種碼率或格式就得換一台機器	客戶是電視台與廣電網絡、電信運營商、體育賽事機構和軍工單位。做的是把一路節目訊號轉成多種碼率與格式，讓手機、機上盒與網頁都播得動，賽事直播還得在幾秒內完成 4K 轉碼。原本台裡靠專用硬體編碼器，換規格就得換機器。
cn_192	Hangzhou Linx Robot Intelligent Technology	（無官網）	靈西機器人，3D 視覺	不同尺寸的紙箱混合碼垛只能靠人搬，固定程式的碼垛機一換箱型就不行	客戶是食品飲料、醫藥與日化的倉庫和產線。3D 相機拍一眼堆疊的紙箱，算出每箱的位置與姿態，指揮機械手把不同尺寸的箱子混合碼到同一個托盤上，或從托盤上逐箱拆下。原本混合碼垛得靠人搬，或用只能處理單一箱型的固定程式碼垛機。
cn_195	Haomo.ai (毫末智行)	（無官網）	長城汽車孵化的智駕公司	從車廠智駕部門分拆出來，按算力分三檔把高速領航與自動泊車前裝上車，近年已收縮	從長城汽車的智駕部門分拆，長城既是股東也是最大客戶。HPilot 按算力分三檔前裝在長城車型上，做高速領航與自動泊車，靠量產車回傳的數據迭代；另做末端配送小車。2024 年後傳出裁員與收縮，對外動態與官網訪問均已中斷。
cn_196	HBIS Group Co Ltd	https://www.hbisco.com	河鋼集團，鋼鐵央企	賣板材、型材與鋼軌給車廠家電廠和基建工程，模型用在轉爐吹煉時判斷何時停吹	客戶是汽車、家電廠與基建工程，買的是板材、型材與鋼軌——車廠要能衝壓不開裂的薄板，家電廠要鍍層均勻的表面。智能煉鋼用在轉爐吹煉：判斷何時停吹、加多少合金才打得到目標成分。原本靠爐前工看火焰顏色加取樣化驗，不準就來回補吹。
cn_2	51WORLD (五一視界)	https://www.51aes.com	數字孿生與仿真平台，用於城市、工業和自動駕駛仿真	鬼探頭、匝道匯入、暴雨夜間這類場景難得遇上，演算法只能等真車上路才驗	客戶是車企的自駕團隊、城市與園區管理方、能源與交通單位。車企用 51Sim 把難得遇上的場景——鬼探頭、匝道匯入、暴雨夜間——批量生成出來反覆跑，算法不必等真車上路才驗證。城市側則把街道與管線做成可查可推演的三維底圖。
cn_20	Baichuan Robotics (百川智能機器人)	https://www.baichuan-ai.com	王小川創辦的百川智能，大模型公司，聚焦醫療	門診幾分鐘裡醫生只能口述交代，患者看不懂檢查報告只好自己上網搜	重心已收到醫療。產品給醫院、醫生與患者三端用：幫醫生在門診時依主訴補問診、整理病歷與擬定鑑別診斷；患者端的百小應則解釋檢查報告看不懂的地方、指引該掛哪科。原本這些靠醫生在幾分鐘門診裡口述，或患者自己上網搜。
cn_200	Hisense Group	https://www.hisense.com	海信集團，家電與顯示	賣電視與冰洗空調給消費者，海外靠收購來的品牌出貨，另做城市號誌與醫用顯示設備	賣電視與冰洗空調給消費者，海外靠收購來的東芝映像、gorenje 與 ASKO 出貨。另一塊是 B 端：智慧交通做城市路口的信號配時與公交優先，醫療業務做超聲與手術顯示設備，賣給交警支隊和醫院。星海模型裝進電視做語音對話。
cn_201	Hiwing Aviation Gen Equip Co Ltd	（無官網）	航天科工無人機	產出的無人機一邊賣給軍方與境外客戶做偵察打擊，一邊飛進雲層播撒催化劑人工增雨	航天科工體系內的無人機單位，產出飛鴻系列。軍用型由軍方與境外客戶採購做偵察與打擊；民用型最具體的用途是人工影響天氣——旱季飛進雲層播撒催化劑增雨，能作業的天氣條件比有人機寬。另承擔應急通信中繼與物資投送機型。
cn_202	Honor	https://www.honor.com	榮耀，智能手機	賣中高階手機給消費者，並延伸到電腦平板與穿戴，機上的智能體能代為跨程式操作	賣中高端手機給消費者，在中國與歐洲、東南亞倚重線下門市，並延伸到 PC、平板與穿戴。YOYO 智能體做的是跨 App 代操：一句話讓它打開外送 App 照上次的口味訂咖啡，或在相簿裡挑圖排版成海報，原本這些得逐個 App 點進去操作。
cn_203	Horizon Robotics	https://www.horizon.auto	地平線，智駕芯片與算法	車上要認車道線、行人與紅綠燈，車企得自建感知團隊還得另找算力晶片	客戶是車企與 Tier1，按征程晶片出貨量與算法授權收費。晶片裝在車上處理攝影機畫面，認車道線、行人與紅綠燈；中低階型號主要做高速領航與泊車，HSD 則是連軟體一起交付的城區輔助駕駛方案，供車企省下自建感知團隊。
cn_204	Huadian Electric Power Res Institute	（無官網）	華電電科院	不對外接單，替集團旗下電廠做設備診斷與性能測試，判斷異常出在哪、排放是否達標	服務對象主要是華電集團旗下的火電、水電與新能源電廠。工作是幫電廠做設備診斷與性能測試：機組振動或汽輪機效率異常時判斷問題出在哪、環保設施排放是否達標、大修前後做性能驗收。原本這些靠電廠檢修班憑經驗判斷。
cn_205	Huawei	https://www.huawei.com	華為，通信與終端巨頭，全棧 AI	從基站、伺服器到手機都做，模型在客戶機房裡微調，智駕則整套賣給車企	買家是電信運營商、政企與消費者。運營商買基站與傳輸設備；政企買昇騰伺服器與盤古的行業版本——電力用來從巡檢影像判缺陷、礦山用來識別違規作業，模型在客戶機房內微調。乾崑智駕則整套賣給車企，由問界等品牌車型搭載。
cn_207	Humanoid Robot Shanghai Co Ltd	（無官網）	國地共建人形機器人創新中心	做人形機器人的團隊原本得自己從關節結構與控制框架設計起，也沒有統一的測試場	不賣量產機器人。產出是開源的青龍公版機——硬體結構與軟體包公開，讓團隊不必從零設計關節與控制框架；另運營 OpenLoong 社區，提供訓練場、測試驗證與數據採集，讓各家機器人在統一場景裡累積動作數據。
cn_208	Hunan Exceed Robot (湖南超能機器人)	（無官網）	機器人企業		
cn_21	Baidu Inc	https://www.baidu.com	搜索與 AI 巨頭，自研文心大模型，佈局自動駕駛	收入主力仍是搜索廣告，模型透過自家雲端賣給企業，另有在武漢等地載客的無人車隊	搜索廣告仍是主要收入，付錢的是投放的商家。AI 側分三塊：文心模型透過百度智能雲賣給企業做客服、文案與知識庫問答；蘿蔔快跑在武漢等地載客，乘客用 App 叫無人車；崑崙芯自用於雲上推理並對外供貨，客戶多是要國產算力的政企。
cn_210	Hunan Shibite Robot Co Ltd	（無官網）	視比特，3D 視覺機器人	鋼板分揀與包裹拆垛得靠治具固定工件或人工彎腰搬，來料一亂就抓空	客戶是鋼鐵、汽車零部件與物流的產線。3D 相機先掃出工件或包裹的實際位置與姿態，再引導機械手去抓——鋼板分揀、產線上下料、快遞包裹拆垛掃碼。原本這些位置得靠治具把工件固定死，或由工人彎腰逐件搬運分揀，來料一亂機械手就抓空。
cn_211	Idriverplus (智行者)	https://www.velobotics.cn	低速無人駕駛與環衛機器人	園區道路與人行道的清掃灑水，原本是清潔工推掃地車或開小環衛車輪班	買家是環衛公司與園區、景區的物業。蝸小白在園區道路與人行道上自己跑，沿固定路線清掃、灑水，垃圾滿了回停靠點卸料，途中避開行人與車輛。原本這段是清潔工推掃地車或開小型環衛車輪班。官網已改掛 Velobotics 品牌。
cn_212	iFLYTEK Co Ltd	https://www.iflytek.com	科大訊飛，語音與大模型	產品分教育與醫療兩塊：學校與家長買課堂系統和學習機，醫生看診時口述就把病歷填好	付錢的是教育局與學校、家長、醫院與政務單位。醫院端最具體：醫生看診時口述病歷，系統即時轉成文字填進病歷欄，基層醫生開單時再比對指南提示漏診。學校端則賣智慧課堂與學情分析，家長端賣學習機。星火模型重點做國產算力適配。
cn_213	Inceptio Technology	https://www.inceptio.ai	嬴徹科技，幹線物流自動駕駛重卡	京滬這類夜間長途，司機得長時間盯路，油耗高低還取決於個人駕駛習慣	客戶是快遞快運與合同物流企業。搭載軒轅系統的重卡跑固定高速幹線——夜間京滬這類長途，系統在高速上維持車距與車道，減輕司機長時間盯路的負擔，油耗靠預測性巡航壓低。收費分兩種：賣系統授權給車企，或自營運力按運費跟貨主結算。
cn_214	Industrial and Commercial Bank of China	https://www.icbc.com.cn	工商銀行，全球最大銀行之一，自研金融大模型	做企業與個人存貸生意、靠利差賺錢的金融機構，自研系統供行內盡調與客服使用	客戶是企業與個人存貸戶，收入主要來自利差。智湧模型面向行內員工：客戶經理寫盡調報告時由系統把財報、徵信與輿情彙整成初稿，客服坐席接電話時螢幕上浮出應答建議，開發人員用它生成程式碼。另把系統與算力輸出給中小金融機構。
cn_215	INF Technology Shanghai Co Ltd	https://www.infly.cn	無限光年，金融大模型	投研與風控人員得逐份翻閱財報公告研報，人工整理數字	客戶是銀行、券商與保險公司的投研和風控部門。用途是讓模型讀財報、公告與研報後回答問題、生成分析摘要，並以符號推理與知識圖譜核對數字，避免金融場景無法接受的幻覺。原本這些資料要由分析師逐份翻閱後人工整理。
cn_217	Inspur Group	https://www.inspur.com	浪潮集團，服務器與雲	智算中心要開訓，得自己逐台拼裝機櫃、液冷與供電，或整批向國外品牌採購	買方是互聯網公司、電信運營商與地方智算中心。典型交易是整機櫃交付數十台 GPU 伺服器，含液冷、供電與集群調度軟件，到場即可開訓。以往這類集群多向國外品牌採購，或由系統集成商逐台拼裝調試。
cn_218	INTELLIFUSION	https://www.intellif.com	雲天勵飛，視覺芯片與城市 AI	路口與終端要認人認車，畫面全回傳雲端既吃頻寬又慢，辨識得能在設備上完成	早期客戶是地方公安與城市管理單位，把人臉、車輛比對演算法裝進路口攝影機，取代人工調閱錄影逐格找人。近年改賣邊緣 AI 晶片與模組給攝影機、終端設備廠商，讓辨識在設備端完成而不必全部回傳雲端。
cn_22	Bairongzhixin Beijing Technology Co Ltd	https://www.brgroup.com	百融雲創，金融風控與營銷	小銀行審一筆貸款靠信貸員查徵信報告、打電話核實，防不住騙貸	客戶是銀行、消費金融公司與保險公司的信貸審批和獲客部門。申請人提交貸款時，系統即時回傳風險評分與反欺詐判斷，機構也能在平台上用自有數據訓練模型、做貸後監控。以往這些判斷靠信貸員查徵信報告和電話核實。
cn_220	iSoftStone	https://www.isoftstone.com	軟通動力，IT 服務	主要收入來自派工程師駐點到大客戶做開發、測試與運維，按人天計費	主要收入來自派工程師駐點到華為等大客戶，承接軟件開發、測試與系統運維，按人天計費。天璇平台則賣給要導入大模型的企業，把多家模型接成統一介面，讓 IT 部門不必自己搭推理環境就能編排智能體。
cn_221	Jack Technology Inc	https://www.chinajack.com	傑克科技，縫紉設備與智能製造	換一批布料就得請老師傅憑手感試縫調針距與線張力	買方是成衣、鞋包與家居製品工廠的車間主管。縫紉機上的晶片依面料厚薄自動調整針距與線張力，過去要靠老師傅憑手感試縫調機，換一批布料就得重調。近年連裁床與吊掛輸送一起賣，把單機採購變成整條產線的改造。
cn_222	JAKA Robotics (節卡機器人)	https://www.jaka.com	協作機器人	傳統機械臂得架安全圍欄佔地，改一道工序還要請集成商重寫程式	客戶是汽車零部件、3C 電子與半導體工廠，用來做機台上下料、鎖螺絲與檢測搬運。手臂可與作業員同一工位，省掉傳統機械臂必須架的安全圍欄；產線技術員拖著手臂走一遍就能記下軌跡，不必再請集成商寫程式。
cn_223	JD Logistics Robotics (京東物流機器人)	（無官網）	京東物流的倉儲與配送機器人	出貨旺季揀貨員推車在幾萬平方米倉庫裡來回走找貨位	先服務京東自家倉庫：搬運 AGV 把整座貨架送到揀貨台前，穿梭車存取料箱，機械臂分揀包裹，取代揀貨員推車在幾萬平方米貨架間來回走動。設備在自家倉驗證後，再連同倉儲自動化方案賣給有大量訂單要出貨的企業。
cn_224	JD.COM	https://www.jd.com	京東，電商與零售，自研言犀大模型	自營的線上商城，貨從自建倉庫出、由自家配送員送達，模型用在客服與備貨預測	自營電商，向消費者賣 3C、家電與日用品，貨從自建倉庫直接送出，配送員隸屬自家物流。言犀模型用在站內客服與售後，讓機器人先處理退換貨、催件這類重複詢問，也用來預測各地倉庫備貨量，這原本由客服坐席和採購逐筆判斷。
cn_227	Jingdong Technology Information Technology	https://www.jdt.com.cn	京東科技	把集團自用的雲平台、供應鏈與風控技術打包對外賣，買方是銀行、政府與企業	把京東自用的雲平台、供應鏈系統與風控技術打包賣給外部：銀行買信貸審批與貸後管理系統，政府買城市與產業數字化項目，企業買採購與支付服務。這些系統過去由銀行自建 IT 團隊或向傳統軟件商採購。
cn_23	Banma Network Technology Co Ltd	https://www.ebanma.com	斑馬智行，阿里與上汽合資的智能座艙系統	車廠要做車機軟體得從作業系統底層做起，外購主機功能固定改不動	客戶是車廠的座艙開發部門，主要供上汽系與部分大眾車型。車廠把整套車機軟件外包進來，含語音、導航、應用商店與多螢幕分屏，不必自己從作業系統底層做起。以往車機多是 Tier1 供應商附帶的導航主機，功能固定、難以更新。
cn_230	KEENON Robotics (擎朗智能)	https://www.keenon.com	商用服務機器人	服務生整晚在出菜口和桌間來回端盤收盤，走掉大半班時	賣或租給餐飲連鎖、酒店和醫院。機器人在走道和桌間自主避障，把出菜口的餐點送到桌號、再把髒盤收回後場，省掉服務生整晚來回端盤的路程；酒店版則送毛巾和外賣到房門口。門店多按月租計費。
cn_231	Kepler Robotics (開普勒機器人)	https://www.gotokepler.com	人形機器人	工廠與倉庫裡搬箱、上下料這類重複體力活招不到人，能頂一個工位的整機還沒出現	瞄準工廠和倉庫裡搬箱、上下料、巡檢這類重複體力活，強調自研關節與靈巧手把整機成本壓低。目前沒有量產出貨，收入來自車廠、物流園區買樣機做示範和測試，機器人多在固定場地演示特定動作，而非真的頂替一個工位。
cn_232	Kimi (Moonshot AI)	https://www.moonshot.cn	月之暗面，長文本與智能體大模型	要從幾百頁的合約、研報或論文裡找一個答案，過去只能整份逐頁翻	面向個人的 Kimi 助手最常見的用法，是把幾百頁的合約、研報或論文整份丟進去問答與摘要，省掉逐頁翻找；開發者則按 token 呼叫 API，把同樣能力接進自家產品。旗艦模型開放權重，企業可下載後在自己機房部署。
cn_233	Kling AI	https://kling.ai	快手旗下視頻生成	幾秒的廣告鏡頭原本得實拍、外包剪輯或做三維動畫	用的人多是短影音創作者、廣告和電商團隊：輸入一段文字或一張商品圖，就生出幾秒到十餘秒的鏡頭，拿來當廣告素材、分鏡樣片或片頭。這些畫面原本得實拍、外包剪輯或做 3D 動畫。個人按會員月費，企業按 API 呼叫量計費。
cn_234	Kuaishou Technology	https://www.kuaishou.com	快手，短視頻平台，自研可靈與快意模型	一邊是刷影片看直播的觀眾，一邊是買曝光的廣告主與帶貨主播，模型撐起推薦與審核	短視頻與直播平台，收入來自廣告主買信息流曝光、觀眾給主播打賞，以及直播間帶貨抽成。自研的快意模型撐起站內推薦、內容審核與客服對話，可靈則讓創作者不必實拍就產出影片素材，另外單獨向使用者和企業收費。
cn_235	Leju Robotics (樂聚機器人)	https://www.lejurobot.com	人形機器人	實驗室想研究步態與運動控制，得先自己造一台雙足硬件	主要買家是高校和研究所：實驗室買整機當運動控制、步態演算法的實驗平台，省去自己做雙足硬件；另一類是地方國企的示範專案和展會、文旅場館租去做迎賓表演。早期的小型人形則賣給學校當競賽和教學套件。
cn_236	Lenovo	https://www.lenovo.com.cn	聯想，PC 與服務器，推 AI PC	主要賣個人電腦給企業採購與一般消費者，機房設備與代管服務是另外兩塊收入	主要生意是賣個人電腦給企業採購部門和個人消費者，另有伺服器、儲存設備賣給資料中心，以及代管 IT 的方案服務。AI PC 的賣點是把模型跑在本機，天禧智能體能記住使用者習慣、拆解指令後代為操作應用，藉此推動換機。
cn_237	Li Auto	https://www.lixiang.com	理想汽車，新能源車企，自研 VLA 智駕	有小孩的家庭要一台座位寬敞、跑得了長途的車，早年純電車里程不夠、充電樁也難找	向家庭買家賣增程與純電休旅車，門市和交付中心直營、不經經銷商。自研的 MindVLA 把攝影機畫面、語言指令和駕駛動作放進同一個模型，車主可以用一句話讓車自己找車位停好；輔助駕駛與座艙軟體靠 OTA 逐版更新。
cn_238	LimX Dynamics (靈犀機器人)	https://www.limxdynamics.com	逐際動力，足式與人形機器人	要比較不同足端構型的控制演算法，得為每種各造一台機器人	賣給大學實驗室和機器人開發者：TRON 1 能換點足、足式、輪足三種足端，研究者在同一台機器上比較不同運動控制演算法，不必為每種構型各做一台硬件。人形機型則供想做具身智能研究、但不想自行造機的團隊當本體。
cn_239	MagicLab	https://www.magiclab.top	人形機器人	由掃地機器人廠商孵化，先讓機器在自家產線搬運上料，邊做邊採回訓練用的動作數據	由掃地機器人廠商追覓孵化，先把人形與四足機器人放進自家工廠產線，用真實搬運、上料的過程採集動作數據回來訓練。對外賣給要做展廳接待、導覽的商用客戶和工廠的示範專案，收入仍以專案和樣機為主。
cn_24	Baoshan Iron Steel Co Ltd	https://www.baosteel.com	寶鋼股份，鋼鐵央企，AI 用於煉鋼與質檢	按長期合約供高端板材給車廠與家電廠，模型全部自用在高爐參數與表面檢測	賣汽車外板、電工鋼這類高端板材給車廠和家電廠，按長期合約供貨。AI 全部自用：高爐與軋線的溫度、配料參數由模型即時調整，帶鋼表面的裂紋與夾雜靠視覺檢測挑出，這原本由老爐長憑經驗判斷、由質檢員盯著鋼捲目視挑瑕。
cn_240	Maxvision Technology Co Ltd	https://www.maxvision.com.cn	智能安防	口岸每個窗口要配一名邊檢員逐本驗護照核對人臉，旅客排長隊	客戶是海關、邊檢和機場：賣口岸的自助查驗通道，旅客刷證件、拍臉就自動放行，取代每個窗口配一名邊檢員逐本驗護照；另有車輛底盤掃描和貨櫃查驗設備。多為政府標案、按項目驗收計價，近年把同一套視覺演算法賣進園區門禁。
cn_241	MCC Jingcheng Digital Technology Beijing	（無官網）	中冶京誠數字科技	母公司替鋼廠做工程設計，這家把製程知識做成控制、排程與能源管理軟件賣回去	母公司替鋼廠做工廠設計與工程總包，這家子公司把那些製程知識做成軟件賣回去：鋼廠的產線控制系統、生產排程與能源管理，以及地方政府的市政項目數字化。買方多是集團體系內或長期合作的鋼鐵企業，屬項目制交付而非標準產品。
cn_242	Mech-Mind Robotics (梅卡曼德機器人)	https://www.mech-mind.com	3D 視覺與機器人智能	雜亂堆疊的零件得先人工整列或靠治具定位，位置一變就抓空	客戶是工廠的自動化工程師與系統集成商。相機裝在機械臂上方拍出點雲，軟件算出雜亂堆疊的零件或紙箱各自的位置和角度，機械臂才知道該從哪抓。沒有這層視覺時，來料必須先由人工整列或靠治具定位，位置一變就抓空。
cn_243	MEGVII (曠視)	https://www.megvii.com	曠視科技，計算機視覺	做影像辨識起家，現在收入一塊來自政府與園區的視頻分析，一塊來自倉儲自動化交付	早期靠 Face++ 的人臉比對接口賣給手機解鎖、支付與安防客戶。目前收入主要兩塊：地方政府與園區的視頻分析系統，以及倉儲自動化——把視覺、調度軟件連同搬運機器人一起交付給物流和製造企業的倉庫，取代人工清點與搬運。
cn_244	Meitu Inc	https://www.meitu.com	美圖，影像軟件與 AI 生成	消除路人、換背景、做商品場景圖，原本得一層層修或外包修圖師	使用者是自拍修圖的個人，以及做商品圖的小型電商和設計者。訂閱制解鎖的是消除路人、換背景、生成商品場景圖與 AI 寫真這類功能，原本要開 Photoshop 一層層修，或外包給修圖師。企業版賣給需要大量出圖的電商團隊。
cn_245	Meituan	https://www.meituan.com	美團，本地生活平台，自研 LongCat 大模型	一邊是餐廳、旅館與各類門店，一邊是下單的消費者，抽佣和廣告位是主要收入	平台一邊是餐廳、旅館與各類門店，一邊是下單的消費者，抽佣和賣廣告位是主要收入。AI 最吃重的地方在調度：每筆外賣要算出交給哪個騎手、怎麼把順路的幾單串成一趟，這件事原本靠站長人工派單。無人機與無人車試著接下部分配送段。
cn_246	Metallurgical Automation Res Design Institute	（無官網）	冶金自動化研究設計院	替鋼廠的軋線與煉鋼爐設計控制系統並到現場調試，也負責制定行業標準與檢測規範	服務對象是國內鋼廠的產線改造項目：替軋線、煉鋼爐設計自動化控制系統並負責現場調試，也承擔冶金行業的自動化標準與檢測規範制定。產出多是專案交付和標準文件，而非可直接採購的產品，任務來源常是集團內部或政府課題。
cn_247	MicroPort MedBot (微創醫療機器人)	https://www.medbotsurgical.com	手術機器人	醫師得站在手術台旁長時間手持腔鏡器械，靠平面影像做精細縫合	賣給三甲醫院的泌尿、胸外與婦科手術團隊。醫師坐在控制台看 3D 影像操作手柄，四支機械臂在患者腹腔內完成切割縫合，取代醫師站在手術台旁長時間手持腔鏡器械。已有機型拿到註冊證並裝進醫院，但裝機數量仍少。
cn_248	Midea Group	https://www.midea.com.cn	美的集團，家電與機器人（控股庫卡）	本業是把空調、冰箱、洗衣機賣進家庭，控股的德國機械臂廠供貨給汽車與電子廠	本業是把空調、冰箱、洗衣機賣進家庭與工程渠道。控股的庫卡供六軸機械臂給汽車與電子廠，做焊接、塗裝、上下料，買方是產線規劃工程師；集團同時把這些機械臂和排程軟件用回自家家電工廠，做成可對外複製的工廠自動化方案。
cn_251	MINIEYE (小覓智能)	https://www.minieye.cc	佑駕創新，ADAS 與智駕	中低價車型想上高速領航與記憶泊車，車廠自建團隊養不起，只能外購隨車搭載的方案	客戶是車廠的智駕項目組，方案隨量產車型出廠、按搭載台數收費。早期做商用車的車道偏離預警和駕駛員疲勞監控攝影機，賣給車隊管理者；現在主力是乘用車的行泊一體，高速領航、城區變道與記憶泊車由同一顆晶片處理。
cn_252	MiniMax	https://www.minimax.cn	多模態大模型	收入大半來自海外個人用戶的角色對話與影片生成訂閱，另開放平台讓開發者按量呼叫	收入大半來自海外的個人用戶：Talkie 讓使用者和自建的角色持續對話、按訂閱和虛擬道具付費，海螺視頻則賣影片生成。另一條線是開放平台，開發者按 token 呼叫文本、語音與影片模型，把配音、對話能力接進自己的應用。
cn_253	Mobvoi	https://www.chumenwenwen.com	出門問問，語音交互與 AIGC	短影音與有聲書要旁白得找配音員進錄音室，改一句稿就得重錄	魔音工坊的使用者是短影音、有聲書和廣告的內容製作者：貼上腳本就生成旁白，也能錄幾分鐘樣本複製出自己的聲音，之後改稿不必重錄，取代找配音員進錄音室的流程，按字數或會員訂閱計費。早期的智能手錶硬件業務已大幅萎縮。
cn_254	Momenta	https://www.momenta.cn	智駕算法公司，與多家車企量產合作	車廠想讓量產車能高速領航、在城區跟車變道，自建等於從頭養一支數百人的軟體團隊	客戶是車廠：同一套感知與規劃軟體隨量產車型出廠，按搭載台數收費，負責高速領航、城區跟車變道與自動泊車。車廠若自建等於要從頭養數百人的演算法部門。另一條線把相同演算法放進自營的無人計程車，在特定城市載客運營。
cn_256	Nanjing Silicon Intelligence Technology	（無官網）	硅基智能，數字人	直播間得排主播整夜守著講商品，回訪外呼也要一排話務坐席	賣給電商直播、保險和運營商的營銷與客服部門。錄幾分鐘真人影像和聲音後複製成數字人，能整夜不間斷直播介紹商品，或用合成語音批量外呼回訪，取代排班的主播和話務坐席。按數字人帳號數或通話分鐘計費。
cn_261	Narwal Robotics (雲鯨智能)	https://www.narwal.com	掃拖機器人	拖完地還得蹲著手洗髒拖布、倒污水，是早期這類家用機器最惱人的一段	賣給家庭使用者，走中高端價位，主要經由國內電商和海外渠道出貨。機器掃完地後自己回基站把拖布洗淨、烘乾並換水，使用者不必蹲著手洗髒拖布或每次倒污水——這是早期掃地機最惱人的一段人工，該品牌率先把自清潔基站做成標配。
cn_262	Neolix (新石器)	https://www.neolix.cn	L4 無人配送車	城市末端送貨每台車都要配一名司機，固定短程路線也攤不下成本	買方是快遞物流公司、商超和園區管理方。車在城市末端的固定路線上跑，把快遞從網點送到社區點位，或代替店員送貨上門，載重數百公斤、沒有駕駛座，取代廂型車配一名司機的模式。以整車銷售加運營服務收費，須在拿到路權的城市才能上路。
cn_263	NetEase	https://www.netease.com	網易，遊戲與互聯網	收入主要來自自營與代理的線上遊戲，模型多用在自家產品，從遊戲素材到學習機批改	收入主要來自自營和代理的線上遊戲，其次是有道的學習機、詞典筆與課程，以及雲音樂和嚴選。伏羲實驗室把 AI 用在遊戲內部：生成美術素材、讓 NPC 有反應，省掉外包和逐條寫腳本；子曰模型則進到學習機裡批改作文和陪練口語。
cn_264	NEURA Robotics China	（無官網）	德國 NEURA Robotics 中國業務	產線手臂要認出來料位置得外掛視覺系統，還得架圍欄隔開作業員	德國機器人廠商的中國業務，面向製造業的產線工程師與經銷渠道。MAiRA 手臂內建力覺與視覺感知，能自行辨識來料位置並與作業員同工位作業，省掉外掛視覺系統和安全圍欄；另有 4NE-1 人形機型，仍在開發驗證階段。
cn_265	Neusoft Medical Systems Co Ltd	https://www.neusoftmedical.com	東軟醫療，醫學影像設備	縣級醫院買不起進口的斷層掃描與磁共振機，壞了換球管還得等國外原廠排期	客戶是縣級醫院、體檢中心和新興市場的醫院採購：賣 CT、磁共振、超聲和 X 光機，價格低於進口品牌，成交後還牽涉安裝與長期維保合約。能自製 CT 球管這類核心部件，使機器壞件更換不必受制於國外原廠的排期與報價。
cn_268	NIO	https://www.nio.com	蔚來汽車，新能源車企，自研智駕芯片	電動車主出門得找樁排隊等充電，電池又佔掉大半車價	向買高價電動車的個人消費者直營銷售，同時自建換電站：車主開進站，機械把電池整塊換掉、幾分鐘走人，不必等充電，電池還可按月租與車身分開計價。自研的神璣晶片把原本外購的智駕算力換成自家的，NOP+ 負責高速與城區領航。
cn_269	Noetix Robotics (納米智能)	https://www.noetixrobotics.com	松延動力，小型人形機器人	學校要開具身智能課程與實訓，能跑能跳的雙足平台一台動輒上百萬	機器人約 120 公分、售價壓到數萬元人民幣，買的多是高校實驗室、職業院校和展演活動方：學校拿來當具身智能課程與研究的本體，展會和文旅場館租去做跑跳、空翻的互動表演。開發者也買來在現成硬件上改寫控制程式。
cn_27	Beijing Chehejia Automobile Technology	https://www.lixiang.com	理想汽車的運營主體，新能源車企	境內負責整車研發與製造，產品給有小孩的家庭，靠車上發電機補電跑沒樁的長途	集團在境內負責整車研發、製造與銷售的公司，工廠自建於常州。產品針對有小孩的家庭：增程式休旅車靠車上的發電機給電池補電，沒有充電樁的長途路線也能開，避開早期純電車的里程焦慮。之後才補上純電車型與自建充電網絡。
cn_270	NSFOCUS Technology Group Co Ltd	https://www.nsfocus.com.cn	綠盟科技，網絡安全	每天上萬條告警靠值班分析師一條條看日誌判真假，漏掉就出事	客戶是運營商、銀行和政府的安全運維部門，賣入侵檢測、抗 DDoS 與漏洞掃描設備，也派人做滲透測試和駐場運營。風雲衛模型接在告警流上，把每天上萬條告警初篩、串出攻擊鏈並給處置建議，原本由值班分析師一條條看日誌判真假。
cn_271	Nuclear Power Operation Res Shanghai Co	（無官網）	核電運行研究院		
cn_272	Nuctech Co Ltd	https://www.nuctech.com	同方威視，安檢設備	行李過機只看得到一張平面透視影像，可疑就得整箱打開翻	客戶是海關、機場、地鐵和邊境口岸。行李安檢 CT 用斷層掃描生成立體影像，查驗員能把行李在畫面裡轉動、分層查看並判斷液體與有機物，不必像傳統 X 光只看一張平面透視、可疑就開箱。近年被美國列入實體清單，歐美市場受限。
cn_273	Oceanalpha (雲洲智能)	https://www.oceanalpha.com	無人船	測水深採水樣得租船派人出海逐點量，淺灘與污染水域人還上不去	買方是環保、海事、水利部門和科研單位，多以項目採購成交。艇按規劃航線自主航行，一邊走一邊測水深、採水樣或掃描水下地形並回傳資料；原本這些工作要租船、派人出海拿儀器逐點測量，淺灘和污染水域更不適合人上船。
cn_274	OPPO	https://www.oppo.com	智能手機	主力市場在東南亞與歐洲，靠遍布縣鎮的線下門市面對面賣機，機上功能做通話摘要與修圖	賣手機給消費者，重心在東南亞、歐洲等海外市場，靠遍布縣鎮的線下經銷門市鋪貨，店員面對面成交仍是主要渠道。手機上的 AI 做通話摘要、修圖消除路人和跨應用的語音操作。自研晶片團隊哲庫已解散，處理器改回向外採購。
cn_275	Orbbec	https://www.orbbec.com.cn	奧比中光，3D 視覺傳感器	機器人與刷臉終端廠商要測距辨形，自研深度模組的光學標定投入很高	賣給機器人、服務終端和消費電子的硬件廠商，模組整顆出貨給對方裝進自家產品。深度相機讓掃地機、AMR 判斷前方物體的距離與形狀來避障定位，刷臉支付機則靠它分辨真人與照片。廠商若自行研製深度模組，光學與標定投入很高。
cn_276	Origin Quantum Computing Technology Co	https://originqc.com.cn	本源量子	做量子演算法驗證的研究者，原本只能排隊搶國外開放的雲端機時	買方是高校、科研院所和地方政府的共建項目：採購整機、測控系統，或買線上算力提交量子線路做演算法驗證。使用者多是量子計算與材料、化學方向的研究者，原本只能排隊使用國外廠商開放的雲端機時。商業化仍在早期階段。
cn_277	Pci Technology Group Co Ltd	https://www.pcitech.com	佳都科技，城市交通 AI	收入來自工程訂單，承接地鐵的信號、票務與安檢系統，也替交管做路口影像研判	客戶是地鐵業主和公安交管部門，收入來自工程訂單。承接地鐵的信號、票務與安檢系統集成，從設備選型到現場調試一併交付；另一塊把視頻分析接上路口攝影機，做車輛軌跡比對與擁堵研判，原本靠交警和監控室人員盯畫面。
cn_279	Petrochina Co Ltd	https://www.petrochina.com.cn	中國石油股份	從開採油氣、煉化到把成品油賣給加油站一條龍，模型全部自用在找油層與裝置調參	上游開採油氣、中游煉化、下游把成品油賣給加油站和工業客戶，是一條龍的供應體系。AI 全部用在內部：地震資料解釋找油層、油藏建模定井位、煉廠裝置的運行參數優化，這些原本由地質師逐條剖面人工解釋、老操作員憑經驗調參。
cn_28	Beijing DP Technology Co Ltd	https://www.dp.tech	深勢科技，AI for Science，做分子模擬與藥物、材料研發	研究員要從上萬種結構裡篩出候選，只能在自家小集群排隊，或靠實驗一批批試	客戶是藥企、材料與電池公司的研發部門，以及做計算的高校團隊。平台把分子動力學模擬搬到雲端算力上跑，研究員提交結構就能篩選候選分子、算材料性質，取代在自家小集群排隊或只能靠實驗一批批試。算力按使用量計費。
cn_280	Ping An	https://www.pingan.cn	中國平安，保險與金融科技	賣壽險、產險並經營銀行與資管，靠業務員與代理人成交，模型用在理賠定損與客服	本業是賣壽險、產險並經營銀行與資管，業務員與代理人是主要銷售渠道。AI 用在自家流程：車險理賠讓車主拍照上傳，模型判定損傷部位與金額，取代查勘員到現場定損；客服和催收先由語音機器人接，醫療線則做問診分診與健康管理。
cn_281	Powerchina Zhongnan Eng Corp Ltd	（無官網）	中國電建中南院	一座水電站選壩址要現場鑽探測水文、算淹沒範圍再出全套設計圖	隸屬中國電建的勘測設計院，發包方是電力集團與地方政府。典型工作是替一座水電站選壩址：做地質鑽探與水文測量、算淹沒範圍、出全套設計圖並跟到施工現場，近年同一套流程也用在風電、光伏與抽水蓄能項目。
cn_282	PSBC Consumer Finance Co Ltd	（無官網）	郵儲消費金融	上班族與個體戶借幾萬塊，銀行要面談看收入證明，小額根本不划算做	持牌消費金融公司，借款人多是銀行信用卡覆蓋不到的上班族與個體戶。申請全程在手機上完成，系統靠徵信、社保與行為數據在幾分鐘內定額度與利率；換作銀行分行要面談、看收入證明，小額貸款根本不划算做。
cn_283	Pudu Robotics (普渡科技)	https://www.pudurobotics.com	商用服務機器人	門店招不到服務生與清潔工，端盤收盤與夜間洗地仍得有人做	買家是連鎖餐飲、酒店與商場的營運方，多半因為招不到服務生或清潔工才導入。機器人把「從出餐口端到桌邊、收髒盤回後廚」這段純搬運的活接走，服務生留下點單與招呼；清潔機型則取代夜間外包的人工洗地班。
cn_284	QCraft (輕舟智航)	https://www.qcraft.ai	城市 NOA 智駕方案	中低價車型攤不起自建上百人的軟體團隊，演算法還得跟著每款車的晶片與感測器調校	客戶是車廠的智駕部門。車廠交來一款車型與既定的晶片、感測器配置，輕舟把演算法調校到能過量產驗證再交付，一款車通常談數月。自建智駕團隊要養上百人，中低價車型攤不起這筆錢，才外包給這類供應商。
cn_285	Qi An Xin Technology Group Inc	https://www.qianxin.com	奇安信，網絡安全	政企被監管要求自建資安運營中心，但單位裡往往只有幾個人兼著輪班盯告警	客戶是政府部門、銀行與能源央企的資安處，多因監管要求必須自建安全運營中心。賣的是設備加常駐人力：在客戶機房部署終端防護與流量偵測，再派工程師輪班盯告警、在攻防演練前排查漏洞。原本這些活由甲方幾名資安人員兼著做。
cn_286	Qihoo 360	https://www.360.cn	360 集團，網絡安全與互聯網	付錢的一邊是買瀏覽器與導航頁流量的廣告主，一邊是買威脅情報與駐場運營的政企	付錢的其實是廣告主與政企客戶：前者買瀏覽器、導航頁上的流量，後者買安全服務——360 手上有多年的木馬與網址樣本庫，賣的是用這批資料做的威脅情報與城市級安全運營中心。消費端的免費防毒與 AI 搜尋則是流量入口。
cn_289	Qiyuan Lab	（無官網）	啟元實驗室	國防方向的研發機構，不賣產品，把作戰推演做成可反覆對局的模擬環境供軍事院校用	國防與智能決策方向的新型研發機構，不賣產品，產出給軍事院校與科研單位使用。主要工作是把作戰推演的規則做成可訓練的模擬環境，讓演算法在裡面反覆對局並與人類棋手對抗，取代過去純靠人工在沙盤上推演、每局都要重排的做法。
cn_290	Rainbow UAV Technology Co Ltd	（無官網）	彩虹無人機科技	偵察到目標還得呼叫有人機低飛打擊，差了時間又賠上飛行員風險	買方是中東、非洲等國的軍方，透過軍貿渠道整批採購，通常連地面站、彈藥與操作訓練一起打包。用途是長時間在目標區上空盤旋偵察，發現車隊或人員後直接發射，省去呼叫戰機的時間差；這類任務原本要出動有人機或武裝直升機低飛。
cn_291	Reeman (銳曼智能)	https://www.reeman.cn	服務機器人與底盤	做整機的品牌不想自己開發定位避障那層，卻只能從零造移動底盤	賣的對象不是飯店或醫院本身，而是系統集成商與機器人品牌方：對方買走可自主導航的移動底盤或整機，貼上自己的牌、裝上櫃體或消毒模組再賣給終端。做整機的團隊多半不想自己開發定位與避障這層，於是直接採購現成底盤。
cn_292	Richfit Information Technology Co Ltd	（無官網）	中油瑞飛，中石油 IT	油田煉廠管道數據各存一套，地質師要資料得向各單位要格式不一的報表	客戶只有一個：中國石油的各油田、煉廠與管道公司。做的是把地震勘探、鑽井與生產數據收進同一套平台，讓地質師與工程師不必再向各單位要格式不一的報表。相關業務已整併進集團新設的昆侖數智，原品牌逐步淡出。
cn_293	Robint Technology (北京鋼鐵俠科技)	（無官網）	鋼鐵俠科技，人形機器人	高校做雙足步態研究，只能買進口平台或自己焊機構，週期以年計	買家幾乎都是高校實驗室與職業院校，採購目的是教學與科研：學生拿現成的雙足平台改控制演算法、做步態實驗，不必從零造一台機器。過去這類研究只能買進口平台或自己焊機構，週期以年計。公司連課程與實訓方案一起賣。
cn_294	Roborock (石頭科技)	https://www.roborock.com	掃地機器人	每週要蹲下來清一兩小時的地板，拖布還得自己洗、集塵袋自己倒	賣給一般家庭，主要通路在亞馬遜與歐洲電商，海外售價高於中國。解決的是每週要蹲下來掃地拖地一兩小時這件事：機器自己排路線、回基座倒塵洗拖布，人只需要偶爾換集塵袋。競爭點在誰能少卡在線材與門檻上、拖布洗得夠乾淨。
cn_295	RoboSense (速騰聚創)	https://www.robosense.ai	車載激光雷達龍頭	這類感測器早年一顆要價上萬美元，只裝得上測試車，量產車攤不起這個料錢	客戶是車廠的智駕團隊，在車型定點時就選定型號，之後要跟著整個生命週期供貨，比的是車規驗證、良率與能否把單價壓到人民幣千元級。另一條線賣給掃地機、物流車與人形機器人廠商做避障。早年這類雷達要價上萬美元，只裝得上測試車。
cn_296	ROBOTERA (星動紀元)	https://www.robotera.com	清華背景人形機器人	買家多半只買一兩台回去驗證機器能不能在自家流程裡連續工作，而非成規模替換人力	目前的買方是物流、製造與商業服務場景的企業，多半買一兩台回去驗證機器人能不能在自家流程裡連續工作，而非成規模替換人力。也單賣靈巧手與訓練動作策略用的工具鏈給其他研發團隊，這類團隊原本得自己做手部機構與資料採集。
cn_297	RockAI (矗石科技)	https://www.rockai.net	非 Transformer 架構大模型	設備斷網就只剩幾句固定指令，走雲端每次呼叫都要付推理費	賣給手機、PC、機器人與家電廠商：對方想在斷網、沒有雲端帳號的情況下也能用語音或對話操作設備，又不願每次呼叫都付雲端推理費。授權方式是把模型塞進對方的晶片裡隨硬體出貨。原本端側只能塞進做不了對話的小型指令辨識模型。
cn_298	ROKAE (珞石機器人)	https://www.rokae.com	工業與協作機器人	鎖螺絲打磨插線這類要控力道的工序，不是純手工就是做專機換款重開	買方是汽車零部件、3C 與新能源電池廠的製程工程師，通常為了一道特定工序而採購：例如把螺絲鎖付、打磨或插線這類需要控制力道的動作交給機械臂，工人改去看管多台設備。這種活過去要嘛純手工，要嘛做專機，換產品就得重新開模。
cn_299	Roobo / Unisound (儒博/雲知聲)	https://www.unisound.com	語音 AI 與醫療 AI	兩類買家：家電與車載廠商買的是讓設備聽懂指令的模組，醫院買的是病歷審核系統	兩類買家：一是家電與車載廠商的產品部門，買語音模組讓冷氣、油煙機聽懂指令，不必再配 App；二是醫院的病案科與臨床科室，系統邊看病歷邊挑出缺漏與不合規的寫法，原本這是病案室人工逐份抽查的工作。
cn_3	AgiBot Data (智元數據)	（無官網）	智元機器人旗下，做具身智能數據採集與數據集	訓練機器人操作策略要大量示範樣本，實驗室自己錄規模有限，也沒有統一格式	產出給訓練機器人操作策略的研究團隊使用，以開源下載為主。做法是在搭好的家居與零售場景裡，請操作員以遙操作反覆示範抓取、開抽屜、擺放等動作，錄下影像與關節軌跡並整理成統一格式。沒有這類資料，實驗室只能自行小規模採集。
cn_30	Beijing ESWIN Computing Technology Co	https://www.eswincomputing.com	奕斯偉，半導體與 AI 芯片	設備廠商用外國核心要付授權費又怕斷供，換架構卻缺現成軟體工具鏈	賣給做智慧音箱、攝影機、工控盒與機器人主控板的設備廠商。這些客戶原本用 Arm 核心方案，改用的動機多半是避開授權費與供應鏈風險。奕斯偉把處理器核心連同作業系統與編譯工具鏈一起交付，因為 RISC-V 的端側軟體生態還不完整。
cn_301	SAIC GM Wuling Automobile Co Ltd	https://www.sgmw.com.cn	上汽通用五菱	三四線城市與縣城的家庭要一台接送小孩買菜的車，原本開的是電動三輪或二手小車	買車的人多半住在三四線城市與縣城，用途是接送小孩、買菜與短途通勤，取代的其實是電動三輪車與二手燃油小車，而不是家裡第一台車。另一大塊收入來自賣給個體戶的微型貨車與麵包車。智駕不自研，向卓馭等供應商採購。
cn_302	Sangfor Technology Co Ltd	https://www.sangfor.com.cn	深信服，網絡安全與雲	學校醫院資訊科只有幾人要管全院網路機房與上百台終端，請不起資安團隊	客戶是政府、學校、醫院與中大型企業的資訊科，往往只有幾個人要管全院的網路、機房與上百台終端。深信服把防火牆、上網行為管理與虛擬桌面做成開箱即用的盒子，由全國渠道商上門安裝維護；這類單位請不起專職資安團隊。
cn_304	SenseTime (商湯科技)	https://www.sensetime.com	計算機視覺與大模型	要訓練或推理卻不想自建機房的企業，按時數租用叢集並請人代為調優	現在主要的客戶是需要訓練或跑大模型、自己不建機房的企業與研究團隊，按算力時數租用商湯的 GPU 叢集，並請商湯代為調優。另一條線把智駕方案賣給車廠。早期靠賣人臉識別給公安、園區與銀行做門禁與布控，這塊收入已不是重心。
cn_305	SF Technology	https://www.sf-tech.com.cn	順豐科技，物流 AI	分揀中心要在幾小時內定出每件包裹的路由與車輛人力，原本靠人排	最大的使用者是順豐自己：分揀中心要在幾小時內決定每件包裹走哪條路由、調多少車與人力，系統把歷史流量與當日訂單算出排班與車輛調度。客服與清關這類原本靠人逐票回覆、逐單填表的環節也交給模型初篩。
cn_306	Shanghai Aerospace Computer Technology Research	（無官網）	航天科技集團計算機研究所		
cn_307	Shanghai Bilibili Technology Co Ltd	https://www.bilibili.com	嗶哩嗶哩，視頻社區	收入來自手遊儲值、會員與打賞，自研模型不對外賣，只用在站內字幕與推薦	收入來自玩家在自家代理的手遊裡儲值、用戶買大會員與給主播打賞，以及廣告主買站內曝光。自研模型不對外賣，用在站內：替沒有字幕的影片自動生成字幕與配音、判斷投稿內容該推給誰，以及讓 UP 主省去逐句聽打的工夫。
cn_308	Shanghai Constr No 4 Group Co Ltd	（無官網）	上海建工四建	承接醫院、學校與辦公樓的施工總包，另一塊專長是原始圖紙多已遺失的老建築修繕	發包方是上海的政府與開發商，承接醫院、學校、辦公樓的施工總承包，另一塊專長是歷史建築修繕——外牆與結構要按原樣復原，原始圖紙多半已遺失。做法是先掃描現狀建成 BIM 模型，在模型上核對管線碰撞與施工順序。
cn_309	Shanghai Electric Group Co Ltd	https://www.shanghai-electric.com	上海電氣，裝備製造	一筆訂單就是一座電廠的主機，鍋爐與汽輪機整套供貨安裝，之後靠備件與檢修合約收費	買方是五大電力集團與海外電站業主，一筆訂單就是一座電廠的主機：鍋爐、汽輪機或風機整套供貨並負責安裝調試，之後靠長年的備件與檢修合約持續收費。AI 用在判斷軸承與葉片何時該檢修，取代按固定週期停機拆檢的做法。
cn_31	Beijing Eyecool Technology Co Ltd	https://www.eyecool.cn	眼神科技，多模態生物識別	金庫與櫃員授權靠刷卡加密碼，卡會借密碼會傳，查不出是誰本人	客戶是銀行的科技部、公安與機場，採購理由多半是監管或內控要求「人證合一」。典型場景是櫃員與金庫的雙人授權、用虹膜或指靜脈取代 ATM 密碼，以及把多個舊系統的登入統一起來。過去這些環節靠刷卡加密碼，卡會借、密碼會傳。
cn_310	Shanghai Fourier Intelligence Co Ltd	https://www.fftai.com	傅利葉，康復與人形機器人	中風病人要做成千次重複的肢體訓練，治療師得一對一扶著做完療程	原本的客戶是醫院復健科與康復中心，買的是帶機械臂的訓練設備，讓中風病人做重複的上下肢動作訓練，省去治療師一對一扶著做整個療程。人形機器人這條線目前賣給高校與研究機構，買家要的是一具能跑自己控制程式的雙足本體。
cn_311	Shanghai Icekredit Information Technology	https://www.icekredit.com	冰鑑科技，金融風控	銀行只看得到行內存款與還款紀錄，判斷不了申請人在別處借了多少	客戶是銀行與消費金融公司的風控部。銀行要放一筆幾萬元的小額貸款，行內數據只有存款與還款紀錄，判斷不了申請人在別處借了多少，於是外購第三方評分，模型嵌進審批流程直接出分。過去靠信貸員逐份看徵信報告人工判斷。
cn_312	Shanghai Intsig Information Co Ltd	https://www.intsig.com	合合信息，文字識別	合約發票筆記要變成能搜尋的檔案，得跑一趟影印店用平台掃描器	少見地主要向個人收錢：學生、業務與行政人員訂閱掃描 App，把合約、發票、筆記拍成能搜尋的 PDF，取代跑一趟影印店用平台掃描器。企業端把同一套辨識能力做成 SDK 賣給銀行與保險，用在開戶讀證件、理賠讀單據。
cn_319	Shanghai Suiyuan Technology Co Ltd	https://www.enflame-tech.com	燧原科技，雲端 AI 訓練與推理芯片	進口加速卡拿不到貨，換國產卡原本的模型程式得整套重寫	買家是地方智算中心、運營商與互聯網公司的基礎設施團隊，採購動機往往是進口加速卡拿不到貨或受出口管制。難處不在硬體而在軟體：客戶的模型原本都寫在 CUDA 上，要能遷過來才算數，所以連編譯器與算子庫一起交付。
cn_320	Shanghai Tunnel Eng Co Ltd	（無官網）	上海隧道股份	市區要挖一段地鐵過去只能明挖，還得盯住地表沉降以免壓壞上方建築	發包方是各地的軌道交通公司與市政部門。典型工程是在城區地下用盾構機掘出一段地鐵區間，邊挖邊拼管片，同時監測地表沉降以免影響上方建築；過去只能明挖，市區裡幾乎做不到。盾構機本身也自製，另承接隧道的檢測與養護。
cn_321	Shanghai Wuwen Xinqiong Intelligent Technology	（無官網）	無問芯穹，異構算力調度與推理優化	機房裡混著好幾個品牌的加速卡，同一個任務換卡就得重寫重測	客戶是手上混著好幾種加速卡的智算中心與企業 IT。早年買的 NVIDIA、後來補的昇騰與沐曦各自一套環境，同一個訓練任務換卡就得重寫重測。無問芯穹在中間補上一層，讓任務不改程式碼也能跑在不同品牌的卡上。
cn_326	Shannon AI	（無官網）	香儂科技，NLP 與金融 AI	要盯幾千家發債企業的擔保質押與訴訟，分析師一天翻不了幾家	客戶是券商研究所、銀行風控與司法機關。要監控幾千家發債企業，過去靠分析師逐份翻財報與公告，找擔保、質押、訴訟這類風險線索，一個人一天看不了幾家。系統批次把這些欄位抽成結構化表格再比對異動。
cn_328	Shenlan Automobile Technology Co Ltd	https://deepal.com.cn	深藍汽車，長安旗下	十幾萬預算的買家平日市區通勤，又怕長途沒電找不到充電樁	賣給十五到二十萬人民幣級的家用市場，買家多半在市區通勤、又擔心長途沒電，因此主推能加油發電的增程版。車在長安的工廠生產、走長安的經銷網賣，智駕與座艙的核心軟體向華為等供應商採購，自己負責整車定義與定價。
cn_33	Beijing Hisign Technology Co Ltd	（無官網）	海鑫科技，公安刑偵生物識別	現場採到一枚殘缺指紋，技術員得在卡片庫裡逐張翻找，一查可能幾個月	唯一的客戶是公安機關的刑事技術部門。系統建在省市級的指紋庫上：現場提取的殘缺指紋或監控截圖丟進去，跑完比對回傳一串候選，再由痕跡檢驗員逐一目視確認。過去這是技術員在卡片庫裡逐張翻找的工作，一枚指紋可能查上幾個月。
cn_331	Shenzhen Guochuang Embodied Artificial	（無官網）	國家地方共建具身智能機器人創新中心		
cn_333	Shenzhen LUSTER Technology Co Ltd	https://www.lusterinc.com	凌雲光，機器視覺	產線末端靠作業員在燈箱前目視挑瑕疵，人眼會累、每個人標準也不一	賣給消費電子、印刷包裝與面板廠的製程與品保部門。買的不只是相機，而是一套能在產線上判斷良莠的檢測工位：打什麼角度的光、用多快的快門、哪種缺陷算不良都要現場調。過去靠作業員在燈箱前目視挑瑕疵，人眼會累、標準也不一。
cn_335	Shenzhen Oritek Semiconductor Co Ltd	（無官網）	芯片設計		
cn_336	Shenzhen Power Supply Co Ltd	（無官網）	深圳供電局（南方電網）	負責一市輸配電運行的電網單位，服務全市用電戶，線路巡檢改用無人機沿線拍照	南方電網旗下負責深圳一市的輸配電運行，服務對象是全市用電戶與新增用電的廠商、樓盤。日常工作包括線路巡檢與故障搶修：以往要人爬鐵塔或拿望遠鏡看絕緣子有沒有破損，現在改用無人機沿線拍照、由模型挑出可疑影像再派人複核。
cn_337	Shenzhen Qianhai Webank Co Ltd	https://www.webank.com	微眾銀行，數字銀行，聯邦學習	沒有抵押與流水的個人和小微店主想借幾千塊，走傳統櫃檯申請多半被拒	放貸對象是在微信裡點進微粒貸的個人與小微店主，額度幾千到幾十萬、隨借隨還，這類客戶到銀行櫃檯多半因為沒有抵押與流水被拒。沒有分行，開戶靠視訊核身。聯邦學習框架是為了在不交出客戶資料的前提下與其他機構合建風控模型。
cn_338	Shenzhen Reexen Technology Co Ltd	https://www.reexen.com	存算一體芯片	靠電池撐數個月的攝影機與穿戴裝置，耗電大半花在搬運權重	賣給做智慧攝影機、穿戴與語音喚醒裝置的硬體廠商，這些設備靠電池撐數個月，多數算力耗在把權重從記憶體搬進運算單元。存算一體是把乘加直接做在記憶體陣列上省掉這段搬運。另延伸出雲端推理板卡，放得下大模型的權重與 KV Cache。
cn_341	Shenzhen Topstar Robot (深圳拓斯達)	https://www.topstarltd.com	拓斯達，工業機器人與自動化	注塑線的取件工要三班倒，廠裡又沒有能做產線規劃與調試的工程師	客戶是東莞一帶的 3C、家電與汽車零部件工廠。常見的採購是整條注塑線：注塑機旁配機械手取件、輸送與碼垛，要的是把三班倒的取件工減到一個看機的人。這類廠多半沒有自動化工程師，產線規劃與調試也一併外包。
cn_342	Shenzhen Ugreen Group Ltd	https://www.lulian.cn	綠聯，消費電子配件	主要在電商貨架上賣充電頭、傳輸線與擴展塢，近年才開了家用儲存這條新線	主要生意是在亞馬遜、京東的貨架上賣充電頭、傳輸線與擴展塢給一般消費者，靠自有品牌與大量 SKU 鋪貨。NAS 是新開的線，賣給想把手機與電腦裡的照片、影片集中存在家裡、不再續訂雲端空間的人。
cn_343	Shenzhen UnitX Technology Co Ltd	https://www.unitxlabs.com	工業 AI 視覺質檢	焊點塗層極片邊緣這類外觀瑕疵樣本少又長得不一樣，人眼查不穩	客戶是汽車一級供應商、電動車與鋰電池廠的品質部門。要解決的是人眼查不穩的外觀缺陷：焊點、塗層、極片邊緣這類瑕疵樣本少又長得不一樣，所以成像硬體、打光與模型訓練部署平台一起交付，由現場工程師持續補樣本重訓。
cn_344	Shenzhen Urban Transport Planning Design	https://www.sutpc.com	深圳交通規劃設計院	一條路該不該拓寬、地鐵新線怎麼排站，政府缺十年後車流與換乘的推算	委託方是各地政府與交通主管部門。典型委託像是某條路該不該拓寬、地鐵新線怎麼排站：院方先做路口流量調查與出行問卷，再用模型推算十年後的車流與換乘量，交出方案與設計圖供決策。另承接智慧交通系統交付。
cn_345	Shenzhen Xgrids Innovation Technology Co	https://www.xgrids.cn	其域創新，三維空間掃描	量一棟樓得架三腳架式設備一站站搬，回辦公室再拼接好幾天才出得了圖	買家是測繪、建築與能源行業的外業團隊，以及做場景復刻的影視與遊戲美術。以前要掃一棟樓或一段廠區，得架三腳架式雷射掃描儀一站一站搬、再回辦公室拼接數天。改成手持設備邊走邊掃，回來直接出可量測的點雲與三維場景。
cn_346	Shenzhen Zhuoyu Technology Co Ltd	https://www.zyt.com	卓馭科技，原大疆車載，智駕方案	高階輔助駕駛要大算力晶片加雷射雷達，一套吃掉平價車的整車利潤	客戶是想在十萬出頭車型上放高階輔助駕駛的車廠。難點是成本：高階方案通常要大算力晶片加雷射雷達，一套下來吃掉整車利潤。卓馭改用雙目視覺加慣導、跑在低算力平台上，把料錢壓下來換取上量。已公布大眾、比亞迪等客戶。
cn_347	Shukun Technology Co Ltd	https://www.shukun.com	數坤科技，醫學影像 AI	一次冠脈掃出數百張斷層，醫師得手動把血管一段段重建再量狹窄	裝在醫院影像科的伺服器上，使用者是放射科與心內科醫師。一次冠脈 CT 掃出數百張斷層影像，過去醫師要在工作站上手動把血管一段段重建再量狹窄，一個病人花二三十分鐘；系統先把血管樹與可疑狹窄標好，醫師改為審閱與修正。
cn_348	Sichuan Changhong Electronic Holding Group	https://www.changhong.com	長虹，家電與電子	多數收入還是來自把電視、空調、冰箱賣進家庭，模型只用在自家產品與工廠	多數收入還是來自賣電視、空調、冰箱給一般家庭與工程渠道，另有一塊是把電源、物聯網模塊供給其他整機廠。AI 主要用在自家產品與工廠：電視的語音遙控與內容推薦、產線的自動排產與品檢，並非對外賣 AI 服務。
cn_349	SmartMore (思謀科技)	https://www.smartmore.com	工業 AI 視覺	換一款產品或多一種缺陷，產線的檢測程式就得請供應商回來重寫	客戶是消費電子、面板與汽車零部件廠的品質與製程部門。賣點在讓廠內工程師自己維護模型：換一款產品、多一種缺陷，過去得請供應商回來重寫程式，現在在平台上拉框標註、重訓就能上線。交付含邊緣 AI 相機與整線方案。
cn_350	Stardust Intelligent (星塵智能)	https://www.astribot.com	AI 家務機器人	整理桌面、收納這類動作沒有現成資料可用，只能請操作員先遙控示範再錄下來	目前沒有真正的量產客戶，機器人以展示與早期場景合作為主。技術路線是讓操作員先遙控機器人做整理桌面、收納這類動作，錄下大量示範再訓練它自己執行——這類家務動作沒有現成資料可用，只能自己採。
cn_351	StepFun	https://www.stepfun.com	階躍星辰，多模態大模型	訓練能聽能看的基礎模型，主要不對開發者零售，而是隨手機與車機一起出貨	主要不是靠開發者自助買 API，而是跟手機廠、車廠與終端品牌談合作：手機相簿要能用一句話找照片、車機要能聽懂連續指令，背後接的是階躍的模型，由雙方調校後隨機出貨。這類客戶原本得自建模型團隊。
cn_352	Supcon Technology Co Ltd	https://www.supcon.com	中控技術，流程工業自動化	全廠溫度壓力閥門靠老師傅憑經驗微調，換一套控制系統等於停產改造	客戶是石化、化工與電力廠的儀表與自動化部門。DCS 是整座工廠的中樞：控制室大屏上的溫度、壓力、閥門開度都由它調節，一旦選定就綁定數十年，換廠商等於停產改造。近年把老師傅憑經驗微調參數的操作，變成系統給出的建議值。
cn_356	Syrius Robotics (炬星科技)	https://www.syriusrobotics.com	倉儲 AMR	揀貨員推著手推車在貨架間來回走，倉庫要自動化又得停工改裝輸送帶	買家是第三方物流和電商的倉庫主管。機器人跟著揀貨員在貨架間走，人只負責取貨放進料箱，走位、排序和送回打包區由機器完成，倉庫不必停工改裝輸送帶，旺季加租、淡季退還。原本這段路是揀貨員推著手推車一趟趟走完。
cn_357	TAL Education Group	https://www.tal.com	好未來，教育科技	孩子數學作業寫完沒人批，家長只能自己盯或每週送補習班等老師改	買的是中小學生家長，東西是一台學習平板。孩子把數學作業拍進去，模型判對錯、指出哪一步算錯，再按課綱給同類題講解與練習。原本得靠家長自己盯，或每週送去補習班由老師批改。課外輔導業務受政策限縮後，收入重心移到這類硬體。
cn_358	TCL	https://www.tcl.com	家電與顯示	賣電視、空調與洗衣機的製造集團，面板自產，模型藏在電視晶片裡即時修畫質	賣的是電視、空調、洗衣機，買家是一般家庭與通路商。AI 不單獨賣，藏在電視晶片裡做即時畫質處理：把低解析度片源放大補細節、依畫面內容調光影，過去這些只有出廠時調死的幾種模式。面板由旗下華星光電自製，電視出貨量在全球前列。
cn_359	Tencent	https://www.tencent.com	騰訊，社交與遊戲巨頭，自研混元大模型	做通訊軟體與遊戲的網路集團，自研模型先餵自家產品，對外透過雲端按量販售	混元模型不單賣，主要餵自家產品：微信的搜一搜與公眾號問答、元寶 App 的對話與檔案摘要、騰訊會議的紀錄整理，以及廣告系統自動生成素材。對外賣的是騰訊雲上的模型 API 與算力，買家多是遊戲、金融和政務客戶的技術團隊。
cn_36	Beijing Iluvatar Corex Semiconductor	https://www.iluvatar.com	天數智芯，國產通用 GPU	算力中心想擴機器卻卡在高階顯卡進口管制，政府案子還要求換成國產	買家是各地算力中心、電信運營商和高校實驗室。用途是把原本插輝達卡的伺服器換成國產卡跑訓練與推論，配套得把 CUDA 寫的程式移到自家軟體堆疊。採購動機多半不是效能，而是進口高階 GPU 受出口管制、政府專案要求國產替代。
cn_360	Terminus Group (特斯聯)	https://www.tslsmart.com	智慧城市與 AIoT	一棟樓的門禁電梯空調監控各管各的，值班人員得開好幾套系統輪班巡樓	客戶是地方政府、產業園區管委會和商辦業主。把一棟樓或一個園區裡各管各的門禁、電梯、空調、監控、停車設備接進同一套系統，值班人員在一個畫面看告警、派修、按人流調空調照明。原本各廠牌系統要分開開，靠保全與工程師輪班巡樓。
cn_361	Tiangong AI	https://www.tiangong.cn	崑崙萬維天工 AI	做一份簡報、整理一張表格、寫一頁文案，原本得翻資料再套模板拼	面向一般網民的免費助手 App，被拿來做的多是辦公文書：一句話產出帶排版的簡報、把資料整理成表格、寫一頁文案或做成可分享網頁，過程中自行查網頁組稿。原本這些是助理翻資料套模板拼出來。海外以 Skywork 名義營運。
cn_363	Tianjin Jinhang Computing Technology Research	（無官網）	航天科工計算技術研究所		
cn_364	Tongfang Knowledge Network Digital Publishing	https://www.cnki.net	中國知網	寫論文得逐篇下載文獻讀完，再手工整理參考文獻和引用關係	訂戶是高校圖書館、研究所和企業研發部門，實際使用者是寫論文、做課題申報的研究生與教師。用途是查文獻、看引證關係、做查重，AI 再往上加一層：用問句檢索、自動生成綜述並附原文出處。原本得自己逐篇下載閱讀再手工整理參考文獻。
cn_365	Topxgun Nanjing Robotics Co Ltd	https://www.topxgun.com	拓攻，農業無人機飛控	打藥靠人背噴霧器下田，或請飛手全程手動遙控，藥量厚薄全憑手感	客戶分兩種：替農民代噴農藥的植保隊，以及自己不做飛控的無人機組裝廠。作業員在地面畫出田塊範圍，飛機自己規劃航線、定高仿地飛行並按面積出藥。原本靠人背噴霧器下田，或由飛手全程手動遙控。機型已延伸到電力巡檢與物流運輸。
cn_366	Transwarp	https://www.transwarp.cn	星環科技，大數據與 AI 平台	業務人員想查個數字得排隊等 IT 寫 SQL，資料還散在各業務系統裡	客戶是銀行、能源國企和政府的數據部門，多半是為了替換 Oracle 等進口資料庫。做的是把散在各業務系統的交易、報表、日誌集中存放供查詢；自然語言介面讓業務人員直接問「上季某分行逾期率」，原本得排隊等 IT 寫 SQL。
cn_367	Trip.com Group	https://www.trip.com	攜程，在線旅遊	排一趟親子五天行程得自己翻攻略比價，改簽退票還要打電話一筆筆弄	賺的是機票與飯店訂單的佣金，使用者是自己訂行程的旅客。AI 接在 App 裡：輸入「帶小孩去大阪五天、預算兩萬」就排出日程並掛上可訂的航班與房型，也接客服處理改簽退票。原本旅客得自己翻攻略比價，或打電話請客服一筆筆改。
cn_369	Trunk.Tech (主線科技)	https://www.trunk.tech	自動駕駛卡車	貨櫃車在碼頭三班輪替、重卡在高速連開數小時，這些路線固定的駕駛活全靠人熬	客戶是港口碼頭營運商和幹線物流車隊。在碼頭，無人集卡把貨櫃從岸橋下運到堆場，路線固定、全天候輪班，取代原本三班制的集卡司機；幹線則是重卡在高速上自動跟車與變道，配合車廠做前裝量產。收入來自賣車與系統，也按運輸量收服務費。
cn_370	UBTECH Robotics	https://www.ubtrobot.com	優必選，人形與教育機器人	造能走能抓的類人機器，一批放進工廠產線試用，一批賣給學校與科技館展示教學	人形機器人的買家多是車廠和 3C 廠的生產技術部門，放進產線做搬箱、上料和外觀質檢的實訓，還算不上主力產能。另一條線賣給學校與科技館，用來上程式課與展示接待。原本這些工位靠派遣工輪班、質檢靠人眼看。公司長期虧損。
cn_371	UISEE (馭勢科技)	https://www.uisee.com	L4 無人駕駛，機場與廠區物流	停機坪拉行李車、廠內車間送料，這些固定路線的活得有人整天開著跑	客戶是機場地勤公司、汽車工廠和物流園區。無人牽引車在停機坪把行李拖車從分揀房拉到飛機旁，廠內物流車在車間之間送料，路線固定、車速不快，不上開放道路。按台按時收服務費而非賣車。原本這些活由駕駛開著電瓶車整天來回。
cn_372	ULS Robotics (傲鯊智能)	https://www.ulsrobotics.com	工業外骨骼	產線和倉庫的人整天彎腰搬重物，腰背傷了只能靠護腰、輪班和兩人抬	工業版賣給汽車廠、物流倉和電力公司的產線與安環部門，穿在身上的動力外骨骼在舉升、搬運時幫忙出力，減少腰背傷害與請假；航空地勤也用來搬行李。原本只能靠護腰、輪班和兩人搭檔抬。近年另推千元級的登山助力款，賣給一般消費者。
cn_374	United Imaging Healthcare	https://www.united-imaging.com	聯影醫療，醫學影像設備	醫院買大型影像設備只能找國外幾家，技師手調參數、醫師逐張翻片	買方是醫院的放射科與採購部門，過去這類設備幾乎只能向 GE、西門子買。AI 內建在機器裡不單賣：自動擺位對準器官、用演算法壓低掃描時間與輻射劑量，並在影像上圈出肺結節等可疑處交醫師複核。原本靠技師手調參數、醫師逐張翻片。
cn_375	Unitree Robotics	https://www.unitree.com	宇樹科技，四足與人形機器人	實驗室想研究足式機器人，得自己從電機減速機開始組一台會走的出來	買家多是大學實驗室、機器人課題組和企業研發部門，買回去當現成的移動平台跑自己的演算法；電力公司拿機器狗做變電站巡檢，表演與影視場合則多為租用。原本研究團隊要做足式機器人，得自己從電機、減速機開始組一台。
cn_376	Verisilicon Microelectronics Shanghai Co	https://www.verisilicon.com	芯原股份，芯片設計服務與 IP	家電車廠想要自家規格的晶片卻沒有設計能力，只能買通用貨遷就別人	客戶是沒有能力從頭做晶片的公司：家電廠、車廠、物聯網模組商，甚至網路大廠。可以只買一塊 NPU 或 GPU 的電路設計授權，接進自家晶片跑影像辨識；也可以把設計到投片量產整包委託。原本只能買現成通用晶片，規格得遷就別人。
cn_377	Vita Dynamics (維塔動力)	（無官網）	具身機器人初創		
cn_378	vivo	https://www.vivo.com	智能手機	賣給一般消費者的手機廠，模型不對外授權，只裝進自家機子做相簿檢索與語音代操作	賣的是手機，模型不對外授權，只裝在自家機子上：相簿輸入「上個月在海邊那張」就找出照片、消除路人、修復舊照，語音助理能接著指令代操作設定；端側版本讓這些事不上傳雲端也能跑。原本使用者得自己翻相簿、進設定裡逐層點選。
cn_379	WAYTOUS (慧拓智能)	（無官網）	礦區無人駕駛	礦卡司機整天坐在顛簸駕駛室裡三班倒，粉塵大又得繞固定路線來回	客戶是露天煤礦與鐵礦的礦場營運方。礦卡改裝成無人駕駛後，在裝載點與排土場之間固定路線循環跑，遠端調度室一人盯多台，遇到異常再由人接管。礦區沒有行人和紅綠燈，但粉塵大、要三班倒，原本得讓司機整天坐在顛簸的駕駛室裡。
cn_38	Beijing Jingwei Hirain Technology Co Ltd	https://www.hirain.com	經緯恆潤，汽車電子與智能駕駛	替車廠做車上控制器的開發外包，也賣把控制器接上模擬器反覆測試的台架	客戶是整車廠與一級零件供應商的電子研發部門。一邊接案開發車上的控制器，例如車道保持、自動緊急煞車的運算單元；一邊賣硬體在環測試台架——把控制器接上模擬器，在實驗室反覆跑上萬次切入情境。原本這類驗證只能靠試車場實車跑。
cn_380	Weilan Robotics (蔚藍智能)	（無官網）	消費級四足機器人	學生和開發者想動手玩會走的機器狗，能買到的不是太貴就是不給改程式	買家是機器人科系的學生、開發者和買玩具的家庭。四足機器狗開箱就能走跑翻身，附開放介面讓使用者寫自己的步態或視覺程式；家用款則當寵物型陪伴玩具賣。原本學校要做足式機器人研究，得自己從電機、減速機開始組一台。
cn_381	WeRide	https://www.weride.ai	文遠知行，L4 自動駕駛	計程車、園區接駁與夜間清掃這些固定跑的班次，過去都得排滿輪班司機	Robotaxi 掛在網約車平台上接單，乘客用手機叫車，車內沒有司機且限特定區域；無人小巴跑園區接駁，環衛車夜間清掃街道。付錢的多是地方政府與車隊營運商，按車輛和營運服務收費。取代的是計程車司機、接駁駕駛與清潔隊夜班。
cn_382	Westwell Lab	https://www.westwell-lab.com	西井科技，港口自動駕駛	港區貨櫃日夜要連續搬，靠集卡司機輪班開柴油車，調度排隊一直卡	客戶是碼頭與大宗物流營運商。無駕駛室的電動重卡在港區把貨櫃從船邊運到堆場，配車隊管理系統排班，電量不足就開進換電站幾分鐘換完繼續跑。港區路線固定但日夜連續，原本由集卡司機輪班開柴油車，調度與排隊等櫃是瓶頸。
cn_383	Whale Wave Technology Inc	（無官網）	名稱不明確		
cn_384	White Rhino (白犀牛)	https://www.rino.ai	無人配送車	最後三公里靠外送員騎車一趟趟送，尖峰和雨天最難排到人	付錢的是快遞、商超與生鮮業者，不是收件的消費者。無人小車在城市開放道路上跑最後三公里——從門市或站點裝貨，自己過紅綠燈開到社區門口，收件人掃碼取件，按車或按單計費。原本這段由外送員騎電動車一趟趟送，尖峰和雨天最難排班。
cn_385	Wind Information	https://www.wind.com.cn	萬得，金融數據終端	研究員要一組跨年度財務數字，得自己翻年報抄進表格再核對	訂戶是基金、券商、銀行的研究員與交易員。終端把上市公司財報、行情與債券條款整理成可直接拉表、跑回測的資料庫，在中國市場的角色相當於彭博。AI 助理讓人直接問「近三年營收成長超過兩成的醫藥股」。原本得自己翻年報抄數字。
cn_386	Winning Health Technology Group Co Ltd	https://www.winning.com.cn	衛寧健康，醫療信息化	醫師看完診才開始補打病歷，常拖到下班；病歷資料又不能送出醫院	客戶是醫院的資訊科，賣的是掛號、醫囑、電子病歷這類跑在院內機房的核心系統，收入多來自導入專案與逐年維護。模型也部署在院內不出網：醫師口述後自動整理成病歷格式、生成出院摘要。原本病歷要醫師看完診再一份份補打，常拖到下班後。
cn_387	WizardQuant	https://www.wizardquant.com	九坤投資，量化私募	買賣點過去靠基金經理看報告和盤感決定，一個人盯不了那麼多標的	錢來自機構與高淨值投資人認購的私募基金。做的事是從歷史行情、財報和另類資料裡找短週期的價格規律，寫成程式在股票、期貨、期權市場自動下單，人不看盤、只維護模型與風控參數。原本同樣的部位由基金經理人憑研究報告和盤感決定。
cn_388	Wonders Information Co Ltd	https://www.wondersgroup.com	萬達信息，政務醫療信息	看病報銷、預約掛號與疫苗紀錄，過去要市民跑窗口、承辦人員把紙本逐筆鍵入	甲方是市級醫保局、衛健委和政府部門，不是一般企業。做的是民眾實際會碰到的系統：醫保卡結算與異地報銷、健康雲上的預約掛號與疫苗紀錄、公共衛生上報平台。原本這些要市民跑窗口交單據、承辦人員把紙本逐筆輸進電腦。
cn_389	Wondershare Technology Hunan Co Ltd	https://www.wondershare.cn	萬興科技，創意軟件	想剪片的人不想學專業軟體，去背上字幕對嘴配音只能手工或外包	使用者是海外的個人創作者與小型工作室，按月訂閱或買斷。Filmora 是給不想學 Premiere 的人用的剪輯軟體，模型接在裡面做自動去背、上字幕、對嘴翻譯配音與素材生成。原本這些要嘛一幀幀手工摳，要嘛外包剪輯師。
cn_390	Wuhan Kingsoft Office Software Co Ltd	https://www.wps.cn	金山辦公	寫公文、做簡報、算表格這些文書活，過去靠人逐格套公式與排版做出來	個人用戶按年訂閱，另一塊收入來自黨政機關與國企替換微軟 Office 的國產替代採購。AI 掛在文件裡：把長會議紀錄縮成摘要、依提綱起草公文、把表格數據一句話變成圖表。原本這些是文書人員邊寫邊排版、逐格套公式做出來的。
cn_391	Wuhan Landing Intelligence Medical Co	https://www.landing-med.com	蘭丁智能醫學，病理 AI	縣市根本沒有足夠的病理醫師，一人一天看幾十片玻片就是上限	客戶是地方政府的衛健與婦幼部門，承接的是幾十萬人規模的宮頸癌免費篩查。玻片送進機器掃描成數位影像，系統先篩掉大量正常樣本，只把可疑的推給雲端的病理醫師判讀。基層縣市本來就沒有足夠的細胞病理醫師，一人一天看幾十片是上限。
cn_392	Wuhu Automobile Prospective Technology	（無官網）	奇瑞前瞻技術研究		
cn_393	Wuhu Xiongshi Automobile Technology Co	（無官網）	奇瑞雄獅智能座艙	車廠的中控與輔助駕駛整包外採，連改個介面都得等供應商排期	不對外賣，服務的是奇瑞自家車型的產品部門。做車上那套中控系統——語音開空調導航、手機遠端查車況、車機上的音樂與小程式，以及輔助駕駛功能的整合，隨新車一起出廠。原本整車廠這塊多半整包外採供應商方案，連改個介面都要等排期。
cn_394	Wuxi Xishang Bank Co Ltd	https://www.wxsbank.com	錫商銀行，民營數字銀行	買設備的小老闆沒有房產抵押、財報也不齊，在傳統銀行借不到錢	沒有分行，客戶透過 App 和合作通路上門，主力是買設備的中小企業主。做法是把工程機械、生產設備上的物聯網模組回傳的開機時數與產量，當成還款能力的依據來放貸。這類客戶原本沒有房產抵押、財報不完整，在傳統銀行借不到錢。
cn_395	X Square Robot (叉方科技)	https://x2robot.com	自變量機器人，通用具身大模型	疊衣服、插線、收拾散落零件，物件位置每次不同，寫死的程式一變就失效	買家目前主要是工廠與實驗室的自動化團隊，用途是讓機械手做過去程式寫不出來的精細動作——疊衣服、插線、把散落零件收進盒子，這些每次物體位置都不一樣，傳統示教方式只要環境一變就失效。模型直接看攝影機畫面輸出關節動作。
cn_396	Xiamen Chanjing Technology Co Ltd	https://www.chanjing.cc	蟬鏡，數字人視頻	小賣家得自己對鏡頭錄口播，換個商品改個價就重錄，直播還要熬整夜	用戶是抖音、淘寶上的帶貨賣家和內容創作者，按月訂閱。上傳十幾秒真人出鏡的影片複刻出一個數字分身，之後打字就能生成口播影片，或掛著在直播間整夜講解商品。原本小賣家得自己或請主播對鏡頭一條條錄，換個商品、改個價格就要重錄。
cn_4	AISpeech Co Ltd	https://www.aispeech.com	對話式語音 AI，面向車載、家居和企業	開車時要按實體鍵、在家找遙控器，打客服還得等坐席問清來意	客戶是車廠、家電廠和銀行電信的客服部門，語音功能掛的是他們自己的品牌。做的是斷網也能用的車機語音、冷氣電視語音控制，以及客服來電先由機器問清來意再轉接人工。原本這些互動靠實體按鍵、遙控器和排班的坐席人員。
cn_402	xiaobing.ai	https://www.xiaoice.cn	小冰公司（微軟分拆），AI 伴侶與數字人	做能出鏡說話的虛擬角色，企業拿去講解產品與整夜直播，個人拿來養一個會搭話的對象	企業端賣的是「數字員工」：銀行用它做虛擬理財經理在 App 裡講解產品，電商用虛擬主播整夜直播，也替真人網紅做 AI 分身接商案。消費端則是讓用戶養一個有性格、會主動搭話的虛擬伴侶。原本這些位置要真人排班，深夜最難補人。
cn_403	Xiaoduo Intelligent Technology Shanghai	https://www.xiaoduoai.com	曉多科技，電商客服 AI	大促前得臨時招一批客服答尺碼庫存物流，訓練完檔期也結束了	客戶是淘寶、京東、抖音上的賣家，尤其是客服量集中在大促期間的中大型店鋪。機器人接進店鋪後台，代答尺碼、庫存、物流到哪、能不能退這類重複問題，答不了才轉人工。原本賣家得在雙十一前臨時招一批客服，訓練完活動也結束了。
cn_404	Xiaohongshu	https://www.xiaohongshu.com	小紅書，生活方式社區	想知道這家餐廳雷不雷，得自己翻幾十篇心得比對分歧的說法	收入來自廣告和站內電商抽成，用戶是來查「這家餐廳雷不雷」「這支口紅適不適合黃皮」的年輕人。AI 用在站內搜尋與問答：把幾千篇筆記的分歧意見歸納成一段回答並附上出處。原本使用者得自己翻幾十篇筆記比對。模型權重也對外開源。
cn_405	Xiao-i	https://www.xiaoi.com	小i機器人，對話式 AI	帳單與辦事流程這類重複來電靠坐席照話術本一通通接，資料還不能出網	客戶是銀行、電信和政務單位的客服與辦事窗口。做的是線上客服與電話語音機器人：回答帳單與業務流程這類重複問題，答不了轉真人。賣點是整套裝在客戶自己機房、用不多的算力就能跑，因為這些資料不能出網。原本靠坐席照話術本一通通接。
cn_406	Xiaomi Technology	https://www.mi.com	小米，手機與汽車	橫跨行動裝置、家電與電動車的集團，模型不單賣，用來把三者串成同一套帳號與介面	三塊生意綁在一起：手機、家電和電動車。AI 不單獨賣，用來把它們串成一套——手機上的語音助理與影像處理、進家門後燈與空調自動開關、車機導航與輔助駕駛共用同一個帳號和介面。買家多是已經買過一兩件小米產品、再往裡加的家庭。
cn_407	XPENG	https://www.xiaopeng.com	小鵬汽車，智駕與飛行汽車	市區上下班得自己跟車、變道、繞著找車位，輔助駕駛過去只在高速上派得上用場	賣車給一般消費者，主打輔助駕駛：車主上下班能在市區道路跟車、自動變道與泊車。這套演算法和跑它的車用晶片都自己做，不向 Mobileye 等供應商整包採購，為的是能持續改版下放給既有車主。飛行汽車與人形機器人尚未產生收入。
cn_408	XtalPi Inc	https://www.xtalpi.com	晶泰科技，AI+機器人藥物與材料研發	新藥候選分子靠研究員在實驗室手工一批批試，一輪下來要好幾週	客戶是藥廠與材料廠的研發部門，按專案和里程碑付費。做法是先用物理計算篩出可能有效的分子結構與晶型，再交給自家機器人實驗室的機械手排程合成與測試，結果回頭修正模型。原本這段是研究員在實驗室手工一批批試，一輪下來數週。
cn_409	Xuzhou Xcmg Mining Machinery Co Ltd	（無官網）	徐工礦機，礦用機械	露天礦運土運煤要配滿三班司機，塵大震動強，柴油與維修也是大錢	買家是露天煤礦的生產單位。賣的是連駕駛室都沒有的純電礦用自卸車，在裝載機與排土場之間固定路線循環運土運煤，電量低就自己開去換電站換電池，調度室遠端監看。礦區塵大、震動強、要三班倒，原本得配足司機，柴油與維修也是大宗成本。
cn_41	Beijing Kunlun Tech Co Ltd	https://www.kunlun.com	崑崙萬維，互聯網與 AI，自研天工大模型	靠海外遊戲與工具軟體的內購廣告賺錢，另把音樂、影片與文書生成做成訂閱產品	收入以海外為主，來自遊戲與工具 App 的內購和廣告。AI 產品也多做給海外個人用戶——輸入一句提示生成整首帶人聲的歌、用文字生成短劇與影片、辦公助手做簡報和表格，按訂閱收費。原本這些要租錄音室找歌手，或外包剪輯與美術。
cn_410	Yidu Tech	https://www.yidutech.com	醫渡科技，醫療大數據	病歷散在各科系統、寫法不一，要撈一組符合條件的病人只能逐份調閱	客戶是醫院和藥廠。醫院那端的問題是病歷散在各科系統、寫法不一，引擎把它們洗成統一結構，讓醫師能撈出「符合這些條件的病人有幾個」做科研。藥廠買的是用這些資料找臨床試驗受試者、看真實世界療效。原本要研究助理逐份調閱病歷抄表。
cn_411	Yisa Technology Co Ltd	（無官網）	視頻結構化	辦一個案子得把幾百小時監控錄影一段段看完，再手抄比對車牌與衣著	客戶是公安機關的刑偵與情報部門。把城市監控錄影轉成可檢索的結構化資料——車牌、車型、衣著顏色、隨身物品，辦案時輸入條件就能在海量錄影中拉出目標的出現時間與移動軌跡。原本靠警員把幾百小時錄影一段段看完、手抄比對。
cn_412	YITUTech	https://www.yitutech.com	依圖科技，計算機視覺與醫療 AI	路口與場站的監控影像無法檢索，辦案比對只能靠人工一段段翻	主要客戶是公安與地方政府的安防專案：在路口與場站部署攝影機，把人臉與影片內容轉成可檢索的資料庫供辦案比對。自研雲端推論晶片是為了讓這些分析不必依賴進口 GPU。近年業務大幅收縮，醫療影像線已被剝離出售。
cn_413	Yonyou Network Technology	https://www.yonyou.com	用友，企業軟件	發票報銷薪資採購由會計逐筆鍵入，月底加班結帳，現金流靠手算估	客戶從央企國企到小型公司，實際使用者是財務、人資和採購部門。系統管的是開發票、報銷審批、薪資計算、下採購單這些日常流程。AI 接在上面：憑歷史數據估下季現金流、把掃描的發票自動轉成憑證。原本由會計逐筆鍵入、月底加班結帳。
cn_415	Yrobot (英漢思動力)	（無官網）	外骨骼/具身機器人		
cn_416	Yuanfudao	https://www.yuanfudao.com	猿輔導，在線教育	孩子寫完題自己對答案，錯題本要家長手工整理，或送補習班等老師改	買的是中小學生家長。機器是封閉的墨水屏平板，裝不了遊戲，孩子在上面寫題、筆跡即時批改，錯題自動歸類成新的練習卷，家長端看得到錯在哪。過去是家長買教輔書、孩子寫完自己對答案，或送補習班由老師批改與整理錯題本。
cn_418	Yunnan Baiyao Group Co Ltd	https://www.yunnanbaiyao.com.cn	雲南白藥	賣成藥與牙膏的老牌藥企，利潤主要來自日化貨架，另有藥材供應與配送到基層的業務	藥品透過醫院與連鎖藥店賣出，日化產品直接上超市貨架。氣霧劑、創可貼用於扭傷與外傷止血，牙膏主打牙齦出血，是利潤最大的一塊。中藥資源板塊向飲片廠供應藥材，醫藥商業做的則是替藥廠把貨配送到基層醫療機構。
cn_419	Z.ai	https://z.ai	智譜 AI 的國際品牌	海外小團隊要接模型做對話與寫程式，能用的只有貴上一截的美國 API	面向海外開發者與小團隊。按呼叫量買 GLM 的 API 做對話、程式與看圖任務，也能訂閱編程方案，接進 IDE 或命令列工具當後端模型；同一批模型另有開源權重可自行部署。這些人原本多半只能用價格高出一截的美國模型 API。
cn_42	Beijing LinkerBot (北京靈感機器人)	https://www.linkerbot.cn	靈心巧手，機器人靈巧手	機械臂只有兩指夾爪，抓不住形狀會變的東西，想要靈巧手只能自己造	買家是人形機器人團隊與高校實驗室，手裝在機械臂末端。指尖觸覺讓手知道有沒有抓穩、該出多大力；配套的遙操作裝置讓人戴著示範動作，把抓握過程錄成訓練資料。過去這些團隊要嘛自己造手，要嘛用兩指夾爪，只抓得住形狀固定的東西。
cn_420	Zelos Robotics (之了智能)	（無官網）	具身機器人初創		
cn_421	Zero Zero Robotics Inc	https://zerozerorobotics.com	零零科技，消費級無人機	一個人運動時想拍自己，只能找同伴幫忙、架腳架，或雙手操作遙控機	賣給滑雪、跑步、騎車與旅遊的人。機器從掌心起飛後自己認人跟拍，不用遙控器也不需另一人操作，拍完降回手上。過去一個人要拍自己運動的畫面，只能請同伴幫忙、架腳架固定機位，或帶上需要雙手操作的遙控無人機。
cn_422	ZeroTech (零智科技)	（無官網）	零度智控，無人機	曾想讓沒學過遙控的人也能航拍，口袋機賣不動後資金鏈斷裂，如今買不到也修不到	早期把飛控與雲台賣給無人機組裝廠，後來自推口袋機 Dobby，想讓沒學過操作的人也能航拍。Dobby 銷量遠低於預估，行銷與產能投入收不回來，資金鏈斷裂後進入破產重整，機型不再更新，讀者現在買不到也修不到。
cn_423	Zhejiang Dahua Technology Co Ltd	https://www.dahuatech.com	大華股份，視頻監控	保全整晚盯著監視牆，出了事再人工倒帶翻找幾小時錄影找車牌	客戶是公安與交通管理部門、園區和連鎖零售的安防科。攝影機配後端做車牌辨識、周界入侵告警與人流統計；星漢模型放進攝影機直接判讀畫面在發生什麼，也能用白話檢索錄影。過去是保全盯著監視牆，出事後再人工倒帶翻找幾小時影像。
cn_426	Zhejiang Tonghuashun Intelligent Technology	https://www.10jqka.com.cn	同花順，金融信息	散戶想篩出符合條件的股票，得逐項設參數，或翻財報網站一家家比對	用戶是散戶股民。免費版看行情，付費買逐筆資料與選股工具；問財讓人直接打「市盈率低於二十、連三年獲利成長」這種句子，系統列出符合的股票與財報欄位。過去要自己在選股器上逐項設定參數，或翻財報網站一家家比對。
cn_427	Zhejiang Uniview Technologies Co Ltd	https://cn.uniview.com	宇視科技，視頻監控	早期監控只有移動偵測，風吹樹動就報警，值班人員一晚處理一堆假警報	賣給安防工程商與海外經銷商，最終裝在園區、校園與零售店。攝影機與錄影機做出入口人臉比對、通道事件偵測；梧桐模型下放到前端執行以壓低誤報。過去這類監控只有移動偵測，風吹樹動就報警，值班人員一晚得處理大量假警報。
cn_428	Zhejiang Youlu Robot Technology Co Ltd	（無官網）	有鹿機器人，清潔機器人	園區和商場的洗地機掃路車得有人推著開著走，夜班正是最難排人的時段	客戶是物業公司與市政環衛單位。做法不是賣整機，而是把大腦模組裝上客戶既有的洗地機、掃路車，改成能自己認路的無人設備，夜間巡迴清掃園區道路與商場地面。過去這些機器要有人推著或開著逐區走，而夜班正是最難排人的時段。
cn_43	Beijing Luchen Technology Co Ltd	https://www.luchentech.com	潞晨科技，大模型訓練加速	團隊想自訓模型卻顯存不夠，只能自己拼底層框架、反覆試參數避開爆卡	使用者是要自訓模型的企業與研究團隊。開源框架把模型切到多張顯卡上，自動配置張量、流水線等平行方式，讓顯存不足的機器也跑得動；潞晨雲出租算力並代做訓練加速與私有化部署。過去得自己拼接底層框架、反覆試參數避開爆顯存。
cn_432	Zhuiyi Technology	https://zhuiyi.ai	追一科技，企業對話 AI	查餘額改套餐的來電由坐席一通通接，質檢員只能抽聽百分之幾的錄音	客戶是銀行、保險、電信的客服中心與合規部門。智能客服接走查餘額、改套餐這類重複來電，外呼機器人做回訪與催繳，質檢系統把每通電話轉成文字後逐句比對話術規範。過去這些工作由坐席一通通接，質檢員只能抽聽百分之幾的錄音。
cn_434	Ziyan UAV (紫燕無人機)	https://www.ziyanuav.com	無人機	巡輸電線要工人爬塔目視，或租有人直升機沿線飛，礦區航測也得排人	用戶是電力公司、公安、礦山與測繪單位，另有軍用型號外銷。無人直升機的載重與滯空優於多旋翼，能沿輸電線低速飛行拍絕緣子與導線缺陷，或在礦區定期航測算土方量。過去巡線要工人爬塔目視，或租有人直升機沿線飛。
cn_435	Zkteco Co Ltd	https://www.zkteco.com	熵基科技，生物識別	打卡靠紙卡磁卡容易代打，月底人資得拿一疊記錄手工核對遲到加班	買家是企業的人資與行政、園區管理處與酒店。員工刷臉或按指紋進門的同時就記下考勤，後台把工時匯出給薪資系統；酒店版再接到門鎖與前台。過去是打卡鐘紙卡或磁卡，容易代打，月底人資要拿一疊記錄手工核對遲到與加班。
cn_436	Zoomlion Heavy Ind Sci Technology	https://www.zoomlion.com	中聯重科，工程機械	塔吊有沒有超載靠司機經驗判斷，租出去的機器在哪、壞沒壞都不知道	買主是工程承包商與設備租賃公司。塔吊、混凝土泵車與高空作業平台上的遠端模組回傳位置、載重與姿態，租賃商看得到機器在哪、有沒有超載，廠家從故障碼預判該換什麼件。過去吊裝安全靠司機經驗判斷，機器壞了才派人跑一趟工地。
cn_437	ZTE Corp	https://www.zte.com.cn	中興通訊，通信設備	替電信運營商賣基站、傳輸與核心網並承接建網工程，另做政企伺服器與手機	主要客戶是電信運營商，賣基站、傳輸與核心網設備並承接建網工程，其次是政企的伺服器與手機終端。星雲模型用在網路維運，把告警與歷史工單整理成處置建議，也做內部程式碼輔助。過去一出大面積告警，維運工程師只能憑經驗逐段排查。
cn_44	Beijing Lynxi Technologies Co Ltd	https://www.lynxi.com	靈汐科技，類腦計算芯片	研究脈衝神經網路只能拿顯卡慢慢模擬，邊緣裝置又受功耗限制跑不動	買家是智算中心、腦科學研究單位與少數邊緣計算客戶。晶片同一片上能跑脈衝神經網路和一般深度學習，讓做脈衝模型的研究者不必再用顯卡慢慢模擬；邊緣盒子則用在功耗受限的辨識場景。這條路線市場仍小，屬長期投入而非量產生意。
cn_46	Beijing NavInfo Co Ltd	https://www.navinfo.com	四維圖新，高精地圖與智駕	車廠買的導航圖只到道路級，車不知道自己在第幾車道、前方彎道多急	授權對象是車廠與互聯網地圖商。車道級地圖讓車知道自己在第幾車道、前方彎道多急、坡度多少，供智駕在感測器看不到的地方提前決策；另賣智駕與座艙方案和車規晶片。過去車廠買的是道路級導航圖，只夠報路口轉彎，車道資訊全靠當下感測。
cn_48	Beijing Pimchip Technology Co Ltd	https://www.pimchip.cn	存算一體芯片	耳機手環門鈴要在本地聽喚醒詞，用通用晶片硬算續航撐不住，只能傳雲端	客戶是穿戴、物聯網與邊緣設備廠商。把乘加運算放進 SRAM 裡做，省掉資料在記憶體與運算單元間來回搬的耗電，讓耳機、手環、門鈴這類電池裝置在本地跑喚醒詞或人形偵測。過去這類功能得用通用晶片硬算，續航撐不住，或得傳上雲端。
cn_5	Alibaba Group	https://www.alibabagroup.com	電商與雲計算巨頭，自研通義大模型並大規模開源	商家開店付佣金與廣告、企業租雲端機器，模型既在雲上按量賣也放開權重讓人自行部署	付費者分三種：商家在淘寶天貓開店付佣金與廣告費，企業向阿里雲租機器與資料庫，AI 則是在百鍊按呼叫量用通義千問做客服、文件摘要。開源權重讓不想把資料送出去的團隊自行部署微調，這類需求過去只能自建機房或用國外 API。
cn_50	Beijing RealAI Technology Co Ltd	https://www.realai.ai	瑞萊智慧，清華背景，AI 安全與可信 AI	人臉系統上線前沒人專門攻擊它，列印照片或換臉能不能刷過去沒人知道	客戶是政務、金融、能源等對安全要求高的單位。RealSafe 對客戶已上線的人臉系統做攻擊測試，看列印照片、特製眼鏡能不能刷過去；偽造檢測用在遠端開戶與視訊核身，判斷鏡頭對面是不是換臉。過去這些系統上線前沒人專門攻擊它。
cn_51	Beijing Samsung Telecom R&D Center	（無官網）	三星北京通信研究院		
cn_52	Beijing Shengshu Technology Co Ltd	https://www.shengshu.com	生數科技，清華背景，視頻生成模型	一段幾秒的鏡頭要美術逐幀畫或建模渲染，客戶改一句話就整段重做	用戶是動畫、廣告、遊戲與影視團隊，以訂閱或 API 計費。給一張角色設定圖就能生出數秒鏡頭，換了鏡頭仍是同一張臉，拿來做分鏡預覽、廣告短片與動畫中間片段。過去這些畫面要美術逐幀繪製或建模渲染，客戶改一句話就整段重做。
cn_55	Beijing SinoVoice Technology Co Ltd	https://www.sinovoice.com	捷通華聲，語音與語言技術	櫃檯證件與單據靠櫃員逐字鍵入、錄音靠人聽寫，資料又不許上公有雲	客戶是銀行、電信、政府與教育機構，多數要求部署在自己機房。一套平台同時給語音辨識、合成、OCR 與機器翻譯，用在客服錄音轉文字、櫃檯證件與單據辨識、公文語音播報。過去櫃員得逐字鍵入、錄音靠人聽寫，資料又不許送上公有雲。
cn_56	Beijing SoundAI Technology Co Ltd	https://www.soundai.com	聲智科技，遠場語音交互	電視正放著聲音、人在幾公尺外側著說話，裝置聽不懂，只能走過去按鍵	賣給智能音箱、電視與家電廠商，近年也做自有耳機。核心是麥克風陣列上的前端處理：電視正放著聲音、人在三五公尺外側著說話時，仍能消掉回聲與環境噪音聽出喚醒詞。過去裝置只認得近距離對著講的指令，使用者得走過去按鍵或拿起遙控器。
cn_57	Beijing SuperMap Software Co Ltd	https://www.supermap.com	超圖軟件，地理信息系統（GIS）	管線與地塊只有紙圖和 CAD 檔，算淹沒範圍或爆管影響幾戶只能人工比	客戶是自然資源、水利等政府部門與水電燃氣公用事業。把地塊、管線、河道存成空間資料庫後做疊加分析，例如算淹沒範圍、選廠址、某段管線爆了會影響多少戶，再發布成部門內部地圖服務。過去這些圖是紙本與 CAD 檔，對位只能人工比。
cn_58	Beijing Tianrongxin Software Co Ltd	（無官網）	天融信，網絡安全	機房每天上萬條日誌，分析師只能照規則逐條看，敏感資料也沒人分級	客戶是政府、軍工、金融與電信的資訊中心，走招標項目制。設備部署在機房出入口做網段隔離與流量過濾，另有資料安全與雲安全產品線；安全大模型把零散告警串成事件、替資料做敏感分級。過去分析師面對上萬條日誌只能靠規則逐條看。
cn_59	Beijing Tsing Micro Intelligent Technology Co Ltd	https://www.tsingmicro.com	清微智能，可重構計算芯片	固定架構的晶片只跑得好當初那批模型，演算法一換就得重新流片	端側系列賣給語音、安防與門鎖設備廠，雲側系列進智算中心做大模型推理。可重構是指同一片硬體能按不同演算法重組運算通路，不必為每種模型設計專用電路。過去固定架構的 AI 晶片只跑得好當初設計的那批模型，演算法一換就得重新流片。
cn_6	Aluminum Corp of China Ltd	https://www.chalco.com.cn	中鋁集團，鋁業央企，AI 用於冶煉生產優化	賣鋁土礦、氧化鋁與電解鋁的國有集團，利潤隨鋁價與電價浮動，模型只用在自家電解槽省電	賣的是鋁土礦、氧化鋁與電解鋁，買方是電纜、汽車零件與建材加工廠，利潤隨鋁價電價波動。AI 不對外販售，用在自家電解槽：依槽電壓、溫度與氧化鋁濃度調整加料時機與電流，壓低每噸鋁的電耗。過去靠老師傅看槽況憑經驗決定何時加料。
cn_61	Beijing Volcano Engine Technology Co Ltd	https://www.volcengine.com	火山引擎，字節跳動的雲與 AI 服務	企業要用大模型得自己買卡部署開源模型，還不知道哪個模型比較合用	客戶是企業的技術與產品團隊。火山方舟上按 token 呼叫豆包等模型做客服與內容生成，可上傳自家資料做精調，也能同時比較幾個模型再決定用哪個；另賣雲主機與抖音體系出來的推薦、AB 測試工具。過去企業得自己買卡部署開源模型。
cn_62	Beijing Voyager Technology Co Ltd	（無官網）	北科天繪/Voyager，激光雷達相關技術	地形測繪與輸電線下方樹高，過去要測繪隊背著全站儀一個點一個點打	用戶是測繪、電力巡檢與國土單位。雷達掛在飛機或車上掃過街區產出三維點雲，用來做地形測繪、城市建模，以及檢查輸電線下方的樹長多高、會不會碰到導線。過去這些量測要測繪隊背著全站儀逐點打。後來切入車載，但對手規模更大。
cn_64	Beijing Wanji Technology Co Ltd	https://www.wanji.net.cn	萬集科技，交通感知與車路協同	收費要排隊人工收，超載得攔車上地磅，路口車流靠地感線圈和人盯螢幕	買方是交通主管部門與高速公路營運單位，屬政府採購。ETC 天線裝在收費門架讓車不停車扣費，動態稱重在橋頭秤出超載車，路側雷射與 V2X 設備偵測路口車流與違停。過去收費要排隊人工收，超載得攔下上地磅，路口靠地感線圈與人盯螢幕。
cn_66	Beijing Xiaoyu Intelligent Mfg Technology Co Ltd	（無官網）	小雨智造，具身機器人	產線換一個工件就得重新示教編程，耗上幾天，小批量多品種的單子不划算	客戶是製造業的產線工程師。把大模型接到既有工業機器人上，工程師用一句話描述要焊哪條縫、打磨哪個面，不必逐點示教編程，同一套模型換機型也能用。過去產線換一個工件就得重新示教調程式、耗上幾天，小批量多品種的單子因此不划算。
cn_7	Anhui Efort Robot (安徽埃夫特)	https://www.efort.com.cn	國產工業機器人本體制造商	搬運上下料與噴漆這些產線活過去全靠人，噴槍握久了厚薄憑手感，職業傷害也不少	買家是汽車與家電廠，多半整線發包。六軸機械臂在產線做搬運、上下料與焊接，噴塗機器人在車身和家電外殼噴漆，塗層厚度由程式控制。過去噴漆是工人穿著防護衣在漆霧裡手持噴槍作業，厚薄全憑手感，返工與職業傷害都不少。
cn_70	Beijing Yunji Technology Co Ltd	https://www.yunjichina.com.cn	雲跡科技，酒店服務機器人	客人半夜要一瓶水，夜班只有一個前台，離櫃送上樓那幾分鐘櫃檯就沒人	客戶是酒店集團，機器人放在大堂與電梯間。客人打電話要一瓶水或牙刷，機器人自己叫電梯、上樓、到房門口打電話請客人開門；除賣機器也按配送次數收費。過去夜班只有一名前台，離櫃送東西那幾分鐘櫃檯就沒人，後來也延伸到醫院與公寓。
cn_72	Beijing Zhipu Huazhang Technology Co Ltd	https://www.zhipuai.cn	智譜 AI，清華背景，基礎大模型	自研通用模型的團隊，收入主要來自把模型裝進政府與國企的機房，資料不出內網	主要收入來自政府與大型國企的私有化部署：把 GLM 裝進客戶自己的機房，做公文起草與制度問答，資料不出內網。其次是開發者按量呼叫 API，以及清言這類對話產品與 CodeGeeX 的程式補全。過去這類單位的文件不能上公有雲。
cn_73	Beijing Zhongguancun Kejin Technology Co	https://www.zkj.com	中關村科金，企業對話與金融 AI	客服外呼與通話質檢得外包給幾家廠商分頭做，換一代技術又整套重來	客戶是金融、汽車、零售與政務的客服與行銷部門。平台把算力調度與模型訓推包在一起，客戶能拿自家對話記錄訓出垂類模型，再組成外呼提醒保養到期、質檢掃全部通話找違規話術的智能體。過去這些單位得外包給幾家廠商分頭做，換代就重來。
cn_74	BGI Shenzhen Co Ltd	https://www.genomics.cn	華大基因，基因測序與生命科學 AI	判斷胎兒染色體異常過去得做羊膜穿刺，有流產風險，用藥也缺基因依據	檢體來自醫院婦產科、腫瘤科與體檢機構。抽孕婦一管血判斷胎兒染色體是否異常，腫瘤檢測指導該用哪種標靶藥，另有感染病原測序；AI 用在把測序機吐出的海量讀段比對基因組、判讀哪些變異有臨床意義。過去要做羊膜穿刺，有流產風險。
cn_75	BionicDL (仿生動力)	（無官網）	仿生動力，具身機器人相關企業		
cn_76	Black Sesame Technologies (黑芝麻智能)	https://www.blacksesame.com	自動駕駛計算芯片	車廠做智駕只能選不給改的國外方案，或買貴上一截的高算力平台	客戶是國內車企的智駕與座艙部門。華山系列裝進域控制器，跑攝影機的感知模型做行車輔助；武當系列一顆晶片同時帶座艙與智駕，讓車上少一個控制器、少一套線束。過去車廠只能選演算法封閉不給改的國外方案，或價格高出一截的高算力平台。
cn_77	Bosch China Robotics (博世中國機器人)	（無官網）	博世在華機器人與自動化業務		
cn_78	BYD	https://www.bydglobal.com	比亞迪，新能源汽車與電池巨頭，自研智駕	一邊把車賣給消費者、一邊把電池賣給同業與儲能案場，輔助駕駛全系標配不另外加價	買方分兩邊：消費者買車，電池則賣給其他車企與儲能專案。天神之眼分三級且全系標配，入門版在高速做車道保持與變道，高階版做城市領航與自動泊車；刀片電池把長條電芯直接排進包體、省掉模組。過去輔助駕駛多半只是高價車型的選配。
cn_79	ByteDance Seed	https://seed.bytedance.com	字節跳動大模型研究團隊	集團內的模型研究團隊，產出先餵自家短影音與剪輯產品，對外透過集團雲按量販售	產出先供內部：豆包模型撐起抖音與剪映的內容理解與生成，Seedream 生圖、Seedance 生短片，直接接進剪輯與廣告投放工具；外部客戶則透過火山引擎按量呼叫同一批模型。過去廣告主一支素材得找外包拍攝剪輯，一輪要好幾天。
cn_8	Anhui Guoqi Technology Co Ltd	（無官網）	國汽智控，智能網聯汽車	車廠要嘛買供應商的黑盒方案不能改，要嘛自寫底層、綁死一家晶片	客戶是車廠與 Tier 1。提供智駕車載作業系統加域控制器，軟硬解耦，車廠能換用不同國產晶片而不必改上層應用，自己招人寫感知與規控，另含車雲協同與資安組件。過去車廠要嘛買供應商的黑盒方案不能改，要嘛自寫底層、綁死一家晶片。
cn_80	CAERI Intelligent Connected Technology	（無官網）	中國汽研旗下，智能網聯汽車測試與研發	新車的自動煞車能不能在假人前停住，車廠自己測沒有公信力	客戶是車廠與零部件供應商，按項目收費。新車量產前送到重慶的封閉與半開放場地，照場景庫實測 AEB 能不能在假人前煞停、車道保持在多大曲率失效，出具第三方報告供公告與宣傳；也賣測試設備與模擬系統。過去車廠自測沒有公信力。
cn_81	Camsense (歡創科技)	https://www.camsense.cn	機器人視覺與激光雷達傳感器	掃地機靠碰撞感測亂走，同一塊地掃兩次卻漏掉角落，測距模組又太貴	客戶是掃地機器人廠，小米、石頭、追覓、美的都在名單上，模組裝在機器頂上那顆凸起裡。單目相機配旋轉雷射量距離，轉一圈測出房間輪廓來建圖規劃路線，成本低於 TOF 方案。過去掃地機靠碰撞感測亂走，同一塊地掃兩次卻漏掉角落。
cn_82	CASC Rainbow / CH Series (彩虹無人機)	（無官網）	航天科技集團旗下，軍用及工業無人機	盯住地面目標盤旋十幾小時的任務，過去得派有人駕駛的偵察機冒險飛	主要買方是中東、北非與南亞的軍方，以軍貿出口為重心。中空長航時機型起飛後可盤旋十幾小時，用光電吊艙盯住地面目標並掛彈直接打擊，採購與操作門檻低於美製同類機；民用端拿來做測繪與災情勘查。過去同樣任務要派有人駕駛的偵察機。
cn_83	CASIC Intelligent Technology Res Inst Co	（無官網）	航天科工智能研究院		
cn_85	CATL Robotics (寧德時代機器人)	（無官網）	寧德時代內部機器人與智能製造	電芯插接與外觀挑檢靠作業員手工，節拍拉不上去，漏檢率隨班次疲勞升高	不對外銷售，服務對象是自家電池工廠。為極片與電芯工序開發視覺檢測挑毛刺與異物，AGV 負責料盒搬運，人形機器人進 PACK 線插高壓連接器並做下線電測。過去這些工位由作業員手工插接與目視挑檢，節拍受限，漏檢率隨班次疲勞上升。
cn_86	CCCC (China Communications Construction Co) Ltd	https://www.ccccltd.cn	中國交建，基建央企	承接港口、跨海橋隧與航道疏浚的設計施工到營運，業主多是各國政府與港務局	業主是各國政府、港務局與交通部門。承接港口碼頭、跨海橋隧與航道疏浚的設計、施工到投資運營，例如派挖泥船把航道挖深讓大船進得了港，不少海外項目以投資帶動工程。這些業主沒有自己的設計院與重型施工船隊，只能對外發包。
cn_88	CCTEG Xian Res Inst Group Co Ltd	（無官網）	中煤科工西安研究院	掘進前方有沒有含水層只能照地質圖推斷，常常透水淹井了才組織搶險	客戶是國有煤礦企業。採區掘進前先用地球物理勘探加鑽探，探清前方有沒有含水層與斷層，據此決定要不要注漿封堵，避免掘進時透水淹井；同時自產坑道鑽機與鑽桿賣給礦上。過去是照地質圖與經驗推斷，常常出水事故發生後才組織搶險。
cn_89	Changjiang Spatial Information Technology	（無官網）	長江空間信息	觀測員定期扛水準儀爬上壩頂逐點抄表，汛期堤防變形沒人及時看見	服務對象是水利系統單位，項目集中在長江流域的大壩、堤防與水庫。做工程測繪與遙感，在壩體埋感測器自動記錄位移與滲流並回傳平台，汛期比對影像看堤防有沒有變形或管湧。過去觀測員得定期扛水準儀爬上壩頂逐點測量抄表。
cn_90	Changsha Mining Metallurgy Institute	https://www.crimm.com.cn	長沙礦冶研究院，礦冶科研機構	服務礦山與選廠企業，既承接技術開發委託，也賣自產的選礦與採礦設備	服務礦山與選廠企業，賣技術服務也賣自產的浮選、磁選設備與礦山裝備。智能選礦是用攝影機判讀浮選槽表面泡沫的大小與顏色，自動調整藥劑添加量以穩住回收率；另有錳基材料與電池回收業務。過去這一步靠老師傅趴在槽邊憑經驗加藥。
cn_92	Cheetah Mobile	https://www.cmcm.com	獵豹移動，從工具軟件轉向服務機器人與 AI	商場銀行大廳的指路與辦事流程問題，得由引導員站一整天一遍遍回答	現在的主體是子公司獵戶星空的服務機器人，買家是商場、銀行、醫院與企業前台。豹小秘在大廳做接待、指路與辦事流程問答，另有送餐與遞送機型。過去這些重複問題由大廳引導員回答。早年支撐公司的工具類 App 海外廣告收入已大幅萎縮。
cn_95	Chengdu Sobey Digital Technology Co Ltd	https://www.sobey.com	索貝，廣電媒體技術	素材存在錄影帶櫃靠人工登錄帶號，找一段舊畫面得翻卡片進機房調帶	客戶是省市電視台、廣電集團與政務宣傳單位。典型場景是新聞製播：記者回傳的素材進中央媒資庫編目，編輯在時間線上剪接，審完直接排進播出串流。過去素材存在錄影帶櫃裡靠人工登錄帶號，要找一段舊畫面得翻卡片、進機房調帶。
cn_96	Chery New Energy Automobile Co Ltd	（無官網）	奇瑞新能源，整車製造	鄉鎮家庭接送小孩買菜，原本只能騎電動三輪或開無牌照的老年代步車	買的是二三線城市與鄉鎮家庭的代步車，用來接送小孩、買菜、十公里內通勤，車身小好停、家用插座就能充。也大量賣給共享車隊與駕訓班。這群人原本騎電動三輪或開無牌照的老年代步車。產品線近年被併回奇瑞集團的新能源品牌體系。
cn_97	China Academy of Railway Sciences	https://www.rails.cn	中國鐵道科學研究院	國鐵與各路局的技術單位，路線檢測、設備標準與行車試驗都由它承擔	產出給國鐵與各路局的工務、電務部門用。檢測列車以接近營運速度跑過路線，一趟量完軌道幾何偏差、接觸網磨耗與信號狀態，回報哪個里程該優先整修。過去靠養路工拿道尺沿線步行檢查，只能在夜間停運的天窗時段做，一晚走不了幾公里。
cn_98	China Building Materials Academy	https://www.cbma.com.cn	中國建材總院	受水泥、玻璃與耐火材料廠委託開發配方，也出具工程驗收要用的檢測報告	服務對象是水泥、玻璃與耐火材料廠，以及要驗收報告的工程單位。做兩件事：受委託開發配方與燒製製程並放大到產線；出具材料檢測報告與標準樣品，結構用料出廠與工程驗收都要有第三方數據。多數廠商沒有能力自建這種等級的實驗室。
cn_99	China CITIC Bank	https://www.citicbank.com	中信銀行	集團旗下的商業銀行，對公端做授信、票據與供應鏈金融，零售端以信用卡為主	對公端服務中信集團產業鏈上下游的企業，做授信、票據與供應鏈金融；零售端以信用卡為主。AI 落在兩個位置：刷卡授權的幾十毫秒內判斷是否盜刷、決定放行或攔截，以及催收與客服的語音應答。過去盜刷要等事後對帳或持卡人報案才發現。
us_1	3DiVi Inc	https://3divi.ai	人臉識別	遠端開戶要行員臨櫃肉眼核對證件，也分不出鏡頭前是真人還是照片翻拍	不做終端產品，賣給系統商嵌進自家軟體。常見用法是銀行 App 遠端開戶時比對自拍與證件照，並判斷鏡頭前是真人還是照片翻拍、螢幕錄影；門禁與智慧城市業者則用來比對進出人員。過去這些要臨櫃由行員肉眼核對證件。
us_10	Adobe	https://www.adobe.com	創意軟件，自研生成模型	賣給設計師與廣告代理商的製圖、剪輯與排版軟體，圖像生成已內建在既有工序裡	客戶是設計師、行銷與廣告代理商。Firefly 的賣點不在畫質而在版權：訓練資料取自自家圖庫，企業法務敢讓產出的圖進正式廣告。Photoshop 的生成填色把去背、擴圖、移除路人這些原本靠圖章與遮罩慢慢修的工序縮成一次框選。
us_100	BostonGene	https://bostongene.com	腫瘤分子分析	選免疫療法前多半只驗幾個單基因突變，再靠病理醫師看切片形態判斷	兩類客戶。藥廠的臨床開發部門用它替試驗篩受試者，把腫瘤切片做定序與影像分析，回報病人的腫瘤微環境屬哪一型、可能對哪種免疫療法有反應；醫院腫瘤科則拿報告輔助選藥。過去多半只驗幾個單基因突變，再靠病理醫師看切片形態判斷。
us_101	Brain Corp	https://www.braincorp.com	商用自主清潔機器人軟件	一台洗地機就綁住一名清潔人員兩三小時，玻璃與垃圾都沒人顧	不賣機器人，把軟體授權給洗地機與搬運設備廠掛自家品牌出貨，終端在賣場、機場與倉儲。清潔人員先推著機器手動走一次路線存起來，之後機器夜間自己跑完整條賣場走道，人改去擦玻璃、倒垃圾。過去一台洗地機就綁住一個人兩三小時。
us_103	Brave	https://brave.com	隱私瀏覽器	對使用者免費的上網入口，收入來自廣告主，以及向它買網頁索引的開發商	瀏覽器對使用者免費，付錢的是廣告主，以及授權 Brave Search 索引與 API 的開發商和 AI 公司——後者需要一份不依賴 Google、Bing 的網頁索引來做檢索。Leo 省掉的是把整頁內容貼進另一個聊天視窗再問問題。
us_104	Bridgewater Associates	https://www.bridgewater.com	全球最大對沖基金，AI 投研	退休金與主權基金要在幾十國的股債匯之間配置，判斷得有一致的規則	錢來自主權基金、退休金與捐贈基金，替它們決定資產配置。做法是把通膨、利率、信用這類總經變數寫成明確的因果規則，同一套規則套在幾十個國家的股債匯與商品上。AIA 實驗室試另一條路：讓語言模型產生投資論點，再丟進歷史回測篩選。
us_105	Burro	https://burro.ai	農業協作機器人	採收工每裝滿一箱就要走到田邊集貨點再走回來，大半工時耗在路上	買家是苗圃、葡萄園與莓果田。採收工原本每裝滿一箱就得走到田邊集貨點放下再走回來，一天大半工時耗在這段路；它跟著人走、裝滿後自己開去集貨點再折返，工人留在原地採。現場不必鋪磁條或埋線，近年也賣進廠區搬運。
us_106	Cambridge Mobile Telematics	https://www.cmtelematics.com	駕駛行為分析	保費只能按年齡、車型與住址分級，跟這個人實際怎麼開車無關	客戶是車險公司與車隊業者。保戶裝 App、車內貼一枚標籤，之後急煞、超速、轉彎力道與開車滑手機都被記下，保險公司據此給折扣或調高保費，出險時還原車速與碰撞方向。過去保費只能靠年齡、車型與住址這類跟實際駕駛無關的粗略分級。
us_107	Canary Speech	https://www.canaryspeech.com	語音健康檢測	認知與情緒篩檢要把人約到院做紙筆量表，多數人不會為此跑一趟	以 API 嵌進醫院、保險給付方與客服中心的通話流程。用法是在一通例行電訪或回診對話裡錄下數十秒語音，從語速、停頓與音高推估認知或情緒的變化趨勢，篩出該安排進一步檢查的人。過去要把人約到院做紙筆量表，多數人不會為篩檢跑一趟。
us_11	Advanced Space	https://advancedspace.com	航天任務設計	衛星發射前的軌道、定位與燃料功課得自己算，月球軌道更沒人實測過	客戶只有 NASA 與國防部，做的是別人發射前的功課：算衛星走哪條軌道、怎麼定位、燃料怎麼分配。CAPSTONE 則由它自己擁有並操作衛星，飛進月球軌道實測，再把導航數據交付 NASA 供 Gateway 站使用，等於代政府先去踩點。
us_111	Capital One	https://www.capitalone.com	銀行，重投 AI	以信用卡起家的消費金融銀行，也做車貸與零售存匯，客服問答多由模型先接手	客戶是一般消費者，信用卡之外也做車貸與零售銀行。Eno 處理的是持卡人平常打電話問的事：這筆重複扣款是不是錯帳、訂閱悄悄漲價、網購不想給真卡號就產一組虛擬卡號。過去得打客服等轉接，卡號一外洩就得整張換掉、重綁自動扣款。
us_112	Carbon Robotics	https://carbonrobotics.com	激光除草農業機器人	行株之間的雜草噴藥會一起傷到作物，只能請幾十人蹲在田裡逐株手拔	客戶是洋蔥、胡蘿蔔、菠菜這類蔬菜與特用作物的大型農場。這些田的雜草長在作物行株之間，噴藥會一起傷到作物，過去只能請幾十名臨時工蹲在田裡一株株手拔，是整季最大的一筆人工。機具掛在曳引機後方邊走邊辨識，用雷射燒掉雜草生長點。
us_113	Carnegie Robotics	https://carnegierobotics.com	機器人傳感器	機器人團隊得自己設計在泥濘、震動與強光下還穩得住的視覺與導航模組	不做整機，賣零件給別人的機器人。立體視覺相機與導航模組被裝進國防單位的除雷與偵察載具、農機廠的自駕設備，以及機器人新創的原型上，替對方省掉自己設計感測模組的時間。戶外泥濘、震動與強光下仍要穩定是它的賣點。也承接代工組裝。
us_114	Cartesia	https://www.cartesia.ai	狀態空間模型（SSM）語音生成	使用者講完話要等整句合成完才出聲，中間那段空白聽起來像斷線	客戶是做語音代理的開發商——電話客服機器人、語音助理與陪聊應用。它解的是延遲：使用者講完話若要等整句合成完才出聲，聽起來像斷線，它邊算邊吐音訊，把第一個字的等待壓到百毫秒級。長序列推理成本也低於 Transformer。
us_115	Cartken	https://cartken.com	配送與工業自主機器人	廠內送樣品零件得作業員自己走過去，鋪磁條裝設備又改不動路線	買家是工廠、實驗室與倉儲的廠內物流。要送的是樣品、零件、料盒這種一次一小批的東西，過去由作業員自己走過去送，或鋪磁條、埋感應線裝 AGV，改造完路線就動不了。它靠攝影機認路，直接在既有走道上跑，不必改造現場。
us_116	Cartwheel	https://getcartwheel.com	3D 動畫生成	要一段角色開門轉身的動作，小團隊租不起動捕棚，也沒人逐格調影格	訂閱客戶是獨立遊戲團隊、動畫工作室與廣告影片製作者。要一段角色開門、轉身、揮手的動作，過去要嘛租動捕棚請演員穿服裝錄一天，要嘛動畫師逐格調關鍵影格，小團隊兩條路都負擔不起。這裡打字或丟參考影片就生出能掛上自家骨架的動作。
us_120	Cerebras	https://www.cerebras.ai	晶圓級 AI 芯片	工程師得把模型切開分散到幾百張顯卡，再處理彼此之間的通訊	買整機的是國家實驗室、藥廠與超算中心；買推理雲的是跑開源模型的開發商。差別在於整片晶圓當一顆晶片用，模型權重直接放在片上記憶體，工程師不必把模型切開分散到幾百張 GPU、再處理彼此間的通訊。對外主打每秒吐出多少 token。
us_122	Cerence AI	https://www.cerence.com	車載語音助手	開車時手不能離方向盤，調溫度、找充電樁只能低頭在螢幕上戳	客戶是車廠，前期收開發授權費，之後按出貨車輛數抽權利金。要解的是手不離方向盤時的操作：說一句「有點冷」就調空調、沿路找充電樁、問儀表燈號什麼意思。車機端小模型讓隧道與山區沒訊號時車控仍能用。現在被車廠自研與科技巨頭夾擊。
us_124	CFD Research Corp	https://www.cfd-research.com	國防仿真研究	推進劑燃燒與爆震傷害過去只能靠實彈與風洞試驗，多數極端狀況做不出來	收入幾乎全來自國防部與 NASA 的研究合約，一案一案接。內容是替軍方建模擬模型：推進劑怎麼燃燒、飛行器表面的熱防護撐不撐得住、爆炸震波對人體組織造成什麼損傷。這些過去只能靠實彈與風洞試驗，成本高且多數極端狀況做不出來。
us_127	Chan Zuckerberg Initiative	https://chanzuckerberg.com	扎克伯格夫婦的慈善機構，做生物 AI	不賣產品也沒有客戶，自建算力訓練細胞模型並維護資料庫，成果開源給學術實驗室	沒有客戶，產出開源給學術實驗室用。科學部門自建 GPU 叢集訓練虛擬細胞模型，另維護大型單細胞資料庫供人查詢。想知道敲掉某個基因細胞會怎麼反應，過去得真做一輪基因編輯、培養、定序，數週起跳；模型先預測，實驗只做篩剩的幾組。
us_128	Charles River Analytics	https://cra.com	國防 AI 研究	收入幾乎全來自軍方與情報單位的研發合約，交付的多半是原型而非量產品	收入幾乎全是國防部、情報單位與 NASA 的研發合約，交付的多半是原型。題目像是：讓一名無人機操作員同時管多架而不超載、把雷達與光電訊號併成一張戰場圖、判斷操作員是否負荷過重。過去這些訊號各佔一個螢幕，靠人在腦中拼起來。
us_129	Chegg Inc	https://www.chegg.com	學習平台	學生半夜卡在作業題上沒人可問，隔天上課也來不及補	付費的是大學生，按月訂閱。把作業題目拍照上傳，拿到逐步解法——題庫是外包兼職解題員長年累積的。ChatGPT 普及後同樣的事免費就能做，訂閱數連年下滑，公司多次裁員、自推 AI 學習工具，並對 Google 的 AI 摘要提告。
us_13	Aeolus Robotics Inc	https://www.aeolusbot.com	養老與家用服務機器人	長照夜班一人要巡十幾間房，住民跌倒或離床往往到下一輪才被發現	部署在日本與歐洲的長照機構與醫院。夜班常是一人要巡十幾間房，它代為定時巡房查看住民是否跌倒或離床，順便送毛巾備品，離峰時段消毒公共區域。多數服務機器人只能移動播音，它有手臂能按電梯、開門、拿東西，代價是單價與維護成本高。
us_130	Chewy	https://www.chewy.com	寵物電商	飼料與貓砂固定會用完、又重又難搬，每次都得開車去量販店扛回家	客戶是養寵物的家庭，多數營收來自定期自動出貨——飼料、貓砂、尿布這種固定會用完、又重又難搬的東西，省去開車去量販店扛回家。另外經營線上獸醫問診與寵物保險。AI 用在需求預測、倉儲調度與客服分流，是應用者而非技術供應商。
us_131	Cisco	https://www.cisco.com	網絡設備巨頭	辦公室、分公司與機房各自成網，串起來與擋住攻擊都要專門設備	買家是企業與電信商的網路部門。賣的是把辦公室、分公司與機房串起來的交換器、路由器與防火牆，近年改訂閱制。兩個新戰場：把資料中心交換器賣給要把上萬張 GPU 串成叢集的人，以及用 Splunk 把全公司日誌集中給資安團隊查事件。
us_133	Clarifai	（無官網）	計算機視覺與 AI 平台	賣的是把模型部署到自有機房或各家雲的平台，軍方與情報單位拿它做影像判讀	兩類客戶。國防與情報單位用它做影像分析，分析員過去得一格格看無人機與衛星畫面找車輛與異常，改由模型先標出目標再交人複核，這類合約在內部引發過爭議。企業端買的是模型編排：同一批模型能調度到自有機房或不同雲，不被綁住。
us_135	Clone Robotics	https://clonerobotics.com	仿生肌肉人形機器人	用液壓驅動取代電動馬達關節，目前仍停在原型階段，靠展示影片與預購吸引創投	波蘭與美國兩地的小型團隊，用液壓驅動的人造肌肉取代電動馬達關節，做出仿人體骨骼與肌腱結構的機器人。目前仍停留在原型階段，靠展示影片與預購名單吸引創投注資，尚未量產，路線與主流電驅人形機器人相反。
us_137	Cobalt Speech & Language	https://cobaltspeech.com	定製語音技術	戴手套的口頭回報與醫師口述的藥名，通用雲端辨識認不出，錄音又不能外流	客戶是醫療、國防與工業，共通點是錄音不能離開自家機房。它不做通用助理，而是針對單一領域重訓辨識模型：醫師口述病歷的藥名術語、機艙與戰術無線電通話、戴手套作業員的口頭回報。這些詞彙通用雲端辨識認不出，錯一個藥名就是事故。
us_138	Coco Robotics	https://www.cocodelivery.com	配送機器人	兩三公里的餐點配送靠騎手或司機跑一趟，單趟成本怎麼算都下不來	與餐廳和外送平台合作按單收費，跑兩三公里的餐點配送。機器人不是全自動：遠端操作員一人監看多台，遇到路口或障礙時接手，因此進新城市不必先做高精地圖，代價是人力成本壓在營運端。過去這段路由騎手或司機跑，單趟成本下不來。
us_139	Cognex Corp	https://www.cognex.com	機器視覺	外殼刮痕與孔距超差靠品管員目視抽檢，漏檢且每個人標準不一	客戶是電子、汽車與物流業的製造工程師。相機架在產線上方，判讀外殼有無刮痕、量測孔距是否超差、讀條碼決定分流，超標就把那件挑掉。過去靠品管員目視抽檢，漏檢與標準不一。近年加了深度學習工具，產線人員不寫程式也能訓練模型。
us_14	Aescape	https://www.aescape.com	AI 機器人按摩	按摩師人力有限、要預約、時段受限，臨時想做多半排不進去	直接客戶是健身房、飯店與復健診所，設備擺在場地裡，場地方向會員收單次費用，公司收設備費與軟體訂閱。解的是排程：按摩師人力有限、要預約、時段受限，設備則能整天連續排，客人指定部位與力道，機械臂先掃描身形建模再依路徑施作。
us_140	Cognichip	https://www.cognichip.ai	AI 芯片設計	專用晶片從設計到流片動輒數年，小團隊跨不過這道門檻	2025年才從隱密開發狀態公開的新創，創辦團隊來自半導體產業。主張用生成模型壓縮晶片設計流程、降低專用晶片的開發門檻與時間。目前尚未有公開發售的產品，仍靠創投資金推進，屬於早期階段公司。
us_141	Cognizant Technology Solutions	https://www.cognizant.com	IT 服務	客戶的系統改版與日常維運整段外包出去，按人月計價，執行人力多在印度	客戶是金融、醫療與製造業的 IT 部門，按人月計價，執行人力多在印度。做的是保險公司理賠系統改版、銀行主機程式搬遷、醫院申報作業外包這類長期駐點的維運。AI 對它是兩面刃：既是新的服務品項，也侵蝕按人頭算月數的計價基礎。
us_142	ColdQuanta	https://infleqtion.com	量子計算（Infleqtion）	穩定收入來自軍方買的原子鐘與慣性感測器，同一套冷原子技術另闢一條運算路線	穩定收入來自國防與航太客戶買的原子鐘與慣性導航感測器。用途是 GPS 被干擾或在地下、水下收不到時，靠自身的精準時鐘與慣性量測維持定位與授時，軍方需求明確。量子運算用同一套雷射冷卻中性原子技術，仍在研發與早期合作階段。
us_143	comma.ai	https://comma.ai	開源駕駛輔助	想要好用的車道置中與跟車，過去只能整台車換掉	買家是自己動手的車主。硬體裝在後照鏡位置、接上車型專屬線束，就把本田、豐田等車款的車道置中與跟車換成 openpilot，表現常優於原廠。過去想要好用的輔助駕駛只能換車。軟體開源由社群移植車型，公司靠硬體獲利，不接前裝。
us_147	Contextual AI	https://contextual.ai	企業 RAG	維修限值或法遵條文散在幾千份文件裡，只能翻手冊或問老同事	客戶是金融、能源這類受監管產業的內部員工。要查的東西散在幾千份規範、報告與合約裡——某設備的維修限值、某條法遵條文適不適用——過去只能翻手冊或問老同事。回答必須附上出自哪份文件哪一段，因為這些產業不接受無法追溯的答案。
us_149	Core4ce	https://www.core4ce.com	國防 IT	作戰與後勤資料散在各系統查不動，能碰這些資料的人還得先通過背景調查	收入幾乎全部來自國防與情報單位的合約，做法是派通過背景調查的工程師進駐。工作內容是把分散在各系統的作戰與後勤資料整成可查詢的資料庫、建監控與稽核機制、把老舊系統接上新平台。沒有自有產品可賣，賣的是有安全許可的人力與時數。
us_15	AEye	https://www.aeye.ai	車載激光雷達	路口的車流、行人與違規狀況，過去只能靠攝影機畫面事後人工判讀	重心已從車廠前裝轉向智慧交通的政府標案——裝在路口桿件上偵測車流、行人與違規，資料回傳交控中心。它不自建產線，把光達設計授權給代工方生產，自己收授權費與工程服務費。掃描方式可用軟體調整，同一顆能對路口特定區域加密取樣。
us_151	Corteva Agriscience	https://www.corteva.com	農業種子與作物保護	玉米、大豆農戶每季要用的育成品種與防治藥劑，都從農業經銷通路向它買	客戶是玉米、大豆種植戶，透過農業經銷通路買種子與農藥。育種 AI 解的是時間：要挑出抗旱又高產的品種，過去得在田裡實種上千組雜交組合、跟著季節觀察好幾年。現在先用基因型預測表現，篩掉大部分，只把有機會的下田試種。
us_152	Covariant	（無官網）	機器人基礎模型	混雜一箱的商品形狀與擺放每次都不同，只能寫死規則或請人一件件揀	做倉儲揀貨：機械臂要從混雜一箱的商品裡抓起指定品項，形狀與擺放每次都不同，過去要嘛為每種商品寫抓取規則，要嘛請人一件件揀。它改用大量操作資料訓通用模型。後來亞馬遜以授權加挖角吸走創辦團隊與四分之一員工，已停止獨立運作。
us_154	CQG Inc	https://www.cqg.com	期貨交易平台	行情慢幾十毫秒就等於看到過期的價格，單子掛出去已經來不及	客戶是自營交易商、經紀商與交易所會員，按席位收月費。交易員盯期貨與選擇權的即時報價與圖表，直接從圖上掛單、改單，行情慢幾十毫秒就等於看到過期的價格。它自建全球低延遲網路直連各交易所、不經第三方轉發，是它守住席位的基礎。
us_155	Cruise	（無官網）	通用汽車旗下 Robotaxi	城市裡每一趟叫車都得配一名司機，這條無人化路線在事故後被中止	曾在舊金山營運無人計程車，乘客用 App 叫車、車上沒有安全員。一起拖行行人的事故後遭加州吊照，通用隨後停止投入 Robotaxi，團隊併入自家駕駛輔助部門，品牌終止，官網已導向 GM。剩下的是那批工程師與技術留在通用內部。
us_156	Curai Health	https://curaihealth.com	AI 初級診療	看診要預約等好幾天，醫師大半時間又花在重複問同一套病史	付錢的是保險給付方與雇主，按人頭收月費而非按次收費。病人在 App 裡打字描述症狀，AI 先問完病史、整理成鑑別診斷清單，醫師接手確認、開藥或轉診。過去看診要預約等幾天，醫師大半時間花在重複問病史。人頭費讓它有動機自動化。
us_158	Cursor	https://cursor.com	Anysphere 的 AI 編程編輯器	改一段程式得貼進瀏覽器聊天視窗、自己補上下文，再把回答貼回來	訂閱客戶從個人開發者到整個工程團隊。用法是在編輯器裡圈一段程式說要改成什麼，模型跨多個檔案改完、以 diff 讓人逐段接受，或描述一個功能讓它自己找檔案實作。過去是把程式碼貼進瀏覽器聊天視窗、自己補上下文，再把回答貼回來。
us_159	Cybral	https://www.cybral.com	網絡安全		
us_16	Affectiva	https://www.affectiva.com	情感識別 AI，MIT 媒體實驗室孵化	駕駛恍神或視線離開路面，車內原本無人察覺，歐盟新車安全法規已要求偵測	現在是 Smart Eye 旗下品牌，主力是車內駕駛監測：攝影機盯駕駛的眼皮、視線與頭部姿態判斷是否疲勞分心，車廠裝它是為了滿足歐盟新車安全法規。更早用於廣告測試，播片時用網路攝影機錄觀眾表情逐秒對應，取代事後回憶式的問卷。
us_160	Cycorp Inc	https://cyc.com	常識知識庫與符號推理	有些場合不接受說不清理由的答案，統計模型講不出自己憑什麼這樣答	走與統計學習相反的路：知識由人一條條手寫，像「人不可能同時在兩個地方」這種不言自明的常識，再由邏輯引擎推理作答。用它的是少數政府與企業專案，看中每個結論都能列出動用了哪幾條規則——在說不清理由就不被接受的場合才有價值。
us_161	Cyngn	https://www.cyngn.com	工業自動駕駛車輛	廠內固定路線來回拖料，過去得請司機整天跑同一段，設備也換不起	賣給廠內物流：既有的工業拖車與堆高機裝上它的套件後變成自駕，在固定路線上把物料從倉庫拖到產線。過去要請司機整天來回跑同一段路。走訂閱制而非賣車，客戶不必換掉現有設備。目前部署規模與營收都還小，多半停在單一廠區的試點。
us_164	Databricks	https://www.databricks.com	數據與 AI 平台	資料湖與資料倉儲兩套並存，同一份資料在中間搬來搬去還對不起來	客戶是企業的資料工程與資料科學團隊。交易紀錄、App 日誌與感測資料散在各系統，過去要同時維護資料湖與資料倉儲兩套、在中間搬來搬去。這裡合成一套：工程師清洗成表、分析師直接查詢、資料科學家在同一份資料上訓練與部署模型。
us_165	Datadog	https://www.datadoghq.com	雲監控	半夜服務變慢，指標、追蹤與日誌各一套工具，得在不同系統間對時間戳	客戶是企業的維運與 SRE 團隊。半夜服務變慢時，值班工程師要在同一畫面把主機指標、追蹤與日誌串起來，找出是哪個服務、哪次部署出問題。過去三者各裝一套工具，出事得在不同系統間對時間戳。按主機數與資料量計費，用越多帳單越陡。
us_166	Dataminr	https://www.dataminr.com	實時事件風險情報	工廠或出差員工所在地出事，得靠分析師輪班盯社群與警用無線電才知道	客戶是企業的安全維運中心、新聞編輯台與政府應變單位。用途是工廠或出差員工所在地發生火災、抗議或槍擊時，在通訊社發稿前收到帶定位的警報，據以決定疏散或改路線。過去靠分析師輪班盯社群與警用無線電，漏訊難免。
us_168	Dedrone	https://www.dedrone.com	反無人機	闖進機場與球場上空的無人機，過去只能靠人眼發現、事後報案	客戶是機場、監獄、體育場館與電廠的保全部門。偵測闖入空域的無人機、判定機型並定位操控者，讓地面人員決定是否暫停起降或通報警方。過去只能靠人眼發現與事後報案。團隊與產品已併入 Axon 的公共安全線，仍以原名營運。
us_17	AGCO Corp	https://www.agcocorp.com	農業機械，精準農業 AI	賣給中大型農場與代耕業者的曳引機與農具，近年把逐行調控的套件加裝在既有機具上	買方是中大型穀物與經濟作物農場及代耕業者。PTx 的套件裝在既有播種機與噴藥機上，播種時逐行調整下種深度與株距，噴藥時只對雜草點噴。過去駕駛憑目測調整，整片田用同一設定與同一劑量，雜草少的地方也照噴。
us_170	Deep Instinct	https://www.deepinstinct.com	深度學習防病毒	靠特徵碼比對得等廠商更新，筆電離線時沒見過的變種只能事後補救	買方是企業資安團隊，尤其管端點與檔案伺服器的人。檔案落地或被開啟前由本機模型直接判定是否放行，筆電離線或斷網時同樣能判。過去靠特徵碼比對，得等廠商發布更新、或把檔案送雲端查，沒見過的變種只能事後補救。
us_171	Deep Origin	https://deeporigin.com	計算生物學	分子值不值得合成，過去要自建叢集跑模擬並養一批計算化學人員	使用者是生技公司與學術的藥物設計團隊。用途是在合成之前，用分子動力學模擬加機器學習估算分子與標靶的結合強弱，篩掉多數不值得動手做的結構；另提供雲端運算與實驗資料管理，按用量付費。過去這類模擬要自建叢集並養計算化學人員。
us_172	Deepcell	https://www.deepcell.com	AI 單細胞形態學	要挑出稀有細胞得先知道用哪個表面標記，染了色細胞往往也活不成	客戶是學術實驗室與藥廠研究部門。用途是不加螢光抗體，直接依細胞外形把稀有細胞挑出來，且挑出後細胞仍活著、可繼續培養或定序。過去得先知道該用哪個表面標記再染色，標記不明或染了就死的細胞只能放棄。
us_174	Deepgram	https://deepgram.com	語音識別 API	通話品質靠人工事後聽打抽檢，通用語音服務延遲與專名錯誤率又太高	買方是客服中心、會議軟體與語音代理的開發團隊。用途是把通話即時轉成文字，供督導在線上看逐字稿、或讓語音機器人在數百毫秒內聽懂並回話。過去靠人工事後聽打抽檢，或用通用雲端語音服務，延遲與專有名詞錯誤率難以接受。
us_175	DeepHealth	https://deephealth.com	RadNet 旗下影像 AI	一天數百張乳房攝影只能依到件順序逐張看，高風險的片子可能排在最後	使用者是影像中心與醫院的放射科醫師。乳房攝影先由模型標出可疑處並重排閱片順序，把明顯正常的片子往後放，醫師先看高風險件。產品既供母公司自家上百家診所使用，也對外賣給其他醫院。過去一天數百張片子只能依到件順序逐張看完。
us_176	DeepScribe	https://www.deepscribe.ai	病歷記錄 AI	醫師得邊問診邊打字，或晚上回家補打，送外包聽打要等到隔天	客戶是門診醫師，尤其腫瘤、泌尿、骨科等次專科。看診時錄下醫病對話，結束後自動生成該科格式的病歷草稿並寫回電子病歷，醫師只需校對簽署。過去醫師得邊問診邊打字，或晚上回家補打，或外包聽打隔天才拿到稿。
us_177	DeepSig Inc	https://www.deepsig.ai	AI 無線信號處理	干擾嚴重時收不下來的封包只能丟掉，頻譜裡誰在發話也靠分析師判讀	買方是電信設備商與軍方單位。一條線是把基站接收端的基頻處理換成神經網路，在干擾嚴重的環境下多解出原本會丟掉的封包；另一條是在邊境或戰場監看頻譜，從雜訊中認出是哪種發射器在發話。過去兩者都靠人工設計的演算法與分析師判讀。
us_178	DeepTempo	https://www.deeptempo.ai	網絡安全	為了偵測威脅得把日誌從自家環境複製一份送出去，再按量付授權費	客戶是已把日誌集中在 Snowflake 或微軟雲的資安團隊。偵測直接在資料倉儲內執行，日誌不必再複製一份送到外部 SIEM，結果對應到 MITRE ATT&CK 手法。過去為了偵測得把日誌搬出自家環境，再按量付授權費。
us_18	Agility Robotics	https://www.agilityrobotics.com	雙足人形物流機器人	把料箱從輸送帶搬上推車是整班站著彎腰的活，旺季常招不到臨時工	客戶是物流倉庫與第三方物流業者的營運端。Digit 做的是把料箱從輸送帶末端搬上推車、或回收空箱，這類整班站著彎腰、流動率最高的職務。按月租用而非買斷，旺季可增減台數。過去靠臨時工填補，旺季常招不到人。
us_181	Dexai Robotics	（無官網）	廚房機器人	舀配料組餐碗是備餐人員尖峰時段重複數百次的動作，手快也撐不住	洽談對象是連鎖速食與團膳廚房。機械手臂握的是廚房原本就有的杓子與容器，站在備餐線上照單舀配料、組出沙拉或餐碗，不必改動線或換餐具。過去這是備餐人員在尖峰時段重複數百次的動作。近年公開動態稀少，官網僅剩聯絡頁。
us_182	Dexterity Inc	https://www.dexterity.ai	物流機器人	把散箱堆進悶熱車廂由兩人徒手完成，一台車數十分鐘且最難留人	客戶是快遞與物流業者的場站。機器人做的是把散裝箱子一箱箱堆進貨櫃或貨車車廂，以及卸貨與堆棧板，這些正是夏天車廂內悶熱、最難留人的位置。過去由裝卸工兩人一組徒手完成，一台車得花上數十分鐘。
us_183	Diagnocat	https://diagnocat.com	牙科影像 AI	牙醫得自己在片子上逐顆看再口頭解釋，病人看不懂也就不同意療程	客戶是牙醫診所。上傳口內 X 光或錐狀束斷層後，自動標出齲齒、根尖病變與骨質狀況並產生圖文報告，醫師拿著跟病人解釋為什麼要做這項治療。過去得自己在片子上逐顆看，再口頭說明，病人看不懂也就不同意療程。
us_184	Dialpad	https://www.dialpad.com	AI 通話平台	主管要抽聽通話錄音才知道品質，錄音分析還得另外買再跟總機串接	客戶是把總機、會議與客服整套搬上雲端的中型企業。內建的語音功能讓主管不必再抽聽錄音：通話一結束就有摘要與待辦，業務通話中畫面會提示該怎麼回答，客服對話轉負面時即時示警督導。過去這些得另外買錄音分析系統再跟總機串接。
us_185	Diffbot	https://www.diffbot.com	網頁知識圖譜	要拿到某家公司的員工數與高管，得自己養爬蟲、為每個網站寫解析規則	買方是市場情報、招聘與銷售線索工具的開發團隊。用法是以 API 問「這家公司現在的員工數與高管是誰」，由它自行爬取並解析網頁版面回傳結構化答案。過去要嘛自己養爬蟲、為每個網站寫解析規則並隨改版修補，要嘛買人工整理的名錄。
us_186	Digital Diagnostics	https://www.digitaldiagnostics.com	自主 AI 診斷	糖尿病患得另約眼科、等判讀報告，很多人就此沒去，拖到視力受損	設備部署在基層診所、藥局與社區健康中心。糖尿病患回診時由一般人員拍眼底照，機器當場判定有無視網膜病變，陽性才轉診眼科，按設備與每次檢查收費。過去病患得另約眼科、等判讀報告，很多人就此沒去，拖到視力受損才發現。
us_187	Digital Global Systems Inc	https://www.digitalglobalsystems.com	頻譜分析	干擾從哪來、頻段被誰占用，得由工程師帶手持儀器到現場逐點量測	客戶是國防與公共安全單位，以及自建專網的企業。固定式與可攜式設備持續掃描周邊射頻，指出哪個頻段被誰占用、干擾從哪個方向來，供頻譜管理人員排除或作為舉證依據。過去得由工程師帶手持頻譜分析儀到現場逐點量測。
us_188	Diligent Robotics	https://www.diligentrobots.com	醫院服務機器人	領藥、送檢體與補耗材的跑腿佔掉護理師不少班時，或得另排傳送人員	客戶是醫院的護理部門。Moxi 跑的是護理師每班要走的那些路：到藥局領藥、送檢體到檢驗科、補充耗材，帶機械臂能自行按電梯、開門。按月租用而非買斷。過去這些跑腿佔掉護理師不少班時，或得另排傳送人員。
us_189	DOCOMO Innovations Inc	https://www.docomoinnovations.com	NTT Docomo 美國	日本總部隔著太平洋看不清矽谷新創，新創也摸不進日本電信市場	不對外銷售產品，服務對象是母公司的事業部門。實際產出是替 NTT Docomo 評估矽谷新創的技術、促成試點與投資，把可用的技術引回日本；另一面協助已合作的新創把產品帶進日本電信市場、對接當地規格與通路。
us_190	Dolby Lab Licensing Corp	https://www.dolby.com	音頻技術	本身不做產品，只持有專利與商標，電視、手機與串流平台想支援對應格式就得付權利金	這家法人本身不賣產品，只持有杜比的專利與商標並對外授權。付錢的是電視、手機、車用音響廠與串流平台：產品要打上 Dolby Atmos 或 Vision 標誌、要能解碼對應格式，就得取得授權、通過認證並按台數付權利金。
us_191	Doma	https://www.doma.com	產權保險 AI	每件房貸都要產權審查員到郡政府翻查數十年的產權鏈文件，動輒數天	現在的客戶是其他產權保險公司與房貸機構，不再自行經營通路。賣的是即時核保引擎：房貸案件送進來時自動比對地政登記與留置權紀錄，低風險件當下就出保單。過去每件都要產權審查員到郡政府翻查數十年的產權鏈文件，動輒數天。
us_192	Dorabot	（無官網）	藍胖子，物流機器人	尺寸混雜的包裹得由分揀線上兩班制的人力一件件抓起、讀單、分道	客戶是快遞與電商倉儲業者。機器人做的是從堆料區把尺寸混雜的包裹一件件抓起、讀面單並分到對應滑道或裝進航空貨櫃，FedEx 曾採用。過去這是分揀線上兩班制的人力工作。近年公開消息稀少，原網域已無法正常連線。
us_194	Dreamfold	https://www.dreamfold.ai	生成式 AI 初創	蛋白質藥過去靠動物免疫或噬菌體展示篩庫，從大量隨機序列裡碰運氣	沒有一般意義的客戶，產出是自家的候選藥物。用生成模型直接設計能貼合指定標靶的蛋白質結構，再到自建濕實驗室合成、驗證是否真的結合，主攻癌症與免疫疾病。過去這類蛋白質藥物靠動物免疫或噬菌體展示篩庫，從大量隨機序列裡碰運氣。
us_196	DRW	https://www.drw.com	自營交易公司	機構要成交，螢幕上得有人永遠掛著買賣兩邊的報價接住這些單子	沒有外部客戶，只用自有資金在交易所做市與套利。做的是同時在多個市場掛出固定收益、能源、農產品與數位資產的買賣報價，賺取價差並控管留在手上的部位風險。對下單的機構投資人而言，它就是螢幕上永遠掛著報價、讓單子成交的那一方。
us_198	Dyno Therapeutics	https://www.dynotx.com	AI 設計基因治療載體	載體只能從少數天然血清型裡挑現成的，打進血管後散得到處都是	客戶是開發基因治療的藥廠。賣的不是藥，是載體外殼的設計：以機器學習改寫 AAV 衣殼序列，讓靜脈注射後的載體更集中到眼睛、肌肉或腦，並避開人體既有抗體。藥廠取得授權後裝上自己的基因。過去只能從少數天然血清型裡挑現成的用。
us_199	Eagleview	https://www.eagleview.com	航拍影像分析	估屋頂材料或核定冰雹理賠，得派人架梯爬上屋頂拉尺量，一天跑不了幾戶	客戶是保險理賠人員、屋頂承包商與太陽能安裝商。買的是一份報告：從斜角航照算出某棟房子每一面屋頂的尺寸、坡度與材質，用來估材料量或核定理賠，冰雹災後也用來判斷損壞程度。過去得派人架梯爬上屋頂拉尺量，危險且一天跑不了幾戶。
us_202	Ekso Bionics	https://eksobionics.com	外骨骼	穿在身上替人承重的支架，復健科拿來帶病人練走，工廠拿來卸掉舉手過肩的負擔	兩種買家。復健醫院買下肢步態機，讓中風或脊髓損傷病人由機器帶動雙腿重新練走，一名治療師顧一位病人即可；過去得兩三人扶著在跑步機上撐住體重。工廠與營造商買上肢背心，替長時間舉手過肩作業的工人卸掉手臂重量，減少肩頸職業傷害。
us_203	Elbit Systems of America	https://www.26defense.com	以色列埃爾比特美國分部	美軍採購要求美製與可追溯供應鏈，以色列母公司的裝備無法直接投標	客戶是美軍各軍種與國土安全單位。在美國生產夜視鏡、頭盔顯示器、火砲與戰車射控電子、無人機酬載等，因為美軍採購要求美製與可追溯供應鏈，以色列母公司產品無法直接投標。近期改以 Twenty-Six Defense 品牌經營。
us_204	Elemental Cognition	（無官網）	神經符號推理 AI	規則複雜、答錯要負責的流程，過去靠人臨場翻規章手冊，模型憑猜的答案不能用	用在規則複雜、答錯要負責的企業流程。做法是把政策與規則寫成形式化描述交給求解引擎，語言模型只負責讀懂問題與解釋結果，不直接猜答案。早期應用是替航空公司回答改票：這張票能改到哪班、要補多少差額。過去靠客服翻票價規則手冊。
us_206	Elicit	https://elicit.com	AI 科研文獻助手	系統性回顧靠兩名助理逐篇讀摘要、手動填表，一輪要花上數週	使用者是要做系統性文獻回顧的研究者，包括藥廠與學術團隊。輸入一個問題後自動篩選數千篇論文，抽出每篇的樣本數、介入方式與結果，排成一張可橫向比對的表。過去這是兩名研究助理照納入排除條件逐篇讀摘要、手動填表的數週工作。
us_207	Ellipsis Health	https://www.ellipsishealth.com	語音心理健康評估	篩檢問卷與術後追蹤電話由護理人員一通通撥，名單常常打不完	客戶是保險方與醫療體系。Sage 是會打電話的語音助理，代替衛教人員撥那些量大而制式的來電：確認病人是否符合照護計畫、跑憂鬱焦慮篩檢問卷、術後追蹤有無異狀，結果回寫給個管師接手。過去這些由護理人員一通通撥，常打不完。
us_208	ELSA Corp	https://elsaspeak.com	英語發音 AI	想練發音得找一對一老師，自己聽錄音多半聽不出到底差在哪	使用者是越南、日本、印度等地準備多益雅思或求職面試的學生與上班族。App 讓人跟著唸句子，指出是哪一個音發錯、重音擺錯位置，而不是只給總分。另有企業與學校版本。過去要練發音得找一對一老師，自己聽錄音多半聽不出差在哪。
us_209	Elucidata	https://www.elucidata.io	生物數據平台	每要用一批外部生物資料，就得有人花數週寫腳本清理，且各人清法不同	客戶是藥廠與生技公司的研發團隊。把散在公開資料庫與自家實驗的基因表現、蛋白質體資料，統一欄位名稱、樣本註記與格式，讓研究員直接查詢比對。過去每要用一批外部資料，生物資訊人員就得花數週寫腳本清理，且各人清法不同難以重用。
us_210	Embodied	（無官網）	陪伴機器人	自閉症孩子的輪流說話與情緒練習，只能靠每週一次療程加家長陪練	買家是家長，尤其自閉症或社交焦慮兒童的家庭。Moxie 放在桌上，每天和孩子做一段對話練習，練輪流說話、辨認情緒。過去這類練習靠治療師每週一次療程加家長陪練。後因募資失敗停止營運，雲端一度中斷，由外部買家接手維護。
us_211	EMOTIV	https://www.emotiv.com	腦電設備	一次腦電實驗要排實驗室、逐顆黏貼電極再清洗，受試者也不能走動	客戶是學術研究者、神經行銷公司與腦機介面開發者。乾電極耳機讓腦電圖不必進實驗室、不必塗導電膏，受試者能戴著在貨架前走動或邊工作邊記錄，資料經 Cortex API 取用分析。過去一次實驗要排實驗室、逐一黏貼電極並清洗。
us_212	EnsoData	https://www.ensodata.com	睡眠診斷 AI	整夜紀錄得由技師以三十秒為一段逐段標記，一份數小時，報告因此塞車	客戶是睡眠中心與醫院的睡眠技師。用途是把整夜多項生理檢查的腦波、呼吸與血氧訊號自動判讀成睡眠分期與呼吸中止事件，技師只需覆核；另延伸到家用檢測。過去一夜紀錄得由技師以三十秒為一段逐段標記，一份數小時，是報告塞車的主因。
us_214	Entrust	https://www.entrust.com	身份認證與安全	橫跨實體與數位：分行櫃檯即時發卡的機具、簽發員工與設備憑證的系統、開戶核驗	客戶是銀行與政府發卡單位，以及企業管身分與憑證的人。產品橫跨實體與數位：分行櫃檯即時壓印晶片卡的機具、簽發員工與設備憑證的系統、開戶時比對證件與人臉的服務。2024 年因信任問題，主要瀏覽器停止採信其新簽發的網站憑證。
us_215	Enveda	https://www.enveda.com	天然產物 AI 藥物發現	天然物要靠化學家逐一分離純化、解出結構，一個分子就要花上數月	沒有外部客戶，產出是自家的候選藥物。到各地採集植物樣本，用質譜測出其中數千種代謝物訊號，再以機器學習推斷這些未知分子是什麼、哪些有活性，挑出來自行推進臨床。過去天然物研究得靠化學家逐一分離純化、解結構，一個分子要數月。
us_216	Epsilon Systems Solutions Inc	https://www.epsilonsystems.com	國防工程服務	軍艦與潛艦靠進塢拆換管路、修補艙間才能延壽，海軍自己接不下這些工程	客戶是美國海軍。做的是艦艇與潛艦進塢後的維修延壽工程：拆換管路、修補艙間結構、翻修系統，另提供 C5ISR 技術支援、人員訓練與環境合規作業，透過 SeaPort-NxG 等聯邦契約載具接案，並在各母港附近設廠就近進場。
us_217	Equilibrium Energy	https://www.equilibriumenergy.com	儲能與電力交易	自己開發並操作電池案場，低價時充、尖峰時放，也把內部的價格與壅塞分析賣給同業	做兩件事。一是開發與運營電池儲能案場，在批發市場低價時充電、尖峰時放電，兼做輔助服務。二是把內部用的分析工具賣給其他交易員與儲能業者：整合各節點價格、輸電壅塞與需求預測，供人決定何時充放。以德州 ERCOT 等市場為主。
us_218	Eudia	https://www.eudia.com	法律 AI	對方改回的合約要逐條比對底線，併購查核還得翻上千份合約找條款	客戶是大型企業的法務與採購部門。針對法務最耗時而重複的那段：對方寄回的合約改稿要逐條比對自家底線、供應商合規問卷要回、併購查核要翻上千份合約找變更控制條款。把公司既有的審閱規則編碼成代理，接上既有系統。使用者包括嘉吉。
us_22	Aigen	https://www.aigen.io	太陽能除草機器人	抗藥性雜草與有機田不能噴藥，只能請鋤草工班進場，整季最大一筆人工	客戶是大型蔬菜與棉花農場。機器在行間自主來回，用機械刀片鏟除雜草，靠車頂太陽能供電，不燒柴油也不噴藥，解決抗藥性雜草與有機田的除草成本。過去靠人工鋤草工班或整片噴藥。近年把累積的田間資料延伸成戶外機器人的世界模型平台。
us_220	EvenUp	https://www.evenuplaw.com	人身傷害法律 AI	車禍案件動輒數百頁病歷，助理逐頁翻成摘要再憑經驗開價，一件數十小時	客戶是人身傷害律師事務所。車禍案件的醫療紀錄動輒數百頁，由它讀完整理成時間軸、對應到各項損害並估出合理求償金額，再生成寄給保險公司的求償信。過去這是律師助理逐頁翻病歷、抄成摘要再憑經驗開價，一件要數十小時。
us_221	EvolutionaryScale	https://www.evolutionaryscale.ai	蛋白質語言模型	要一個耐高溫又帶指定活性中心的蛋白質，只能從天然序列慢慢改著試	使用者是蛋白質工程與藥物設計的研究團隊。模型吃序列、結構與功能三種資訊，可以指定「要有這個活性中心、要在高溫下穩定」再生成從未存在過的蛋白質。最小規格以 MIT 授權開源，其餘走付費 API。現已併入 Biohub。
us_223	EXL Service Holdings Inc	https://www.exlservice.com	數據分析服務	理賠審核、帳務調節與病歷編碼是動輒數百人的後台，各地流程還各做各的	客戶是保險公司、銀行與醫療給付方。把整段作業接過去、由印度與菲律賓據點執行：理賠件審核、帳務調節、病歷編碼與催收，近年再往上接資料治理與 AI 導入顧問。過去這些是客戶自己養的後台部門，動輒數百人，各地流程還各做各的。
us_224	Expedition Technology	https://expedition-technology.com	國防信號處理 AI	截獲的是哪種發射器、空拍影像裡有沒有目標，過去都靠分析員逐張判讀	客戶是美國國防與情報機構。做的是把深度學習用在雷達、通訊訊號與衛星影像的判讀：從一段截獲訊號認出是哪種發射器、從空拍影像找出特定目標。多以研究合約形式交付，部分成果產品化為可交付系統，另對外販售可供訓練模型的標註資料集。
us_226	EY-Parthenon	（無官網）	安永戰略諮詢	出價前得知道這個市場還能成長幾年、標的的客戶與定價撐不撐得住	客戶是要買公司或要動大手術的企業與私募基金。做的是交易前的商業盡職調查——這個市場還能成長幾年、標的的客戶留存與定價撐不撐得住，用來決定出價與貸款條件；以及交易後的營運策略與轉型。無獨立網域，人員與品牌隨各國會員所運作。
us_227	FANUC America	https://www.fanucamerica.com	發那科美國，工業機器人	汽車、電子與食品廠的機械手臂與數控裝置，多經系統整合商整線出貨，零件長年供應	客戶是汽車、電子與食品廠，實務上多透過系統整合商出貨：整合商買機器人再設計夾具與程式，整線交給工廠。產品除搬運焊接的機械手臂外，還有 CNC 控制器與自家加工機。賣點是零件長年供應與終身維修，因為產線停一分鐘都是錢。
us_228	FarmWise (acquired by Taylor Farms)	（無官網）	除草機器人	生菜田逐株拔草原本靠短期工蹲在田裡，工人卻越來越請不到	客戶是加州的蔬菜農場，處理生菜等行栽作物的除草。原本靠短期工人蹲在田裡逐株拔草，越來越難請到人。機具由曳引機拖行，以相機分辨作物與雜草，再用刀片在苗株間隙鏟除。技術已併入生鮮加工商 Taylor Farms。
us_231	FICO	https://www.fico.com	信用評分與決策分析	核卡核貸要判斷申請人會不會違約，原本各分行信貸員各憑一套標準	買方是銀行、車貸與信用卡公司的授信部門。核卡核貸要判斷申請人會不會違約，原本由分行信貸員看存摺與職業各憑一套標準。評分把徵信報告的還款紀錄與負債比壓成一個三位數，貸方直接設門檻。另一條線讓風控人員不寫程式就改規則。
us_232	FieldAI	https://www.fieldai.com	野外機器人基礎模型	工地礦場沒有現成地圖、地貌天天被挖動，機器人一進去就不知道怎麼走	客戶是建築工地、礦場與能源設施的營運方。這些現場沒有現成地圖、衛星訊號常收不到、地貌天天被挖動，原本得先派人扛儀器走一趟建模。軟體讓機器人邊走邊估腳下風險自行選路，同一套可換裝在四足、輪式或人形機體上。
us_233	Figure	https://www.figure.ai	通用人形機器人	產線上整班搬零件的重複工只能靠人，專用設備又因常改款而不划算	合作對象是汽車與物流廠的產線。試點工作是把零件從料架搬上輸送帶這類要站整班的重複搬運，原本由作業員做，專用設備又因產線常改款而不划算。機器人以攝影機輸入、單一模型輸出雙手動作，換工序靠人示範而非重寫程式。
us_236	Fireworks AI	https://fireworks.ai	推理即服務	想用開源模型得自己租卡裝框架，流量一波動不是塞車就是空燒	用的人是想把開源模型放進自家產品的工程團隊。原本得自己租 GPU、裝推理框架、處理排隊與顯存配置，換個模型又重來，流量忽高忽低時不是塞車就是空燒。改成按用量付費，也能把自己微調的權重掛上去，用於聊天與程式輔助的後端。
us_239	Flagship Pioneering	https://www.flagshippioneering.com	生物科技孵化器	先由內部提出科學假設並花數年實驗驗證，撐過去才成立公司、配資金與執行長	不投現成團隊，而是自己先提出科學假設，內部小組花兩三年做實驗把它證偽，撐過去才立案成公司、配執行長與資金。產出是一家家新藥與農業生技公司，最終買單的是藥廠與病人端；資金來自機構投資人，靠持股與管理費回收。
us_24	Aimesoft	https://www.aimesoft.com	多模態 AI	醫院飯店想要能聽能看的現場系統，得分頭找語音、翻譯、影像廠商	客戶集中在醫院、飯店與運輸業者。做的是把語音、文字與影像接成一套現場系統，例如櫃台的多語問答機、車站旅客資訊裝置、病歷與影像的判讀輔助。原本這類單位得分別找語音辨識、翻譯與影像廠商各串一段。交付方式是現成模組加客製導入。
us_240	Flexiv Robotics	https://www.flexiv.com	力控自適應機器人	打磨曲面、插軟排線靠的是手感，照固定軌跡走的機械臂做不來	客戶是電子組裝與代工廠的製程工程師。典型工序是打磨曲面或把軟排線插進插槽：位置每次差一點、力道大了壓壞、小了插不進，原本只能靠老師傅手感，一般機械臂照固定軌跡走就會失敗。手臂邊做邊量受力回饋修正，教學時用手帶動示範。
us_241	Flock	https://www.flocksafety.com	車牌識別攝像頭	車被偷了要挨家調監視器、派人盯畫面找車，出了轄區線索就斷	買方是地方警局、社區管委會與商場保全。用途是車輛失竊或搶案後回查：原本得挨家調監視器、派人盯畫面找車，跨出轄區就斷線。攝影機記下每輛經過車的車牌與車身特徵，警員輸入車牌或「白色皮卡加車頂架」就能查出現過的時間地點。
us_242	FMR LLC	https://www.fidelity.com	富達投資	同時服務散戶與企業的資產管理商，經手退休帳戶、基金申購與股票下單	兩端客戶：一般民眾在這裡開退休帳戶、買基金與下單股票；企業把員工的退休金計畫整包委託它管理記帳。原本上班族的退休金由雇主找保險公司代管，個人買基金得透過營業員並付佣金。收入來自管理費與帳戶服務費。
us_243	Forterra	https://www.forterra.com	軍用自主車輛（原 RRAI）	補給車隊過危險路段，每台車都得配駕駛，領頭車壓到地雷就是人命	客戶是陸軍與國防部的地面載具專案，也供貨給商用卡車廠。要解決的是補給車隊駛過危險路段：原本每台車都得配駕駛，領頭車壓到地雷就是人命。套件加裝在既有卡車上，前車帶頭、後面數台自動跟隨，訊號被干擾時仍能走完預定路線。
us_245	Fractal	https://fractal.ai	AI 分析服務	該調哪支產品的價、庫存鋪到哪個倉，企業只能用試算表硬做	客戶是消費品、零售、金融與醫療的大企業，對口是行銷、供應鏈或風控主管。典型案子像是某支洗髮精在哪些通路該調價、多少庫存鋪到哪個倉、哪些客戶快流失。原本由企業內部團隊用試算表硬做，或找顧問交一份報告。它派駐團隊長期承包。
us_249	Galois Inc	https://www.galois.com	形式化驗證與安全	加密實作在特定輸入下洩金鑰這種錯，測試測不出來，只能人工審查碰運氣	客戶是國防部、NASA 的研究專案與做密碼、航電的廠商。處理的是測試測不出來的錯誤：加密實作在特定輸入下洩漏金鑰、飛控程式在極端狀況失效。原本靠人工審查加大量測試案例碰運氣。改以數學證明程式在所有輸入下都符合規格。
us_251	Gametime	https://gametime.co	票務平台	臨時想看球賽卻得提早幾天在電腦前挑位，沒賣掉的票就爛在賣家手上	用的人是臨時起意想去看球賽或演唱會的觀眾。原本得提早幾天在電腦前挑座位，臨開演沒賣掉的票就爛在轉售賣家手上。App 只給幾個價位與區域選項，站在場館外也能買，開演後九十分鐘內仍可下單，票在手機出示。每筆交易抽成。
us_253	Gatik	https://www.gatik.ai	中短途自動駕駛貨運	暗倉到門市每天來回數趟的短程補貨，班次零碎又難請到司機	客戶是連鎖零售與雜貨商的物流部門。跑的是暗倉到門市這段每天來回數趟的短程補貨，原本要排班司機開廂型車，班次零碎又難請人。車輛只走事先勘測過的同一條路線，路況單純，因此比載客自駕更早移除隨車安全員。以每趟運送計費。
us_255	GEICO	https://www.geico.com	伯克希爾旗下車險	買車險要找當地經紀，每張保單被抽佣，改個保額還得再跑一趟	客戶是自己上網或打電話投保的一般車主。原本買車險要找當地保險經紀，經紀每張保單抽佣、改保額還得再跑一趟。它跳過經紀直接賣，報價、批改與理賠都在網站和 App 走完，出險後由車主自拍車損照片線上估價。
us_257	Geminus	https://www.geminus.ai	工業流程 AI	同一台輪機負載天候一變最省燃料的設定就不同，算準要跑數小時模擬	客戶是發電廠、核電與資料中心的運轉工程師。同一台燃氣輪機或冷卻系統，負載和天候一變，最省燃料的設定就不同；原本照手冊的固定參數走，要算準得跑數小時的物理模擬。它用模擬結果訓練模型，讓現場幾秒內得出該怎麼調。
us_258	General Atomics	https://www.ga.com	國防與能源，無人機	買方是美軍與盟國軍方，除了連續滯空十幾小時的偵察機體，也做核融合與電磁彈射	買方是美國空軍與盟國軍方，也有邊境與海事巡邏單位。無人機的用途是在目標上空連續盤旋十幾個小時盯著看，原本得派有人偵察機輪班，飛行員撐不了那麼久。操作員坐地面站輪班遙控。另一塊是核融合裝置與電磁彈射器。
us_259	General Dynamics Mission Systems	https://gdmissionsystems.com	通用動力任務系統	戰車軍艦上誰看到什麼、誰下令，各單位制式頻率不同臨陣互通不了	客戶幾乎只有美軍各軍種與盟邦採購案。做的是戰車、軍艦、潛艦上那層「誰看到什麼、誰下令」的設備：軍用電台、加密通訊模組、聲納訊號處理、指揮所的態勢畫面。原本各單位各用不同制式與頻率，臨陣互通不了。產品多綁特定平台。
us_260	General Electric	https://www.geaerospace.com	工業巨頭（航空）	發動機壞了才拆修，一架飛機停場一天就損失數十萬美元	客戶是航空公司的機務與維修部門。發動機賣出後靠售後維修賺錢，原本是零件壞了才拆修，一架飛機停場一天損失數十萬美元。現在把每趟飛行的溫度與振動資料傳回分析，提早判斷哪具該進廠；內視鏡拍的葉片影像也先由模型挑出裂紋。
us_261	Generate:Biomedicines	https://generatebiomedicines.com	生成式蛋白藥物	找抗體得靠動物免疫或篩幾十億條序列數月，選到的還常折不好	用途是替自家管線與合作藥廠找抗體與蛋白藥。原本得靠動物免疫，或從幾十億條序列的噬菌體庫裡一輪篩數月，選到的分子還常折不好、難以量產。改成下條件直接生成序列與結構，指定要黏哪個靶點、要能穩定表現，再送實驗室驗證折疊與活性。
us_262	Genesis Molecular AI	https://www.genesis.ml	分子 AI 藥物發現	化學家一輪合成數十個類似物、等數週拿數據，再憑經驗猜下一輪	客戶是吉利德、Incyte 這類藥廠的研發部門。小分子藥的設計原本是化學家一輪合成數十個類似物、等數週拿到數據再憑經驗決定下一輪往哪改。平台先算出候選分子對靶點的結合力與選擇性，只把勝算高的送合成，壓低每輪數量。
us_264	Ghost Autonomy	（無官網）	自動駕駛（已關閉）	車廠想在量產車上推高速公路放手駕駛，又不想自建團隊與感測器	原本要賣給車廠的是裝進量產車的高速公路自駕軟體：只用攝影機、跑在車上既有算力，讓車廠不必自建團隊也能推出長途放手駕駛。後期改試用多模態大模型解讀罕見路況。產品未進量產，公司已停止營運、資產清算。
us_265	Ghost Robotics	https://www.ghostrobotics.io	軍用四足機器人	夜裡沿機場圍界巡一圈原本靠憲兵徒步，人力吃重視線又差	客戶是空軍基地與邊境的保全單位。任務是夜裡沿機場圍界繞一圈看有沒有人翻越，原本由憲兵開車或徒步巡邏，人力吃重、夜間視線又差。四足機體能跨碎石、上樓梯，背上掛熱像與偵測器沿固定路線走完並回傳影像，訊號中斷時仍能完成巡邏。
us_266	Giant.AI	（無官網）	通用機器人（已關閉）		
us_267	Ginkgo Bioworks Inc	https://www.ginkgo.bio	合成生物學平台	把上千種基因組合逐一試出最高產量，原本靠研究生輪班手工移液	客戶是藥廠、農化與食品公司的研發部門。要做的是把不同基因組合塞進菌株、比對哪種產量最高這類要跑上千次的重複實驗，原本靠研究生輪班手工移液，一組條件試上數週還常出錯。它接下這段代跑，也把實驗機台與軟體賣給想自建的客戶。
us_268	GITAI	https://gitai.tech	太空機器人	換一塊太陽能板要兩名太空人穿著裝備出艙忙上數小時	客戶是太空站營運方與衛星業者，另接美國政府與國防訂單。要代掉的是太空人出艙作業：換一塊太陽能板或接一條線，得兩人穿著裝備在艙外忙數小時。機械手臂與小型作業機體在軌道上做組裝、鎖接與檢查，由地面遙控或自行執行。
us_271	Grammarly	https://www.grammarly.com	寫作助手	英文郵件寫完只能靠拼字檢查，或拉同事幫看語氣會不會太衝	使用者是天天要寫英文郵件、報告的上班族與學生，企業則整批採購給員工。原本寫完只能靠文書軟體的拼字檢查，或拉同事幫看語氣會不會太衝。它掛在瀏覽器與各種輸入框上，邊打字邊改文法、調語氣、重寫句子，企業版另可統一用詞規範。
us_273	Gray Swan	https://www.grayswan.ai	AI 安全與紅隊	客服機器人會不會被誘導說出內部資料，只能靠工程師憑想像手動試	客戶是模型開發商與導入 AI 的企業安全團隊。他們要回答「我的客服機器人會不會被誘導罵人或說出內部資料」，原本靠內部工程師憑想像列幾十條問題手動試。它辦公開攻擊競賽讓上萬人輪番誘騙模型，再把成功手法做成測試集與防護模組。
us_274	GreenSight	https://www.greensightag.com	無人機遙感	場務每天開車繞十八洞憑草色判斷缺水生病，看得出來時常已枯黃	客戶是高爾夫球場的場務主管。原本場務每天開車繞十八洞，憑草色判斷哪裡缺水或長病，看得出來時常已整片枯黃。無人機每天清晨自動起飛拍完全場，以多光譜影像標出濕度偏低與病斑初期的區塊，主管照圖調灑水與施藥。
us_275	GreyOrange	https://www.greyorange.com	倉儲機器人與調度軟件	尖峰時該先揀哪張單靠組長拿單子分派，揀貨員全塞在走道上	客戶是零售與物流業者的倉庫營運主管。要解決的是出貨尖峰時該先揀哪張單、哪台機器人去搬哪排貨架，原本由組長拿單子分派、揀貨員推車走遍倉庫找貨，尖峰一來就塞在走道上。軟體即時重排優先序並指揮貨架送到揀貨站。
us_276	Gridmatic	https://www.gridmatic.com	電力市場 AI 交易	自己下場在批發市場報價，模型預估隔日各時段價格與風光出力後自動投標	它自己就是交易的一方，在電力批發市場上自動報價。原本這種買賣由交易員看天氣預報與負載曲線，憑經驗在每天的競價窗口手動下單。模型先估隔日各時段電價與風光出力再自動投標，另持有儲能案場低價充電，也直接賣電給商業用戶。
us_277	Gridspace	（無官網）	語音分析	查餘額約時間的重複來電要話務員一通通接，品管只抽聽得到百分之一	客戶是銀行、保險與醫療機構的客服中心主管。一邊是讓機器接起查餘額、約時間、收款這類重複來電，原本要話務員一通通接；另一邊是把每天數萬通錄音轉逐字稿自動檢查，原本品管只能抽聽百分之一，漏掉沒念合規告知或客訴升溫的那幾通。
us_278	Groundlight AI	https://www.groundlight.ai	視覺問答式監測	想監看門關了沒、貨架空了沒，得自己拍幾千張照標註訓練，改條件又重來	使用者是工廠與零售的工程師，不必懂訓練模型。原本想監看「這道門關了沒」「貨架空了沒」，得自己拍幾千張照片標註、訓練分類器，改個條件又重來。這裡只要對著攝影機寫一句是非題，模型先答，信心不足時轉真人回覆，答案再拿回去訓練。
us_28	AKASA	https://akasa.com	醫院收入週期 AI	醫院的帳務人員整天登入各保險公司網站查給付，被退件就翻病歷補診斷碼	客戶是醫院的收入循環部門。那裡的人整天在做的是：登入各家保險公司網站逐筆查給付過了沒、被退件就翻病歷找漏掉的診斷碼補件，原本靠約聘編碼員或外包人力一件件處理。系統用醫院自己的病歷與帳務資料訓練後代跑這些流程。
us_282	H2O.ai	https://h2o.ai	開源機器學習平台	建一個信用評分模型要耗數週挑演算法湊特徵，交到稽核手上還說不清	使用者是銀行、保險與電信的資料科學團隊。原本要建一個信用評分或流失預測模型，得自己挑演算法、湊特徵，耗上數週，交到稽核手上還說不清憑什麼這樣判。開源套件讓他們在既有環境裡跑分散式訓練，企業版自動試多種模型並產出說明文件。
us_283	Halodi Robotics	https://www.1x.tech	人形機器人（現 1X）	主推雙足家用機體，鎖定收衣服、收拾桌面這類一直沒人代勞的家務	早期客戶是保全業者：輪式上半身機體在辦公大樓與廠區夜間巡邏、刷卡開門，原本由警衛走一圈。現在主推雙足家用機器人，鎖定收衣服、收拾桌面這類家務，以預繳訂金的方式預售給家庭，自主能力不足時由遠端人員接手操作。
us_284	Harvest CROO Robotics	https://www.harvestcroorobotics.com	草莓採摘機器人	採收季要雇數百名工人彎腰逐顆翻葉找熟果，人手一年比一年難找	客戶是佛州的草莓農場主。採收季原本要雇數百名工人彎腰在畦間逐顆翻葉找熟果，一天採不完隔天就爛在田裡，人手一年比一年難找。機具跨畦行進，十六組採摘頭各自用相機翻葉判斷果實熟度與品相再摘下裝盒。不賣機器，按代採收的產量收費。
us_285	Hayden AI	https://www.hayden.ai	公交車道執法視覺 AI	占用公車專用道的違停只抓得到極少數，公車照樣卡在後面誤點	客戶是各地交通局與公車業者。要抓的是占用公車專用道和停靠區的違停車輛：原本得派稽查員騎車跟拍或靠警察攔停，抓到的只是極少數，公車照樣卡在後面誤點。裝在公車上的裝置行駛中比對車道位置與車牌，只把足以開罰的片段送人員覆核。
us_287	Helm.ai	https://helm.ai	無監督學習自動駕駛軟件	自駕感知模型要先把幾百萬小時影像外包標註，時程成本全卡在這段	客戶是車廠與一級供應商的自駕開發部門。這些團隊原本得把幾百萬小時路測影像外包給標註公司，時程與成本全卡在這段。它主張用非監督方法直接從未標註影像訓練感知模型，省掉大部分標註，交付可裝進量產車的純視覺軟體。
us_288	Higgsfield AI	https://higgsfield.ai	視頻生成	拍一支商品短片要找場地、模特與剪輯師，一支排上好幾天	使用者是做短影音廣告與社群素材的行銷團隊和個人創作者。原本要拍一支商品短片得找場地、模特與剪輯師，一支排上好幾天。平台把多家影片生成模型包進同一介面，加上運鏡、角色一致性等控制項，輸入分鏡就產出可直接上架的片段。
us_289	Hippocratic AI	https://www.hippocraticai.com	醫療護理智能體	出院回訪、術前禁食說明這些電話由護理師一通通撥，多數病人沒被打到	客戶是醫院與保險機構的照護管理部門。要打的是出院第三天問傷口有沒有紅腫、提醒糖尿病患回診、術前禁食說明這類電話，原本由護理師一通通撥，量大又佔用臨床人力，多數病人其實從沒被打到。智能體代撥並把異常回覆轉給護理師處理。
us_290	Hive	https://thehive.ai	內容審核與深度偽造檢測	使用者上傳的圖片訊息靠外包審核員一張張看，量大延遲高人也受不了	客戶是社群平台、交友軟體與遊戲公司的信任與安全團隊。原本要靠外包審核員一張張看使用者上傳的圖片與訊息，量大、延遲高，審核員本身也受不了。改成上傳當下呼叫介面，幾百毫秒內標出色情、暴力與仇恨內容，只把邊界案例送人工。
us_291	Hologic Inc	https://www.hologic.com	女性健康與影像設備	賣給醫院婦科與檢驗所的機台廠商，乳房攝影與檢測都做，多數營收來自試劑耗材	客戶是醫院影像科、婦科與檢驗所。一次乳房斷層攝影產出數百張切片，放射科醫師原本得逐層捲動找幾毫米大的鈣化點，一份看上數分鐘。軟體先標出可疑位置並給整份病例評分，讓醫師決定先看哪份。收入大宗是試劑與耗材的重複採購。
us_292	Holonic	（無官網）	機器人初創		
us_293	Honda Research Institute USA Inc	https://usa.honda-ri.com	本田研究院	車廠的內部研究單位，做離量產還有五到十年的題目，成果轉交自家事業部	沒有外部客戶，成果供本田內部的產品部門。做的是離量產還有五到十年的題目：車輛如何預判旁車會不會切入、人與機器的互動介面、功能性材料與量子計算。原本這類探索夾在量產時程裡沒人挪得出手。選中的技術再轉交車輛與機器人事業。
us_294	Honeywell	https://www.honeywell.com	工業自動化	煉油廠、倉庫與商辦的控制系統供應商，管製程溫壓與大樓空調門禁，也做預警維護	客戶是煉油廠、化工廠、倉庫與商辦大樓的設備部門。賣的是控制製程溫度壓力的系統、大樓空調與門禁。原本各廠房的儀表各自獨立，狀況靠巡檢員拿紙筆抄表、壞了才停機修。平台把設備數據集中，預先提示哪台要壞、哪層樓耗能異常。
us_297	HRL Laboratories LLC	https://www.hrl.com	波音與通用合資研究所	替出資的車廠、航太公司與軍方做量子位元、氮化鎵這類十年尺度的前瞻題目	沒有零售客戶，替出資的汽車與航太母公司及國防單位做前瞻研究，題目是矽基量子位元、氮化鎵功率元件。這類十年尺度的投入通常擠不進企業自己的研發預算，因此外掛成獨立實驗室，成果以合約交付與專利授權釋出。已由 IBM 收購。
us_298	Hugging Face	https://huggingface.co	開源模型社區與平台	模型權重散落在各實驗室網頁與雲端硬碟，下載後還得自己拼推理程式	使用者是要找模型來用、或要把自己訓練的模型發出去的工程師。原本權重散落在各實驗室網頁與雲端硬碟，下載後還得自己拼推理程式碼。平台集中託管權重與資料集，配套函式庫讓幾行程式就載入任一模型。收入來自企業版、託管端點與算力。
us_299	Hume AI	https://www.hume.ai	情感語音 AI	自家語音助理講起來像不像機器人、被罵會不會照樣歡快，只能找人試聽	客戶是開發語音助理與客服語音的團隊。他們原本無從得知自己的機器人講起來像不像機器人、被使用者罵時會不會照樣用歡快語氣，只能找人試聽打分。它提供判讀語氣情緒的介面、用模擬使用者反覆對話的評測工具，讓團隊上線前量化品質。
us_3	Abacus.AI	https://abacus.ai	企業 AI 平台與智能體	同一個介面底下接上百種模型，個人端當訂閱賣，企業端接成預測與代理流程	個人那條線賣的是一份訂閱抵掉好幾份：原本想比較各家模型輸出得同時付數家月費，這裡一個介面切換上百個模型。企業那條線給資料團隊做預測建模與代理流程，省掉自建特徵管線與部署環境的工。定位是用低價搶模型供應商的直接訂閱用戶。
us_30	Alphabet Inc	https://abc.xyz	谷歌母公司，含 DeepMind 與 Waymo	搜尋、YouTube、Android 與雲端的母公司，模型既內嵌自家產品也對外販售	廣告是主要收入：買關鍵字與 YouTube 版位的是商家與廣告代理商。雲端把算力與模型介面賣給企業 IT。AI 成果一面內嵌進搜尋與 Android，一面以介面賣給開發者。Waymo 則直接載客，取代計程車司機。
us_301	Huntington Ingalls (HII)	https://hii.com	軍艦製造與無人艇	核動力航艦與潛艦從切鋼板到交艦要十年，全美只剩兩家接得下	客戶實際上只有美國海軍。造的是核動力航艦與潛艦，一艘從切割鋼板到交艦要十年，全美有能力接的船廠只剩它和另一家。另有部門承接現役艦艇的大修與核燃料更換，以及無人水下載具與軍用軟體。收入來自海軍的長期建造與維修合約。
us_302	Hyperplane (acquired by Nubank)	（無官網）	金融基礎模型，被 Nubank 收購	銀行手上的交易流水原本只拿來跑反詐欺，沒用來判斷該推哪張卡	做的是拿銀行自己的交易流水訓練基礎模型：刷哪些商家、薪轉何時進帳，這些紀錄原本只拿來跑反詐欺規則。模型把流水壓成客戶表徵，用來判斷該推哪張卡、額度給到多少。技術已由數位銀行 Nubank 收購併入內部平台，不再對外銷售。
us_303	Iambic Therapeutics	https://www.iambic.ai	AI 藥物發現	模型設計出分子後，藥廠把合成外包給受託機構，一輪要等數週	客戶是艾伯維、拜耳這類合作藥廠，同時推進自有管線。做法是模型設計出候選分子後，自家實驗室當週就合成並測活性，數據回頭修正模型；原本藥廠把合成外包給受託機構，一輪要等數週。已有 HER2 標靶藥進入第一期臨床。
us_304	IBM	https://www.ibm.com	企業 IT 與 AI	客戶是銀行、保險與政府的資訊部門，模型能裝在不准資料外送的自有機房裡跑	客戶是銀行、保險與政府的 IT 部門，資料多半不准離開自家機房。watsonx 讓他們在自有或混合雲環境裡部署模型，處理客服對答、老舊 COBOL 程式轉譯、合約與工單分類；這類事過去得靠外包團隊逐案寫程式或人工處理。
us_306	ID R&D	（無官網）	生物識別活體檢測	開戶自拍時鏡頭前是真人還是照片面具，過去得叫使用者眨眼轉頭配合	買方是銀行與身分驗證業者的風控部門，把 SDK 嵌進開戶或登入的自拍步驟，判斷鏡頭前是真人還是照片、面具或深偽影片，使用者不必再依指示眨眼轉頭配合；另有變聲偵測與證件翻拍辨識。已被 Mitek 收購，技術併入其產品線。
us_308	Illumina	https://www.illumina.com	基因測序	一個計畫要讀數百個基因，舊方法一次只讀一小段，得跑數月	使用者是醫院檢驗科、藥廠與研究機構的定序實驗室。日常工作像是把腫瘤切片的 DNA 打散上機，一次讀完數百個癌症相關基因供醫師挑標靶藥，或做非侵入性產前篩檢；過去用 Sanger 法一次只讀得了一小段、一個計畫得跑數月。
us_309	Imagen Technologies	https://www.imagen.ai	醫學影像 AI	基層診所沒有影像設備與放射科醫師，病人照張X光要轉介、拖上幾天	客戶是美國的基層診所。這些診所沒有影像設備也沒有放射科醫師，病人照張 X 光得轉介到外面的影像中心，常拖上幾天甚至不去。這家把設備、遠端判讀醫師與 FDA 核准的演算法包成一套放進診所，檢查當場做完，按檢查量收費。
us_31	Amazon	https://www.amazon.com	電商與雲巨頭，自研模型與芯片	零售、倉儲與算力租賃一手包的集團，開發者能用同一套介面換用多家廠商的模型	客戶是 AWS 上的開發團隊。Bedrock 讓他們用同一套 API 換用多家廠商的模型，不必逐家簽約接介面，自研 Nova 與 Trainium 是較便宜的選項。倉儲機器人則把貨架搬到揀貨員面前，取代人走數公里找料。
us_310	Imagry | Autonomous Driving	https://imagry.co	無高精地圖自動駕駛	自駕要先派測繪車把路線掃成高精地圖，施工改道就得整條重掃	賣的是授權給車廠與公車業者的自駕軟體，不造車。多數同業得先派測繪車把路線掃成高精地圖，施工改道就要重掃；這套只靠攝影機當場判讀車道與號誌，路線變更不必重新建圖。近年主要裝在公車與接駁車上，在日本、德國與以色列做示範營運。
us_311	Imbue	https://imbue.com	推理與編程智能體	多個編程智能體改同一份工作目錄會互相覆蓋，得自己手動開隔離環境	使用者是同時開好幾個編程智能體的工程師。多個智能體改同一份工作目錄會互相覆蓋，過去得自己手動開 git worktree 隔離；Sculptor 替每個智能體起一個獨立容器平行改動，再讓人挑要合併哪一份。
us_312	Immunai	https://www.immunai.com	單細胞免疫圖譜 AI	標靶打下去會動到哪些免疫細胞，只能靠散落文獻和自己跑小規模隊列	客戶是藥廠的免疫與轉譯醫學團隊。他們要回答的是標靶打下去會動到哪些免疫細胞、哪類病人有反應；過去只能靠散落的文獻和自己跑小規模隊列，樣本一換結論就變。AMICA 把數千份單細胞樣本整併成可比對的圖譜供藥廠付費查詢。
us_313	Impulse Space	https://www.impulsespace.com	在軌運輸	共乘發射只把衛星丟在低軌，要再往上不是包專屬發射就是折損壽命	客戶是衛星業者與政府單位。共乘發射只把酬載丟在低軌，過去要再上到中軌或同步軌道，不是自己包一次昂貴的專屬發射，就是靠衛星自帶推進盤旋數月、折損在軌壽命。Mira 這類轉移載具接手這段，按任務收費。
us_314	Imubit	https://imubit.com	流程工業閉環 AI	爐子與分餾塔的參數靠老師傅經驗在調，原料一換就失準只能保守運行	客戶是煉油與石化廠的製程工程師。爐子與分餾塔的操作參數原本靠老師傅經驗和多年前建的線性模型在調，原料一換就失準，只能保守運行。這套模型直接接進廠內既有控制系統自動下指令，不只給建議，按廠訂閱收費。
us_315	Inceptive	https://inceptive.com	RNA 設計 AI，Transformer 作者之一創辦	同一蛋白質有上百萬種寫法，過去憑幾條經驗規則挑幾條進實驗室試	客戶是做 mRNA 疫苗與 RNA 療法的藥廠。同一蛋白質有上百萬種 mRNA 寫法，表現量和穩定度差很多，過去只能憑幾條經驗規則挑少數幾條進實驗室試。做法是大量合成序列、實測細胞內表現，用這批資料訓練模型再反過來設計。
us_317	Inflection AI	https://inflection.ai	對話 AI，後轉企業服務	金融醫療客戶想要模型講自家的語氣，又不能把資料送出機房	原本的產品是聊天機器人 Pi，主打陪聊與情緒支持的語氣，面向一般消費者。創辦人與多數員工已被微軟聘走，公司保留模型與品牌後改做企業客製：替金融、醫療等客戶把模型調成自家語氣與規範，部署在客戶自有環境，規模比先前小得多。
us_318	Infrrd	https://www.infrrd.ai	文檔抽取	理賠單、提單版型不一又有手寫，樣板式辨識讀不動，只能靠人鍵入	客戶是保險、房貸與物流公司的後台作業部門。典型工作是把收進來的理賠單、貸款文件與提單上的欄位轉成系統裡的資料——這些文件版型不一、常有手寫與表格，傳統樣板式 OCR 讀不動，過去靠一排人工鍵入再互相覆核。以軟體授權計費。
us_32	Ambi Robotics	https://www.ambirobotics.com	包裹分揀機器人	大小軟硬不一的包裹要整班一件件抓起看標籤丟袋，是最難招人的崗位	客戶是包裹物流業者的分揀中心。末端分揀原本是人站在輸送帶旁，整班把大小軟硬不一的包裹一件件抓起、看標籤丟進對應路線的配送袋，是倉庫裡最難招人的崗位。機械手臂配視覺模型接手抓取與投袋，UPS 是主要客戶。
us_320	insitro	https://www.insitro.com	機器學習藥物發現	標靶有沒有用多靠文獻與動物模型，到臨床才發現只有部分病人有反應	做的事是替自家與合作藥廠挑標靶、找病患分群。過去判斷標靶有沒有用多半靠文獻和動物模型，等到臨床才發現只有部分病人有反應。這裡自建高通量細胞實驗室，大量拍攝病人來源細胞的影像餵給模型，先在培養盤上找出疾病特徵。
us_321	Insmed Incorporated	https://insmed.com	罕見病藥企	難治肺病患者吃一年抗生素失敗後，只剩耳毒性明顯的靜脈注射可用	產品給的是肺部感染科醫師。難治型非結核分枝桿菌肺病的患者得吃一年以上三種口服抗生素，失敗後只剩靜脈注射的胺基醣類，耳毒性明顯。Arikayce 把同一種抗生素做成脂質體霧化吸入，病人在家每天吸，藥直接進肺、全身暴露較低。
us_323	Insulet Corp	https://www.insulet.com	胰島素泵	傳統幫浦掛在腰上、拉一條軟管接到腹部，洗澡運動都得先拆下來	使用者是第一型糖尿病患與部分二型病人。傳統幫浦是一台機器掛在腰上、拉一條軟管接到腹部，洗澡運動都得先拆；Omnipod 做成直接黏在手臂或腹部的貼片，三天換一顆，新款能讀連續血糖值自動加減輸注。收入靠病患持續回購。
us_324	Intel Corp	https://www.intel.com	芯片巨頭	電腦與伺服器處理器的供應商，新款在晶片裡加了本機跑模型的單元，另做加速卡	買方是電腦品牌廠與資料中心採購。Core Ultra 在晶片裡加了 NPU，讓視訊背景虛化、語音轉錄這類原本要送雲端或吃滿 CPU 的工作在本機低耗電跑完。加速器 Gaudi 想當輝達之外的訓練選項，但軟體生態單薄。
us_325	Intelligent Security Systems (ISS)	https://issivs.com	視頻安防	出入口車底檢查靠警衛拿長桿鏡子彎腰照，事後查證還得靠人倒帶	客戶是交通管理單位、港口、地鐵與大型廠區的保全部門。出入口的車底檢查原本得由警衛拿長桿鏡子彎腰照著找異物，改成車輛開過自動拍照、比對前次影像找差異；SecurOS 另做車牌比對與人臉查找，事後查證也不必靠人倒帶。
us_326	Intercom	https://www.intercom.com	客服智能體	第一線客服每天重複回答退費規則與訂單到哪，靠罐頭回覆一則則貼	客戶是軟體與電商公司的客服部門。第一線客服每天重複回答退費規則、怎麼改密碼、訂單到哪了，靠罐頭回覆一則則貼。Fin 讀說明文件與過往對話直接回，答不出來才轉真人。收費也跟著改成每解決一張對話才計一次費。
us_327	InterDigital Inc	https://www.interdigital.com	無線與視頻專利	自己不做產品，把研究成果送進通訊與影像壓縮標準，再向實作廠商收權利金	本身不做產品，收入來自專利授權。研究人員把成果送進 3GPP 與影像壓縮標準會議，被納入標準後，做 5G 手機、電視或串流的廠商只要實作該標準就得付權利金。談判對象是這些廠商的法務部門，談不攏就進法院。
us_329	Intuitive Surgical Operations Inc	https://www.intuitive.com	手術機器人龍頭	腹腔鏡要站在病人旁握長直器械反向操作，縫合打結的角度受限	使用者是泌尿科、婦科與一般外科醫師。腹腔鏡手術得站在病人旁握著長直器械反向操作，縫合打結的角度受限；達芬奇讓醫師坐在控制台看立體影像，手部動作經機械腕縮放後傳進體內，器械前端可彎折。醫院持續支出在刀頭耗材與維保。
us_33	Ambient.ai	https://www.ambient.ai	視頻安防 AI	上百路監視器靠警衛盯著牆上螢幕輪播，真出事多半事後才調帶	客戶是科技公司與大型企業園區的保全部門。上百路監視器原本由警衛盯著牆上螢幕輪播，真出事多半事後才調帶回看。這套接進既有攝影機即時判讀，認出翻牆、尾隨進門、持械就把警報連同那段影像推給保全，按攝影機數量訂閱。
us_330	inVia Robotics	https://inviarobotics.com	倉儲機器人	中型倉庫揀貨員一天推車走幾公里，大型自動化又得重建倉庫砸鉅資	客戶是買不起大型自動化系統的中型電商與第三方物流倉。揀貨員原本推著車在貨架間走上幾公里一張張訂單找料；大型方案則要重建倉庫並一次投入鉅資。這裡的機器人在既有貨架下運作把料箱搬到揀貨站，不賣設備，按揀貨量收費。
us_331	Inworld AI	https://inworld.ai	遊戲 NPC AI	角色原本只能照編劇手寫的對話樹分支，如今重心移到即時語音互動的底層服務	原本賣給遊戲工作室，讓 NPC 不必再靠編劇手寫的對話樹一句句分支，而是帶著記憶、情緒與目標即時生成回應。遊戲業縮減預算後，重心移到即時語音與多模態的底層服務，賣給做語音互動產品的娛樂與媒體團隊，按 API 用量計費。
us_332	Iris Automation Inc	（無官網）	無人機避障	無人機要超視距飛行得沿航線站人抬頭看天，長距離作業就不划算	使用者是要做超視距飛行的無人機營運商。法規原本要求沿航線站人當觀察員抬頭看天，見到來機就通知操作員閃避，人力成本讓長距離作業不划算。Casia 裝在機上以機器視覺看見來機並迴避。業務已由航電廠 uAvionix 接手。
us_333	iRobot	https://www.irobot.com	掃地機器人	每週推著吸塵器把家裡地板吸過一遍，佔掉不少時間	買的是一般家庭：機器自己規劃路線把地板吸過一遍再回座充電，省掉每週推吸塵器的時間。低價中國品牌以更強的拖地與自動集塵搶走市場後營收連年下滑；亞馬遜收購案因歐盟審查破局，之後大幅裁員、製造外包，並多次發出存續疑慮警告。
us_334	Iron Ox	（無官網）	室內農場機器人	室內農場的搬運、巡檢與採收全靠人力，每公斤蔬菜的成本始終壓不下來	做的是用機器人搬運種植槽、自動調配水耕營養液的室內與溫室農場，自己種菜賣給零售通路，訴求是靠自動化把人工巡檢與採收的成本壓下來。但每公斤蔬菜的成本始終高過一般農場，先是裁員關場，之後停止營運，原網域現為停放頁面。
us_336	Isuzu North America	（無官網）	五十鈴北美	日本母廠在北美的統籌單位，底下分管卡車銷售、柴油引擎技術與零件供應	不面向一般消費者，是日本五十鈴在北美的統籌單位，旗下分別負責卡車銷售、柴油引擎技術與零件供應。實際買車的是城市配送車隊、租賃業者與市政單位，看中低座艙中型卡車轉彎半徑小、上下車頻繁的路線好開，零件維修全美可得。
us_338	Jibo	（無官網）	社交機器人（已停運）	家裡的老人小孩想找人說說話，智慧音箱只會放音樂與提醒	做的是放在客廳桌上、會轉身面向說話者的社交機器人，靠動作與語氣營造陪伴感，訴求是陪家裡的老人小孩聊天。但售價比智慧音箱高上數倍，能做的事又停在放音樂、拍照與提醒；後來資產遭變賣、雲端關閉，已售出的機器多數失去功能。
us_339	Joby Aviation	https://www.jobyaviation.com	電動垂直起降飛行器	市區到機場地面要塞一小時，同樣路線過去只有直升機飛得了	打算自己營運空中計程車，載客跑市區到機場這種地面塞車要一小時的短程。同樣路線過去只有直升機能飛，噪音大、油料與維修貴到只剩少數人負擔得起。目前收入主要來自美國國防部的測試合約，載客仍在等主管機關發適航與航線許可。
us_34	AMD	https://www.amd.com	芯片巨頭，AI 加速器	做電腦與伺服器處理器起家，另一條線讓雲端業者在輝達之外多一個議價與供貨來源	買方是電腦品牌廠與雲端業者。大型雲和模型公司採購 Instinct，多半是想在輝達之外多一個議價與供貨來源，尤其是對軟體生態依賴較低的推論工作；但既有訓練程式多半寫給 CUDA，移植到 ROCm 仍得額外投入。
us_340	John Deere	https://www.deere.com	農業機械，自動駕駛拖拉機	除草整片田噴藥，藥錢照面積算；整地得有人坐駕駛室來回十幾小時	客戶是大面積種玉米大豆的農場與代耕業者。除草原本整片田噴藥，藥錢照面積算；See & Spray 在噴桿上裝攝影機逐株辨識，只對著雜草開噴嘴。自動駕駛拖拉機則讓整地這類重複作業不必有人坐在駕駛室裡來回十幾小時。
us_341	John Snow Labs	https://www.johnsnowlabs.com	醫療 NLP	拿病歷做研究得請護理師逐份讀病程紀錄抄成表格，還要人工塗掉姓名	客戶是醫院、藥廠與保險業者的資料團隊。要拿病歷做研究或申報，過去得請護理師逐份讀自由文字的病程紀錄，把診斷、用藥、分期抄成表格，還要人工把姓名病歷號塗掉去識別化。這套把這兩件事自動化，收費在企業版授權與醫療模型。
us_343	Kasisto AI	https://kasisto.com	銀行對話 AI	想問一筆扣款是什麼，得打電話穿過一層層按鍵選單再等真人	客戶是銀行與信用合作社的數位通路部門。客戶想查一筆扣款是什麼、要調帳或轉帳，原本得打電話穿過一層層按鍵選單再等真人。KAI 嵌在銀行 App 與客服流程裡，以金融術語訓練並內建法遵限制，避免一般聊天機器人亂答金額與建議。
us_345	Kensho Technologies	https://kensho.com	標普旗下金融 AI	分析師把財報表格一格格複製到試算表，還要聽法說會自己記重點	產出供標普自家的資料產品與外部金融客戶使用。分析師原本得把財報 PDF 的表格一格格複製到試算表、聽法說會錄音自己記重點，還要人工判斷文章提到的公司名對應哪檔證券。這組工具做轉錄、實體對應與表格擷取，轉成可檢索的資料。
us_346	Kernel	https://www.kernel.com	非侵入式腦成像	要看腦部活動得躺進需專用機房的儀器，頭不能動也沒法邊做事邊量	量測對象是臨床試驗受試者。要看腦部活動原本得躺進需專用機房的 fMRI，頭不能動。Kernel Flow 做成頭盔，用近紅外光讀腦部血流與血氧變化，受試者可坐著說話操作。收入從賣硬體轉為與藥廠、診所合作提供量測服務。
us_347	Kintsugi	https://www.kintsugihealth.com	語音抑鬱檢測	憂鬱焦慮的初篩靠病人自己填問卷，常跳過或往好的方向答	客戶是醫療機構、保險業者與遠距照護平台。憂鬱焦慮的初篩原本靠 PHQ-9 問卷，病人自己填，常跳過或往好的方向答。這套 API 掛在既有電話或線上問診上，取二三十秒語音的聲調停頓給出風險分數，不做診斷，只決定誰該轉診。
us_348	Kitware Inc	https://www.kitware.com	開源科學可視化與計算機視覺	國家實驗室要把模擬與斷層資料畫成立體影像，程式還得各平台都編得起來	使用者是國家實驗室與大學的研發人員：用 VTK、ParaView 把模擬與斷層掃描資料畫成可旋轉切片的立體影像，用 CMake 讓同一份程式在各平台編得起來。收入來自國防部、NIH、能源部的研究合約與企業客製開發。
us_349	Kiwibot	https://www.robot.com	校園配送機器人	把餐點送到宿舍與教學樓那段路，原本只能靠工讀生一趟趟跑	起家產品是在校園人行道上跑的外送機器人，和大學餐飲單位與外送平台合作把餐點送到宿舍與教學樓，路口與卡住等狀況由哥倫比亞的遠端人員接手，這段路原本只能靠工讀生跑。後來更名 Robot.com，擴到廠內搬運與人形機器人。
us_35	American GNC Corp	https://www.americangnc.com	導航與制導系統	GPS 被干擾或收不到訊號時，載具就不知道自己在哪	靠國防部與 NASA 的研究合約為生，交付的是原型與技術報告。專長是慣性導航：在 GPS 被干擾或收不到訊號的場合，靠陀螺儀與加速度計推算載具自身位置，代表產品 coremicro 是指甲大小的 MEMS 慣性量測單元。
us_350	Kneron	https://www.kneron.com	邊緣 AI 芯片	攝影機門鎖要認人臉得把畫面整段上傳雲端，耗頻寬又有延遲	賣晶片給安防攝影機、門鎖與車用電子的裝置廠商。這類裝置原本得把畫面整段上傳雲端才能辨識人臉或車牌，耗頻寬、有延遲，影像也得離開現場。KL 系列 NPU 讓辨識在裝置內以數瓦以下的功耗跑完，只回傳結果。
us_351	Knexus	https://knexus.ai	國防 AI 研究	無人載具做出判斷後說不出為什麼這樣選，操作人員無從信任	小型研究型承包商，交付對象是 DARPA、海軍研究實驗室與國家科學基金會。承接的題目多半是無人載具或決策輔助系統做出判斷後，要能向操作人員說明為什麼這樣選，產出是原型系統、專利與論文。近年也替政府部門做雲端導入。
us_352	Kodiak	https://kodiak.ai	自動駕駛卡車	跨州幹線受工時法規限制，一趟得換手或夜間停車，司機也難招	客戶是長途貨運車隊與國防部。跨州幹線原本受駕駛工時法規限制，一趟得換手或夜間停車休息，司機也難招。這套感測器與軟體加裝在既有卡車上跑高速公路路段，市區交還給人開；授權給車隊自行營運而非自建車隊，首批已在德州油田載砂。
us_353	Koidra	https://www.koidra.ai	溫室自主控制	溫室的通風加溫灌溉靠資深種植師一天調幾次，換個班判斷就不一致	客戶是大型溫室農企與工廠。溫室的通風、加溫、補光與灌溉原本由資深種植師憑經驗一天調幾次，人不在就沒人管，不同班次判斷也不一致。這套把作物與設備的物理知識寫進模型直接下指令控制設備，後來也把同樣做法用到乾燥機與鍋爐。
us_354	Kumo	（無官網）	關係型深度學習	做流失預測得先花數週把訂單、用戶等多張關聯表壓平成一張特徵表，換題目重來	客戶是零售與金融公司的資料團隊，做的是流失預測、詐騙偵測與推薦。過去資料科學家得先花數週寫 SQL 把訂單、用戶等多張關聯表壓平成一張特徵表，換個題目重來一次。這套直接在關聯式資料庫上訓練圖神經網路。已被輝達收購。
us_355	Lambda	https://lambda.ai	GPU 雲	訓練模型要自己買伺服器找機房，交貨排隊數月，用完又閒置	客戶是沒有自建機房的 AI 新創與研究團隊。要訓練模型原本得自己買伺服器、找機房，交貨排隊數月，用完又閒置；通用雲則常配不到卡。這裡按需或長約出租現成的 GPU 執行個體與叢集，環境預先裝好驅動與框架，開機就能跑。
us_356	Lamini	（無官網）	企業大模型微調平台	模型一講到公司內部的產品代號就開始編，檢索拼接又常抓錯文件	賣給不准資料外送、要在自有機房跑模型的企業。痛點是模型一講到公司內部的產品代號、資料表名稱就開始編，檢索拼接又常抓錯文件。做法是針對這些事實訓練大量 LoRA 記憶專家、推論時挑用，讓模型記住而非現查。官網目前無法連線。
us_358	Latitude AI	（無官網）	福特旗下輔助駕駛	車廠的全資子公司，產品對內不對外，目標是高速公路上讓駕駛放開方向盤，未進量產	福特的全資子公司，由 Argo AI 結束後留下的團隊重組而成，產品對內不對外：要做的是高速公路上讓駕駛放開方向盤、由系統維持車道與跟車距離的輔助駕駛，供福特量產車搭載。計畫未進入量產，原網域已不再解析。
us_36	Amira Learning	https://amiralearning.com	閱讀輔導 AI	想知道孩子讀得如何，老師得一對一聽他朗讀記漏字，全班輪完要幾週	客戶是美國各學區，使用者是小學低年級導師。要知道孩子讀得如何，老師原本得一對一坐下來聽他朗讀、手動記錄漏字念錯，全班輪完要好幾週。這套讓學生對著裝置朗讀，即時聽出念錯的字給提示，同時產生閱讀能力報告，按年授權收費。
us_362	Lightelligence	https://www.lightelligence.ai	光子計算	資料中心機櫃與晶片之間靠銅線傳輸，距離一拉長就得不斷加放大器	做的是讓光路承擔運算與晶片間的資料傳輸。資料中心裡機櫃之間、晶片之間靠銅線傳輸，距離一拉長就得不斷加訊號放大，功耗與延遲都上去。這裡以光訊號取代那段電訊號，目前實際切入的是資料中心光互連產品，而非取代 GPU。
us_366	Lila Sciences	https://www.lila.ai	Flagship 孵化，AI 科學自動化	一名研究生一週只做得了幾組實驗，假設與驗證之間卡著人的手速	做的是把假設生成、實驗設計與機械手臂操作的實驗室串成閉環：模型提出該試哪組配方或條件，自動化實驗室當晚跑完，結果再回頭修正模型，取代研究生一週手動做幾組實驗的節奏。產出的是候選材料與分子本身，而不是賣給客戶的軟體。
us_367	LILT AI	https://lilt.com	企業翻譯 AI	文件翻成數十種語言外包給翻譯社，換一家又重譯一次術語還不一致	客戶是要把產品文件與介面翻成數十種語言的企業，以及有大量外語材料的美國政府單位。過去外包給翻譯社，同一句話換一家廠商又重譯一次，術語也不一致。做法是譯者在系統裡邊譯邊接受 AI 建議，模型即時從修改中學會該客戶的用語。
us_369	Liquid AI	https://www.liquid.ai	MIT 背景，液態神經網絡基礎模型	裝置上要做語音助理得連雲端、每次呼叫算錢，大模型又塞不進記憶體	授權模型給手機、家電與車用的裝置廠商。這些廠商想在裝置上做語音指令、摘要與助理功能，但送雲端要連網、每次呼叫都算錢，斷線就不能用；一般大模型又塞不進裝置記憶體。LFM 系列把參數與記憶體用量壓小，讓模型直接在晶片上跑完。
us_370	Lirio	https://lirio.com	行為科學 AI	提醒病人做篩檢是對整份名單發同一封信，回應率低又騷擾做過的人	客戶是醫院系統與保險業者的健康管理部門。要讓病人去做大腸癌篩檢或按時回診，原本是對整份名單發同一封提醒信，回應率低又反覆騷擾已經做過的人。這套把行為科學理論寫進強化學習模型，決定對誰、在哪個時點、用哪種措辭發訊息。
us_371	Little Place Labs	https://www.littleplace.com	在軌衛星 AI	拍完要等過境地面站下傳整幅原始影像再由機房判讀，從拍攝到拿到結果常隔數小時	使用者是衛星營運商和訂購遙測情報的國防、海事單位。原本衛星拍完要等過境地面站下傳整幅原始影像，再由地面機房判讀，從拍攝到拿到結果常隔數小時。改成在軌道上先跑完偵測，只把哪裡有船、有火點的座標傳回地面。
us_372	LiveIntent (Zeta Global Co)	https://www.liveintent.com	郵件廣告	有電子報的媒體沒有業務團隊去招商，版位空著；品牌也認不出跨手機與電腦的同一人	一邊是有電子報卻沒有廣告業務的媒體，一邊是買廣告的品牌。讀者每次開信時即時競價填入版位，出版商不必逐家談廣告主或讓版位空著。廣告主則改用雜湊過的郵件地址辨識同一個人跨手機與電腦的身分，取代 cookie 追蹤。
us_373	Lockheed Martin	https://www.lockheedmartin.com	國防巨頭	只賣給美軍各軍種與盟國採購單位的軍火商，模型藏在飛機、飛彈與衛星的任務軟體裡	客戶是美軍各軍種與盟國採購單位，不零售也不對企業賣軟體。AI 多半藏在飛機、飛彈、衛星的任務軟體裡，做目標辨識、航路重規劃，以及把雷達、紅外線、電子訊號拼成同一張戰場圖——原本靠飛行員與後方情報官盯著好幾台螢幕人工比對。
us_374	Locomation	（無官網）	卡車編隊（已關閉）	長途幹線兩趟貨得配兩名司機，薪資與工時法規壓著車隊能跑的里程；技術未進商用便已停業	想賣的是長途幹線車隊的人力帳：兩輛卡車電子連結，前車由司機開、後車空車跟隨，原本兩趟貨要兩名司機，改成一人帶兩車。車隊業者在意的是司機薪資與工時法規下能跑的里程。公司已停止營運，技術未進入商用車隊。
us_375	LocusBotics Origin	https://locusrobotics.com	Locus Robotics 倉儲 AMR	揀貨員推著車走完整條動線，一天走十幾公里，大半工時花在走路	客戶是第三方物流與電商配送中心的營運主管。倉內揀貨原本是人推著車走完整條動線，一天走十幾公里，大半時間花在走路而不是取貨。改成機器人自己跑到貨架前等人，揀貨員只在附近幾個儲位間移動；旺季要加人，改成加租機器人。
us_378	Lucent Technologies Bell Labs innovations	（無官網）	貝爾實驗室（諾基亞旗下）	母公司電信設備事業部的研究單位，不對外賣產品，成果轉為設備技術與對外授權的專利	不對外賣產品，成果交給母公司的電信設備事業部與各國電信商。研究題目就是網路本身：同一段光纖怎麼多塞容量、行動基地台怎麼自己調參數，原本得靠工程師到現場量測試調。另外把專利授權給同業，論文則公開發表。
us_379	Luma AI	https://lumalabs.ai	3D 與視頻生成	提案前想知道這個鏡頭行不行，得先外包動畫師或租棚實拍才看得到	使用者是廣告公司、遊戲美術和短影音創作者。典型用途是在提案前把分鏡稿生成幾秒鐘的動態畫面，先看這個鏡頭行不行，原本要外包動畫師或租棚實拍才知道。也開放介面給剪輯軟體與素材平台接進自家工具，讓使用者在原本的流程裡生成畫面。
us_38	ANDRO Computational Solutions LLC	https://www.androcs.com	國防通信 AI	戰場上哪些頻段被干擾、攔到的訊號屬於哪一型雷達，原本要分析官盯著頻譜圖人工判讀	客戶幾乎只有美國空軍研究實驗室這類軍方單位，靠研發合約接案。做的是電磁頻譜這一塊：戰場上哪些頻段被干擾、攔到的訊號屬於哪型雷達，原本要頻譜分析官盯著瀑布圖人工判讀。交付的多是原型軟體與無線電模組，再由軍方整合進既有裝備。
us_380	Luminar Technologies	（無官網）	車載激光雷達	高速公路上兩百公尺外的靜止車輛與掉落物，攝影機容易漏判，毫米波也分不清是什麼	賣給車廠當量產車零件，裝在擋風玻璃上緣，負責在高速公路上看清兩百公尺外的靜止車輛與掉落物——攝影機容易漏判、毫米波雷達也分不清的情況。主要車廠客戶的供應合約中止後公司聲請破產，資產已賣給 MicroVision。
us_381	Magic	https://magic.dev	超長上下文編程模型	工程師改一處得自己挑出相關檔案貼進對話，一次只讀得進開著的那幾個檔	對象是企業的軟體工程團隊，訴求是讓模型一次讀進整個程式碼庫再動手改，而不是只看開著的幾個檔案——工程師平常得自己挑出相關檔案貼進對話。目前沒有公開產品可用，也沒有對外客戶，仍在自建訓練叢集做模型。
us_382	Magic Unicorn	（無官網）	遊戲 AI 初創		
us_386	Mastercard Insights & Intelligence	（無官網）	萬事達數據分析	刷卡網路內部單位，同一批授權紀錄既用來即時判斷盜刷，也彙總成商圈報表賣給零售業	買方是發卡銀行的風控部門與商戶。每筆刷卡授權不到一秒就要決定放行或擋下，原本靠銀行自訂規則看境外、金額、時段，誤擋率高。改用全網路授權紀錄比對持卡人平常的消費樣態即時評分，另把彙總資料做成商圈分析賣給零售業。
us_387	Matic Robots	https://maticrobots.com	家用清潔機器人	掃地機要把房間地圖和鏡頭畫面傳回雲端比對，家裡格局與影像等於離開房子	買的是一般家庭，走官網直售、可退。多數掃地機把房間地圖和鏡頭畫面傳回雲端比對，這裡改成機上自己認出房間界線與地板材質、決定該吸還是該拖，斷網一樣能跑。訴求對象是不願意家裡格局與影像離開房子的人。
us_388	Matroid	https://www.matroid.com	視頻計算機視覺平台	產線畫面要找漏檢時段得調錄影一格格看，或外包給演算法工程師寫偵測器	使用者是工廠品管與工安人員，多半不寫程式。典型工作是從產線攝影機畫面裡挑幾十張有刮痕的零件照標記，平台就訓出一個偵測器即時告警，也能回頭搜過去幾個月的錄影找出漏檢時段——原本得調錄影一格格看，或外包給演算法工程師寫。
us_39	Anduril Industries	https://www.anduril.com	國防科技，自主武器系統	感測塔、雷達與無人機畫面各看各的，原本要一整班操作員盯螢幕、用無線電互相回報	客戶是美軍與盟國的作戰及邊境單位。典型場景是把散在各處的感測塔、雷達、無人機畫面併成同一張態勢圖，由軟體判斷可疑目標並指派攔截，原本要一整班操作員輪流盯螢幕、用無線電互相回報。硬體軟體都自己做，以現成產品投標。
us_390	May Mobility	https://maymobility.com	自動駕駛接駁	園區到車站這種短程，公車開了不划算、計程車太貴，只剩稀疏的預約巴士	付錢的是市政府、交通局和退休社區，不是叫車的乘客。補的是公車開了不划算、計程車又太貴的短程：園區到車站、社區到醫院，原本靠志工駕駛或要預約的復康巴士，班次稀疏。車隊在固定區域內共乘接駁，遠端監控人員隨時可以介入。
us_394	MeetKai Inc	https://meetkai.com	語音助手	電視、車機與家電廠商想讓裝置聽懂人說話，得自建團隊或綁定大平台	客戶是電視、車機、家電的裝置廠商，把語音助理授權進自家產品，省下自建語音團隊、也不必綁定大型平台的助理。後來延伸到企業的展場與教育訓練虛擬空間，以及給內部文件用的問答工具，收的是企業授權費而非向終端使用者收費。
us_395	Megagon Labs	https://megagon.ai	Recruit 旗下 NLP 研究	母集團求職與人力服務的內部實驗室，不賣產品，部分模型與資料集公開釋出給學術界	不賣產品也沒有外部客戶，成果給母集團的求職與人力服務用。研究題目來自實際問題：履歷和職缺描述用詞不一致，要讓系統看懂「會寫 SQL」和「熟資料庫」是同一件事，原本靠人工維護職能詞表。部分模型與資料集公開釋出給學術界。
us_396	Merlin Labs	https://merlinlabs.com	飛機自主駕駛	貨機得配兩名飛行員，長程夜航那段路即使沒事可做，也得有人一直坐著守	客戶是空軍運輸機單位與航太廠商，賣的是改裝套件而不是新飛機。裝上後能自己滑行、起飛、沿航路飛與降落，目的是讓原本兩名飛行員的貨機用一人執行，或在長程夜航接手單調航段。導入要過適航與軍方認證，因此也接既有機型的整合工程。
us_397	Meta	https://www.meta.com	社交巨頭，開源大模型	社群與通訊平台的母公司，收入來自商家買的版位，另把自研權重免費開放下載	真正付錢的是買廣告的商家：上傳素材與預算後由系統決定投給誰，小店家不必透過媒體代理商談版位。Llama 是另一條路線，權重開放下載，讓企業把模型放進自家機房處理不能外傳的資料；模型不收費，圖的是成為開發者的預設選擇。
us_399	Metron Aviation	https://www.metronaviation.com	空管流量管理	暴風雪關跑道時，管制員得打電話協調、憑經驗排序，飛機在空中盤旋燒油	客戶是各國航管機構與大型機場的流量管理席。用途是暴風雪或跑道關閉時，決定哪些航班先走、哪些留在原機場地面等待——原本由管制員打電話協調、憑經驗排序，容易讓飛機在空中盤旋燒油。系統把全網航班一起算，也產出延誤的事後分析。
us_4	Abridge	https://www.abridge.com	醫生問診語音轉病歷	醫師看完診晚上還在補寫紀錄，或口述錄音送外包謄打，等到隔天才拿回稿子	買方是醫院體系與大型醫師集團的資訊長，不是醫師個人。要解決的是看完診後晚上還在補病歷的時間：原本靠醫師自己打字、口述錄音送外包謄打隔天回稿，或請人跟診抄寫。導入時要跟醫院的電子病歷對接並過隱私稽核，因此銷售週期長。
us_40	Anki	（無官網）	消費機器人（已關閉）	遙控玩具不會認人也不會回應，孩子玩幾次就擱著；新鮮感退了、硬體沒毛利，最後停業	賣的是零售通路上的玩具，買的人多是送禮的家長和嘗鮮者。桌面機器人會認得家人的臉、鬧脾氣、要人陪玩，取代的是不會回應的遙控玩具。問題是玩幾週後新鮮感就沒了，硬體又幾乎沒有毛利。公司已停業，資產由他人接手繼續販售。
us_400	Metron Inc	https://www.metsci.com	國防建模與分析	海上失事只知大概位置與洋流，值班官憑經驗畫搜索框，哪一格先飛靠猜	客戶是美國海軍與國防部的作戰分析單位。招牌工作是海上搜尋：只知道失事的大概位置與洋流時，用機率模型把海域切格、算出哪一格最值得先飛一趟，原本由值班官憑經驗畫搜索框。近年合約延伸到用機器學習做偵察任務的目標追蹤與排程。
us_401	Microblink	https://microblink.com	證件掃描	開戶租車要手動敲十幾位號碼，或拍照上傳等客服人工鍵入、隔天才開通	客戶是身分驗證業者、銀行與共享平台的產品團隊，把掃描功能當元件嵌進自家 App。使用者開戶或租車時把證件、信用卡對著鏡頭，欄位就自動填好，原本要手動敲十幾位號碼，或拍照上傳後由客服人工鍵入、隔天才開通。按驗證次數計費。
us_402	Microsoft	https://www.microsoft.com	軟件巨頭	作業系統與辦公文書的母公司，模型既內嵌在自家試算表與會議工具裡，也連同算力租給別人	客戶是企業 IT 部門，多半連同 Office 授權一起加購。Copilot 賣的是在文書、試算表與會議軟體裡就地起草文件、整理紀錄，人不必另開網頁把資料貼進去。Azure 那一側把算力與模型租給別家公司訓練部署。
us_403	Midjourney	https://www.midjourney.com	圖像生成	提案前要幾十張氛圍稿讓客戶挑方向，原本得找繪師畫草圖或翻圖庫拼貼	使用者多是概念設計師、桌遊與小說封面的接案繪師，以及要做簡報和行銷素材的人。典型用途是提案前先出幾十張氛圍稿讓客戶挑方向，原本得找繪師畫草圖或翻圖庫拼貼。沒有業務團隊，靠社群口碑擴散，操作介面長期只在聊天室裡。
us_404	Mirage	（無官網）	生成式視頻/遊戲（名稱不明確）		
us_405	Miso Robotics	https://www.misorobotics.com	廚房機器人	速食店油炸區油煙高溫、離職率高，新人抓不準起鍋時間就炸過頭或沒熟	買的是連鎖速食的加盟店主與營運總部。油炸區是廚房最難排班的位置：油煙高溫、離職率高，新人抓不準起鍋時間就炸過頭或沒熟。手臂接手後，店裡的人力挪去出餐與櫃檯。以租賃收月費而不是賣設備，因為單店既買不起也不想自己維修。
us_406	Mitsubishi Electric (US)	https://www.merl.com	三菱電機美國研究實驗室	母公司工廠自動化、電梯與車用產品線的內部研發單位，不對外銷售，論文公開並與大學合作	沒有外部客戶，研究成果回到母公司的工廠自動化、電梯、車用與家電產品線。題目貼著這些設備：在工廠噪音裡用麥克風陣列聽清楚操作員的指令、用最佳化演算法調電梯排程與馬達參數，原本靠現場工程師逐台試調。論文公開發表並與大學合作。
us_409	Modulate	https://www.modulate.ai	遊戲語音反騷擾	開了麥克風的頻道只能等事後檢舉，審核員回聽錄音時，對方早就下線	付錢的是遊戲發行商的信任與安全部門。語音頻道原本只能等玩家事後檢舉，審核員再回聽錄音，等處理完對方早就下線。改成即時聽語氣與上下文，區分朋友間互罵的髒話和針對性的騷擾、詐騙或對未成年人的誘拐，只把高風險片段排給人工覆核。
us_41	Anthropic	https://www.anthropic.com	AI 安全與前沿大模型	訓練通用大模型的實驗室，透過介面賣給企業與開發者，同時研究如何讓模型行為可被檢驗	客戶主要是把模型接進自家產品的企業與開發者：客服對話、合約審閱、寫程式這類原本要擴編人力或外包的工作。另一條線是讓工程師在終端機裡直接讀改整個專案的程式碼工具，取代逐檔複製貼上到聊天視窗。同時投入安全與可解釋性研究。
us_410	Moises	https://moises.ai	音軌分離	想練一首歌的貝斯卻只有完整錄音，得找現成伴奏帶或用等化器硬壓人聲	使用者是自學樂器的人、翻唱者和練團樂手。想練一首歌的貝斯，市面上卻只有完整錄音，原本得找現成伴奏帶或用等化器硬壓人聲。App 把歌拆成人聲與各樂器軌，可單獨靜音、放慢或移調。同一套技術也授權給唱片與影音業者做修復重混。
us_412	Moloco	https://www.moloco.com	廣告機器學習	幾十毫秒內要判斷這次競價值多少錢，原本靠代理商憑人群包與經驗設出價	客戶是手遊與電商 App 的成長團隊，按裝機或下單成效付費。要解的是幾十毫秒內判斷這次競價值多少錢——原本靠代理商憑人群包與經驗設出價。另一種賣法是把同一套模型授權給零售與串流平台，讓它們用自己的交易資料自建廣告版位。
us_413	Monarch Tractor	（無官網）	電動智能拖拉機	葡萄園整季要反覆噴藥除草，原本僱季節工在窄行間來回開柴油機具，人難招又有農藥暴露	客戶是葡萄園與果園的農場主。這類園區整季要反覆噴藥、除草、載運，原本得僱季節工開柴油曳引機在窄行間來回，人難招，農藥暴露也是問題。曳引機可沿預先記錄的路線無人作業，車上相機順便記下每株作物狀況，供農場安排採收與施藥。
us_414	MongoDB	https://www.mongodb.com	文檔數據庫	產品結構常變，卻得先定好欄位才寫得進去；自己架機器又要養一組人做備份與擴充	買的是應用程式開發團隊而不是資料庫管理員，賣點是資料不必先定好欄位就能寫，適合結構常變的產品。雲端託管把備份、擴充、升級接手過去，原本要自己養一組人維運機器。向量搜尋做進同一套庫後，做檢索問答的團隊不必再接一套向量庫。
us_416	Mosaic	（無官網）	名稱指向不明確，可能為 MosaicML（已被 Databricks 收購）		
us_417	Motional	https://motional.com	現代與 Aptiv 合資 Robotaxi	叫車服務的成本卡在駕駛，但拿掉車上安全員與遠端監控席還沒人證明安全	服務的是叫車平台的乘客，派單走 Uber 與 Lyft 的 App，自己不經營叫車品牌。目前在拉斯維加斯等限定區域載客，車上多數時候還坐著安全員，遠端另有監控席可接管——要證明的正是拿掉這兩層人力後仍然安全。
us_418	Moveo.AI	https://moveo.ai	客服 AI	查帳單、改方案、催繳這類重複來電，原本由一線人員照腳本一通一通講，尖峰就排隊	客戶是銀行、電信的客服與催收部門。典型用途是把查帳單、改方案、催繳這類重複來電接下來，問清楚再回寫進既有系統，原本是客服中心一線人員照腳本一通一通講，尖峰就排隊。流程由業務單位自己在無程式碼介面上拉，處理不了就轉真人。
us_42	Anumana Inc	https://anumana.ai	心電圖 AI	例行檢查只拿來看心律，射血分數低下這類結構病變得靠超音波或轉診才查得到	客戶是醫療體系與藥廠。心電圖原本只拿來看心律，射血分數低下、心臟類澱粉沉積這類結構性病變要靠超音波或轉診心臟科才查得到。模型接進電子病歷後，在既有心電圖上額外標出高風險病人提醒醫師追檢；藥廠用它在試驗中找受試者。
us_420	Mytra	https://mytra.ai	三維倉儲系統	棧板靠堆高機在固定走道存取，走道吃掉大片地板，又只能堆到舉得到的高度	客戶是食品飲料與零售的配送中心。棧板和整箱貨原本靠堆高機在固定走道間存取，走道吃掉大片樓地板，又只能堆到堆高機舉得到的高度。改成機器人在立體貨架內移動，同一塊地放得更多，收貨與轉運暫存也收進同一套系統。
us_421	Nanonets	https://nanonets.com	文檔智能	每月上千張發票格式各異，約聘人員逐張把金額稅額鍵進系統再人工核對採購單	客戶是大型企業的財會與應付帳款部門。典型工作是每月上千張供應商發票格式各不相同，原本由約聘人員逐張看螢幕把金額稅額鍵進 ERP，再人工比對採購單與收貨紀錄才放行付款。改成自動抽欄位、三方核對，只有例外才推給人看。
us_422	Nanotronics	https://cubefabs.com	AI 工業檢測顯微鏡	缺陷原本靠檢測員在鏡頭下抽驗，換一種瑕疵就得重調機台參數，而且只看得到抽到的幾件	客戶是半導體與精密零件廠的品管單位。產線上原本靠檢測員在顯微鏡下抽驗，或用固定規則的光學機台，換一種缺陷就要重調參數，而且只能抽樣。改成全檢成像後由模型判斷缺陷型態，結果再回饋給前段製程調參。近年往模組化小型晶圓廠發展。
us_423	NantHealth	https://nanthealth.com	醫療信息	賣給保險業者與醫院的軟體廠商，一端做癌症療程的給付審核，一端串接資格與理賠查詢	客戶是保險業者與醫院。一項是癌症療程的給付審核：醫師開的方案是否符合實證指引與保單條款，原本由保險公司的護理審查員翻紙本指引逐案打電話確認。另一項是保險公司與診所之間查資格、查理賠狀態的平台，取代傳真與電話往返。
us_424	Natera	https://www.natera.com	基因檢測	孕期篩染色體異常原本得做侵入性羊膜穿刺，癌症術後追蹤也只能等影像照出腫塊才發現	下單的是婦產科、腫瘤科與移植科醫師，付錢的多是保險公司。孕婦抽一管血就能篩染色體異常，取代侵入性的羊膜穿刺；癌症病人術後定期抽血看還驗不驗得到腫瘤 DNA，比影像更早看出復發，原本只能等電腦斷層照出腫塊。
us_425	Nauticus Robotics	https://nauticusrobotics.com	水下機器人	檢查海底管線要租支援船拖著臍帶纜的遙控載具下水，一天船期就數十萬美元	客戶是離岸油氣與海上風電的營運商。海底管線與水下結構原本要派一艘支援船，拖著臍帶纜的遙控載具下水，操作員在船上盯螢幕操作，光租船一天就要數十萬美元。無纜機器人能自主巡檢，船期與人力都省下；軟體也可加裝到既有的載具上。
us_426	Near Earth Autonomy	https://www.nearearth.aero	航空自主系統	野戰或災區沒有跑道塔台，飛行員得目視找平地判斷坡度，夜間揚塵時最危險	客戶是美國軍方與航太廠商，賣的是加裝在現役直升機與定翼機上的套件。要解決的是沒有跑道、沒有塔台的野戰或災區落地：原本靠飛行員目視找平地、判斷坡度與障礙，夜間或揚塵時最危險。系統用光達即時掃描地面挑落點並自動進場。
us_427	NEC Corp America	https://www.necam.com	NEC 美國	日本電子大廠在當地的分支，客戶是聯邦與地方政府、機場和電信商，招牌是人臉與指紋比對	客戶是美國聯邦與地方政府機關、機場和電信業者。人臉與指紋比對用在出入境查驗：旅客走到閘門前拍一張照就比對護照資料庫，取代人工翻護照、核對照片的查驗動作。同樣的部署也讓它在警方使用人臉辨識的爭議裡被點名。
us_428	Neo Cybernetica	https://neocybernetica.com	機器人初創		
us_429	Netflix	https://www.netflix.com	流媒體	靠會員訂閱收錢的影音平台，演算法決定排片單、每個人看到哪張縮圖，以及該買哪部劇	收入幾乎直接來自會員，所以機器學習都指向同一件事：讓人在瀏覽時不要放棄。除了排片單，也決定每部片對每個人顯示哪張縮圖、依網路狀況選編碼參數省頻寬，還用觀看資料判斷該買哪部劇——原本是採購主管憑經驗押注。
us_43	Apple	https://www.apple.com	消費電子，自研端側與雲端模型	賣手機與電腦的硬體公司，運算多半在自家晶片上完成，資料不離開裝置，為的是讓買過的人續留	沒有企業銷售，AI 是用來讓已經買了裝置的人續留：訊息摘要、用講的找照片、跨 App 的指令，多數在手機晶片上算完，資料不離開裝置，這也是它跟雲端助理的主要區隔。這些事原本要使用者自己翻對話、想關鍵字慢慢搜。
us_431	Neurable	https://www.neurable.com	腦電耳機	想知道自己何時專注，原本要貼電極帽或另外戴頭環，日常根本不會戴	使用者一邊是想量自己專注狀態的上班族，一邊是做認知與神經研究的實驗室。前者原本要貼電極帽或另外戴頭環才量得到腦波，日常根本不會戴；感測器藏進耳墊後，通勤聽音樂就順便記下何時專注、何時該休息。實驗室則買開發套件做研究。
us_432	Neurala	https://www.neurala.com	工業視覺 AI	換線換料要重訓模型，得把影像送回供應商的資料中心，一來一回好幾週	客戶是相機、熱像儀與手持掃描器的硬體廠商，不是終端工廠。函式庫嵌進產品後，產線人員現場拿幾十張良品照就能讓機台學會認這個零件，換線換料時自己重訓；原本要把影像送回供應商的資料中心重新訓練模型再更新，一來一回好幾週。
us_433	Neuralink	https://neuralink.com	腦機接口	四肢癱瘓的人操作電腦只能含吸管、靠頭部追蹤或眼動儀一格一格點選	目前沒有客戶，受試者是四肢癱瘓的志願者，透過醫院的臨床試驗收案。要取代的是他們現在操作電腦的方式：用嘴含吸管、靠頭部追蹤或眼動儀點選。電極植入後改以想像手部動作移動游標。試驗規模仍是十餘人，還沒有可販售的產品。
us_437	New England Biolabs	https://www.neb.com	分子生物學試劑	每跑一次選殖或定序建庫就用掉一管酵素，研究人員自己純化費時又批次不穩	客戶是大學與醫院的分子生物學實驗室，以及生技與診斷廠商。賣的是做實驗就會消耗掉的酵素：切 DNA 的限制酶、複製 DNA 的聚合酶，研究人員每跑一次選殖或定序建庫就用掉一管，原本得自己從菌株純化，費時又批次不穩。
us_438	Nexa AI	（無官網）	端側小模型	手機上要辨識語音得先把錄音傳上伺服器再等回傳，離線或訊號差就整個不能用	客戶是手機、PC 與嵌入式裝置廠的端側軟體團隊。要解決的是把語音辨識、影像理解搬進裝置：原本 App 得把錄音上傳伺服器再等回傳，離線或訊號差就失效。SDK 把模型壓縮量化並對接各家晶片的加速單元。公司已被高通收購，團隊與 SDK 併入 Qualcomm AI Hub。
us_439	NextRoll	https://www.nextroll.com	廣告重定向	中小電商得在各家平台分別買版位、各設受眾，還認不出跨站看過商品的同一人	用的人是中小電商的行銷人員與 B2B 需求開發團隊。訪客看了商品頁沒結帳，之後在別的網站與社群裡再看到同一件商品被拉回來。原本得在各家廣告平台分別買版位、各自設受眾，也認不出跨站的同一人，這裡把名單、投放與成效收在同一個後台。
us_44	Applied Intuition	https://www.appliedintuition.com	自動駕駛仿真與車輛軟件	改一版感知或決策程式碼要確認沒退步，原本得派車隊實跑，罕見場景幾萬公里才碰上一次	使用者是車廠與國防承包商裡寫自駕軟體的工程師。改一版感知或決策程式碼要確認沒退步，原本得派車隊實跑，罕見場景要等好幾萬公里才碰上一次。平台把路測記錄回放，自動改變切入車速、天氣與行人位置生成變體，批次跑完只回報失效的。
us_440	Neya Systems	https://www.neyarobotics.com	國防自主地面車輛	補給車隊每輛都得配駕駛兵，經過有路邊炸彈風險的路段時人還坐在車上	客戶是美國陸軍等軍種的專案辦公室，以研發合約付費。做的是把現役軍用卡車與工兵機具改成可遙控或跟車行駛：補給車隊原本每輛都得配駕駛兵，行經有路邊炸彈風險的路段時人就坐在車上。另交付任務規劃與符合 JAUS、IOP 標準的遙控介面。
us_441	Niantic Spatial Inc	https://www.nianticspatial.com	Niantic 分拆，地理空間 AI	定位訊號在室內和高樓之間不準，要定位得在牆上貼標記、鋪信標或請人逐點測繪	賣的是視覺定位：裝置拍一張畫面就能算出自己在空間中的位置與朝向。用在倉儲、場館與公部門，解決 GPS 在室內和高樓之間不準的問題，原本得在牆上貼標記、鋪藍牙信標或請人逐點測繪。底子是過去實地拍攝累積的數十億張定位影像。
us_442	NielsenIQ	https://www.nielseniq.com	消費數據	品牌只看得到出貨數字，貨架實際賣掉多少、被誰吃走市佔只能派人巡店抽樣	買的人是快消品牌的市場與業務部門。品牌只看得到出貨給通路的數字，不知道貨架上實際賣掉多少、市佔被哪個競品吃走、新品鋪進幾家店，原本只能派人巡店抽樣。這裡把零售商回傳的結帳掃描資料與家庭消費者面板合併成市佔報表。
us_443	Nike	https://www.nike.com	運動品牌	自己設計行銷、生產外包給亞洲代工的鞋服公司，靠需求預測算每家店每個尺碼該鋪多少	面向一般消費者的鞋服品牌，設計與行銷留在內部，生產外包給亞洲代工廠。會進這份名單是因為它是演算法的使用方：門市與官網每個尺碼要備多少貨，原本靠買手經驗與上季銷售推估，猜錯就打折出清；現在由需求預測按店別算出鋪貨與調撥。
us_444	Nimble Robotics	https://nimble.ai	自主倉儲履約	網路訂單旺季前得先租倉招臨時工，或外包給按人力計價的第三方物流	客戶是不蓋自有倉庫的服飾、美妝與電商品牌營運主管。網路訂單進來得有人走到貨架取件、裝箱、貼單出貨，旺季前原本要先租倉招臨時工，或外包給按人力計價的第三方物流。這裡是自己營運自動化倉庫替品牌代發貨，客戶不必先投設備。
us_445	Nissan North America Inc	https://www.nissanusa.com	日產北美	在當地設計製造並販售兩個汽車品牌，矽谷研究中心的自駕成果回到量產車的輔助駕駛功能	在北美設計、製造並銷售 Nissan 與 Infiniti 兩個品牌的車，對口是當地經銷商與消費者。進這份名單是因為旗下矽谷研究中心投入自動駕駛，成果回到量產車上：ProPILOT 讓車在高速公路自行維持車道與車距，原本這段路得由駕駛持續微調方向盤和油門。
us_446	Nixtla	https://www.nixtla.io	時序預測	上萬條需求或用電負載的序列要各自挑模型、調參數並定期重訓，光維護就很吃力	用的人是零售、製造與能源業的需求規劃和資料科學團隊。要做的是預測每個品項在每家店下週賣幾件、明天的用電負載有多高。原本得替每一條序列各自挑模型、調參數並定期重訓，上萬條序列光維護就很吃力；這裡改成呼叫 API 直接取回預測。
us_449	Norm Ai	https://www.norm.ai	合規智能體	文案與交易流程上線前要逐件比對法規，法遵讀完回信，業務排隊等上好幾天	客戶是銀行、資產管理與保險的法遵部門。行銷文案、客戶文件與交易流程上線前要逐件比對法規和內規，原本由法遵人員讀完後以郵件回覆意見，業務端排隊等審動輒數天。做法是把條文拆成可執行的判斷規則，讓程式逐份過稿並標出依據。
us_45	AppTek.ai	https://www.apptek.ai	語音識別與翻譯	影音要進多國市場，得靠聽打員逐句打字對時間碼，再交給譯者做字幕配音	客戶以影視平台、廣電業者和客服中心為主，另有美國政府的語言情報單位。要解決的是影音內容進多國市場前得先有字幕與配音：原本靠聽打員逐句打字、對時間碼，再交譯者翻譯與錄音。系統先轉寫再翻譯並自動切分時間軸，人只做校對。
us_450	Normal Computing	https://www.normalcomputing.com	熱力學計算芯片	線性代數求解與機率取樣現在都由數位晶片反覆迭代硬算，耗電高；目前還沒有量產產品	目前沒有量產產品，做的是把電路本身的隨機雜訊當成運算資源的晶片。針對的是線性代數求解與機率取樣這類工作，現在都由 GPU 以數位方式反覆迭代算出來，耗電高。首顆晶片 CN101 已完成流片，設想的買家是需要大量這類運算的資料中心。
us_451	Northrop Grumman Space	（無官網）	諾斯羅普·格魯曼航天業務	收入幾乎來自政府合約，產出軍用預警與通訊衛星、發射載具、固體火箭發動機與望遠鏡結構	收入幾乎來自美國政府合約，對口是太空軍與 NASA 的專案單位。產出是軍用預警與通訊衛星、太空發射載具、固體火箭發動機，以及韋伯太空望遠鏡的結構與遮陽罩。預警衛星的用途是從軌道偵測飛彈發射的紅外訊號，把彈道推估傳回地面。
us_452	Nous Research	https://nousresearch.com	開源大模型研究	把訓好的權重免費放上網的獨立團隊，下載的人多半想裝進自家伺服器、按自己的規則調輸出	產出是免費放上 Hugging Face 的開放權重模型，下載的人是想自己部署的開發者與研究者。用它的理由通常是要把模型裝進自家伺服器、按自己的規則調整輸出，而不是只能呼叫廠商 API、受對方內容限制與改版影響。收入來自模型閘道的訂閱。
us_455	NTT Research	https://ntt-research.com	NTT 基礎研究	母公司電信與醫療事業背後的長線實驗室，做光量子運算、加密下直接計算與心臟數位分身	不以產品為目標，產出是論文、專利與原型，最終回饋到母公司的電信與醫療事業。三個實驗室分別做光量子運算、可在加密狀態下直接計算的密碼方案，以及心臟數位分身：依病人影像建出模擬心臟，讓醫師先在模型上試不同術式再決定。
us_456	Numenta	https://www.numenta.com	類腦計算	產出主要是理論與論文，主張皮質柱各自建模再投票，核心研究已分拆為非營利組織	產出主要是理論與論文，讀者是神經科學與機器學習的研究者。千腦理論主張皮質柱各自建立物體模型再投票得出結論，這個想法曾被拿來做稀疏化的推論加速，讓模型在一般 CPU 上跑而不必另配 GPU。核心研究已分拆為非營利的 Thousand Brains Project。
us_457	Nuro	https://www.nuro.ai	自動駕駛與配送	車廠要自己做這件事，得從感知、模擬到遠端監控整隊自建，還要累積多年公開道路里程	現在的客戶是車廠與出行平台：把整套自駕系統授權出去，由對方造車與營運。車廠若要自己做這件事，得從感知、模擬到遠端監控整個團隊自建，還要累積多年公開道路里程。技術底子來自自家無方向盤送貨車長期上路的資料，Uber、Lucid 是合作對象。
us_458	NV5 Geospatial	https://www.nv5geospatialsoftware.com	地理空間分析	找出輸電線下長太高的樹，原本派巡線員沿線目視或租直升機低飛逐段判斷	客戶是電力、交通與國防單位。典型工作是電力公司要找出輸電線下方長太高的樹，原本派巡線員沿線目視或租直升機低飛，逐段判斷淨空夠不夠。這裡用飛機掛光達掃出整條廊道的點雲，自動算出距離不足的位置清單。另賣 ENVI、IDL 遙測軟體授權。
us_459	NVIDIA	https://www.nvidia.com	GPU 與 AI 計算龍頭	賣的是整櫃機架而不只是晶片，真正難換的是那套軟體介面，框架與函式庫全寫在上面	買主是雲端業者、模型公司與自建機房的大企業，採購以整櫃機架為單位。要做的事是把上萬張卡串成一個叢集連續跑數週訓練一個模型，卡間互連與散熱是關鍵。真正難以替換的是 CUDA：框架與函式庫都寫在它上面，換晶片等於整套程式重寫驗證。
us_46	Apptronik	https://apptronik.com	人形機器人	搬箱上棧板這類站一整班的工作位置不固定、批量又小，裝固定式機械臂得改產線並不划算	對象是汽車廠與物流倉的現場主管。要頂替的是搬箱上棧板、料件上下線這類站一整班的工作：位置不固定、批量又小，裝固定式機械臂得改產線並不划算，現況靠人輪班而且招不滿。做成人形是為了沿用既有走道與作業台，不必重建場地。
us_461	OATI	https://www.oati.com	電網軟件	跨區買賣電力要逐時段申請容量、雙方對單結算，原本靠傳真與試算表對帳	客戶是北美的電網營運機構與電力公司的交易調度部門。跨區買賣電力得逐時段申請輸電容量、雙方對單、事後結算價金，原本靠傳真與試算表對帳，錯一筆要人工追回。系統把申請、匹配與結算串成一條流程，後來擴到分散式能源與微電網控制。
us_463	ObjectVideo	（無官網）	視頻分析	監視系統只要畫面有變化就報警，值班人員一晚得處理幾十次風吹樹影的誤報	做的是讓攝影機分辨畫面裡動的是人、是車還是風吹樹影：多數監視系統只要畫面有變化就報警，值班人員一晚得處理幾十次誤報。早期靠專利授權向安防設備商與政府單位收費。2017 年產品、專利與團隊被 Alarm.com 買下，原公司不再獨立營運。
us_465	Oceaneering	https://www.oceaneering.com	海洋工程與水下機器人	海底數百公尺的管線閥件要定期檢查更換，原本靠潛水員下潛，每次工時有限而且風險高	客戶是海上油氣平台的營運商。海底數百公尺的管線與閥件要定期檢查腐蝕、洩漏並更換零件，原本得靠潛水員下潛，深度與每次工時都有限而且風險高。改由母船放下遙控潛水器，操作員在船上看影像、以機械手作業。同套技術也用於國防與太空。
us_466	Oceanit	https://oceanit.com	科技研發	靠政府研究合約營運，替出資單位做特定題目的原型，從奈米塗層到生物感測器與離島供水	靠美國國防部、NIH、能源部與 NASA 的研究合約營運，產出是替這些單位解特定技術題目的原型，例如抗腐蝕防結垢的奈米塗層、現場檢測用的生物感測器、離島的供水與淡化工程。本身不經營量產產品線，做法是把成果分拆成新創或賣斷技術。
us_468	Odyssey	https://odyssey.systems	世界模型與 3D 生成	做一個可走動的場景要美術逐件建模、貼材質、打光，一個房間就耗掉數天	面向影視、遊戲與互動內容的製作方，另開放 API 給開發者。要取代的是做一個可走動的場景得由美術逐件建模、貼材質、打光，一個房間耗掉數天。做法是用自製背包式 360 度相機到真實場景採集訓練模型，使用者移動視角時由模型畫出下一幀。
us_47	Arcee AI	https://www.arcee.ai	小型語言模型與模型合併	資料不能送出機房的單位，呼叫外部介面等於把客戶資料交出去，自己從頭訓又養不起團隊	客戶是資料不能送出機房的企業，像金融、醫療與公部門的資訊部門。它們要導入語言模型時，呼叫外部 API 等於把客戶資料交出去，自行從頭訓練又養不起團隊與機房。這裡訓練小到能塞進客戶自有伺服器的開放權重模型並代為客製。
us_472	Onward Robotics	https://onwardrobotics.com	倉儲機器人	一張訂單要跑好幾個走道，揀貨員整天推著車在貨架間來回，多數工時花在移動上	客戶是倉儲與電商履約業者的營運主管。揀貨員原本一整天推車在貨架間來回，一張訂單要跑好幾個走道，多數工時花在移動上。改成自主移動機器人把貨架送到固定的揀貨站，人站著揀、軟體負責排程。按月收費，客戶不必一次買斷設備。
us_474	OpenAI	https://openai.com	前沿大模型	一端賣個人訂閱、一端把介面租給開發團隊，權重不外放，用途從草擬文稿到接在客服後面	付費的一端是個人訂閱者，另一端是把模型接進自家產品的開發團隊與企業。個人多用來草擬文稿、寫程式、整理查到的資料；企業則把 API 接在客服、文件檢索與程式碼助理後面，這些原本得各自訓練專用模型或寫一堆規則。模型權重不外放。
us_476	Optimus Ride	（無官網）	自動駕駛接駁（已被收購）	退休社區與園區的循環班車得雇司機，離峰時段趟趟空車也還是得發	做的是退休社區、工業園區這類封閉場域的低速接駁車：路線固定、速度低，原本得雇司機開循環班車，離峰時段趟趟空車也還是得發。曾在紐約布魯克林海軍船塢等地載客。2022 年被汽車零件商麥格納收購，團隊併入其輔助駕駛部門，服務終止。
us_477	Orbital	（無官網）	名稱不明確		
us_478	Orfium	https://www.orfium.com	音樂版權 AI	曲子在節目廣告裡播了幾次靠電視台人工填播放清單，填漏了版稅就領不到	客戶是唱片公司、音樂出版商、電視台與著作權集管團體。一首曲子在節目、廣告或串流裡播了幾次，要對上權利人才分得到版稅，原本靠電視台人工填寫播放清單，填漏填錯的錢就領不到。這裡自動比對播出紀錄與曲庫，產生可送交的清單。
us_479	OSARO	https://www.osaro.com	機器人揀選	料箱裡雜亂堆著各種商品，傳統機械臂只重複固定軌跡，換品項就得重教點位	賣給電商物流業者與系統整合商，機械臂由客戶自備。要解決的是料箱裡雜亂堆著各種商品時，機械臂得自己看出該抓哪一件、從哪個角度下手；傳統做法只會重複固定軌跡，每換一種品項都要先建 3D 模型、人工教點位。落在揀件與組盒。
us_48	Archer Aviation	https://archer.com	電動垂直起降飛行器（eVTOL）	機場到市區這段路塞車就要一小時，目前除了開車或搭地面接駁沒有別的選擇	目前還沒有商業載客，正在推進取證。設想的用途是機場到市區這段路：地面塞車要一小時，改由四人座電動垂直起降機十幾分鐘飛完，由聯合航空這類業者買機自營。沒有營收，靠預購協議與美國國防部的混合動力驗證合約推進。
us_480	Otter.ai	https://otter.ai	會議轉寫	開會得有人邊聽邊記，散會再補紀錄與待辦，講到細節時常常漏掉	用的人從個人延伸到企業團隊，企業版按席次收費。要頂替的是開會時得有人邊聽邊記、散會後再補一份紀錄與待辦，講到細節時常常漏掉。機器人自動加入 Zoom 或 Meet 錄下對話、分辨發言者並整理摘要，事後還能針對會議內容提問。
us_482	Ottonomy Inc	https://ottonomy.io	配送機器人	機場商場把餐點包裹送到登機門這段，得有人推車走一趟，尖峰時段排不開	客戶是機場、商場與賭場的營運方，按月付費使用而不買硬體。要接手的是店家把餐點或包裹送到登機門、櫃檯這段路：原本得有工作人員推車走一趟，人力全花在移動上，尖峰時段又排不開。底盤可橫向平移，在人多的通道裡側移閃避。
us_483	Ouster	https://ouster.com	激光雷達	同一款感測器賣給機器人、無人機、路口交通與周界安防，直接量出每個點的距離	同一款感測器賣給機器人、無人機、路口交通與周界安防等不同買家。以周界安防為例，要判斷夜裡有沒有人翻越圍籬，攝影機在黑暗和濃霧下看不清，紅外柵欄又常被動物誤觸；光達直接量出每個點的距離，可分辨體型與移動路徑。
us_484	Outrider	https://www.outrider.ai	物流園區自動駕駛	場區裡把掛車倒進月台由調車司機來回開，每趟還得下車手動接拆煞車氣管	客戶是大型貨主與第三方物流配送中心的場長。場區裡整天要把掛車從停車位倒進月台、卸完再拖走，原本由調車司機開小牽引車來回，每趟還得下車手動接拆煞車氣管線，夜班尤其難排人。系統以自駕電動牽引車加上場區管理軟體接手這段。
us_485	Overjet	https://www.overjet.com	牙科影像 AI	蛀牙範圍與齒槽骨流失靠醫師目測說明，理賠審查員也得翻片判斷給不給付	兩端都收費。診所端讓醫師在 X 光片上直接看到蛀牙範圍與齒槽骨流失的量測數字，也拿來向病人解釋為什麼要治療；保險端用在核賠，原本理賠審查員得人工翻看片子判斷這顆牙該不該給付。近年擴到資格驗證、語音病歷與收款流程。
us_486	Palladyne AI	https://www.palladyneai.com	原 Sarcos，機器人 AI 軟件	工件每次擺放都有偏差、批量又小，機器人照原軌跡動就做壞，得停線重教	賣給已經有機械臂的製造商與國防單位：工件每次擺放都有偏差、批量又小時，傳統機器人照原軌跡動就會做壞，得停線請工程師重新示教點位。軟體讓機械臂邊看邊修正動作，且在機台旁離線執行、不必連雲端。原為 Sarcos，硬體虧損後轉做軟體。
us_487	Palo Alto Res Cent Inc	（無官網）	PARC，施樂研究中心（現 SRI 旗下）	靠對外承接合約營運的老牌實驗室，產出是交付出資方的原型與技術移轉，現隸屬他人旗下	靠對外承接研究合約營運，出資方是企業與美國政府單位，產出是交付給對方的原型與技術移轉，領域含列印電子、感測材料與系統分析。早年由全錄自用，圖形介面、乙太網路與雷射印表機都出自這裡。2023 年全錄捐給 SRI，現以其旗下部門運作。
us_49	Archetype AI	https://www.archetypeai.io	物理世界傳感器基礎模型	現場早就裝了加速度計與電表，要從訊號看出機器快壞了，得先寫閾值規則或請人建模	使用者是設備維運、工地與市政單位裡看儀表的人。現場早就裝了加速度計、雷達與電表，難處是要從訊號看出機器是不是快壞了，得先寫閾值規則或請資料科學家建模，換個場域又得重做。模型把感測時序與文字放進同一個空間，讓人用問句查詢。
us_490	Pano AI	https://www.pano.ai	山火監測	野火剛起的那幾十分鐘只能等民眾報案或瞭望台值守，看見煙時往往已經燒開	客戶是電力公司、消防單位與林地業主，按監測站點訂閱。要解決的是野火剛起的那幾十分鐘：原本靠民眾報案或瞭望台人員值守，等到有人看見煙時往往已經燒開。做法是在山頂與鐵塔架攝影機持續掃描，系統挑出疑似煙柱交值班中心覆核後通報。
us_493	PassiveLogic	https://www.passivelogic.com	建築自主控制	每棟樓的空調照明要工程師手寫幾千條規則，改格局換設備就得全部重調	客戶是樓宇自動化的系統整合商與建築業主。傳統上由工程師替每棟樓手寫幾千條空調與照明的排程和連鎖規則，改格局或換設備就得重調，多數樓最後停在出廠設定。這裡先建一份含熱傳、風量等物理關係的模型，控制器據此推算機組怎麼開。
us_494	Path Robotics	https://www.path-robotics.com	焊接機器人	金屬件工廠招不到焊工，傳統機器人要先編程配夾治具，工件歪一點就焊偏	客戶是造船、重型機械與資料中心供應鏈的金屬件工廠，共同處境是招不到焊工。傳統焊接機器人要先編程並配高精度夾治具，工件稍變形或擺歪就焊偏，小批量不值得設定。這裡的機器人先掃描實際工件再自行規劃焊道，客戶不必先投設備。
us_495	PathAI	https://www.pathai.com	病理 AI	試驗要量化生物標記，靠少數專家逐張在顯微鏡下看，人手有限判讀差異又大	一類客戶是藥廠：臨床試驗要有人判讀病理切片、量化生物標記以決定收案與療效，原本靠少數病理專家逐張在顯微鏡下看，判讀差異也大。另一類是醫院與實驗室，買的是玻片數位化後的檢視平台，可再接上多家判讀工具。已同意被羅氏收購。
us_497	Pensa Systems	https://www.pensasystems.com	零售貨架識別	業務代表一家家巡店目視清點有沒有缺貨、擺對層架，一天跑不了幾家	客戶是快消品牌與連鎖通路。品牌原本靠業務代表巡店，一家一家目視清點自家商品有沒有缺貨、有沒有擺在約定的層架位置、促銷牌掛了沒有，一天跑不了幾家而且只能抽樣。這裡用店內拍攝的貨架影像重建陳列狀態，直接產出待處理清單。
us_498	Peraton Labs	https://www.peratonlabs.com	國防研究（原 Bell Labs 分支）	收入來自政府合約，交付原型與評估報告而非商業產品，題目從電子戰訊號到關鍵設施資安	收入來自國防、情報與能源單位的研究合約，產出是交付給這些單位的原型與評估報告，不對商業市場賣產品。題目包括電子戰的訊號處理、關鍵基礎設施的資安防護、戰術無線網路，以及量子光電元件。技術血緣可追到貝爾實驗室與 Telcordia。
us_5	Absci	https://www.absci.com	AI 抗體與蛋白藥物設計	找到可用分子原本得建大型庫再逐輪篩選，一輪數月，而且只能在既有的序列裡挑	客戶是藥廠的抗體探索團隊，合作方含阿斯特捷利康、默克。要縮短的是找到可用分子的那一段：原本得建噬菌體或小鼠免疫的大型庫再逐輪篩選，一輪數月且只能在既有序列裡挑。這裡讓模型直接生成序列，濕實驗室驗證後回饋修正、反覆迭代。
us_500	Perceptive Automata	（無官網）	行人意圖預測（已關閉）	車算得出路邊那個人的位置與速度，卻看不出他有沒有注意到車、打不打算走出來	要解決的是自駕車判斷路邊行人會不會走出來：車算得出位置與速度，卻看不出對方有沒有注意到車、打不打算過馬路，人類駕駛靠的是這種直覺。做法是讓大量受試者看行車影片並標註判斷，用這些資料訓練模型賣給車廠。公司已停止營運。
us_501	Permion	https://www.permion.ai	國防 AI	前線常斷線、平台老舊不能換，而且出事後要能說明依據什麼條件做出判斷	主攻政府與任務關鍵單位。這些場域不接受模型說是就是的答案，出事後要能說明依據哪些條件做出判斷，而且系統常得跑在斷線的前線或多年不能更換的老舊平台上。做法是把神經網路與符號邏輯推理接成名為 XVM 的虛擬處理器，可部署在既有系統。
us_502	Perplexity	https://www.perplexity.ai	AI 搜索引擎	查一件事得開十條連結自己逐頁讀，還要自己核對哪句話出自哪裡	用的人多半是原本會開搜尋引擎查資料的個人與知識工作者：要的是一段整理過並附出處的答案，而不是十條連結自己逐頁讀。企業版賣給想讓員工同時查內部文件與公開資料的公司。Comet 瀏覽器再往前一步，由代理程式直接在網頁上代為操作。
us_503	Perrone Robotics	https://www.perronerobotics.com	自動駕駛套件	園區與地方政府想開固定路線的無人接駁，買不到現成車，自行整合又做不來	客戶多是園區、社區與地方政府的接駁業者，車型從小巴到高爾夫球車都有。它們想開固定路線的無人接駁，卻買不到現成車，自行整合感測器、定位與控制又超出能力。這裡把自研的機器人作業系統做成可裝上各種車型的改裝套件，也交付整車。
us_504	Phantom AI	https://phantom.ai	ADAS 視覺	新車要拿評分就得配車道維持與主動車距，車廠自建感知團隊在平價車不划算	客戶是 Tier 1 零件供應商與車廠，賣的是模組而不是整車方案。新車要拿到 Euro NCAP 評分就得配備車道維持與主動車距巡航，車廠原本得自建感知團隊或整包外購，成本壓在中低價車型上不划算。這裡把模組做到能在低算力晶片上跑再交付。
us_505	Picarro Inc	https://www.picarro.com	氣體檢測儀器	地下管線漏氣要靠巡檢員沿街逐個人孔測，走一輪要很久還只測得到那一點	主要客戶是天然氣管線業者。城市地下管線漏氣原本靠巡檢員拿手持偵測器沿街走、逐個人孔測，速度慢又只測得到站著的那一點。這裡把分析儀裝上車邊開邊測，配合風向推算漏點位置並排序。同套技術也用於滅菌廠與半導體廠的排放監測。
us_506	Pickle Robot Co	https://www.picklerobot.com	卸貨機器人	散裝貨櫃靠臨時工鑽進去搬箱，夏天車廂近四十度，一班上千件沒人做得久	客戶是倉庫和第三方物流業者的收貨區。難處在散裝櫃——箱子堆到車廂頂、沒有棧板。原本靠臨時工鑽進四十呎櫃內，夏天車廂裡逼近四十度，彎腰把二十多公斤的箱子一件件搬上輸送帶，一個班次上千件，做不久就走人。
us_507	PickNik Robotics	https://picknik.ai	機器人運動軟件	自造機械臂的團隊每個案子都得從開源框架自行拼一套避障路徑與接手示教	使用者是自己造機械臂的工程團隊，像拆彈車、衛星維修或核廢料處理專案。這類臂要在雜亂環境裡自己算出不撞到東西的路徑，卡住時還得讓遠端操作員接手示教。原本每個專案都在開源框架上自己拼一套流程與行為樹。
us_508	PicnicHealth	https://picnichealth.com	病歷數據	藥廠想看罕病患者真實用藥歷程，得派人到各家醫院翻紙本病歷一筆筆抄	真正付錢的是藥廠。他們要研究一種罕病患者實際用了哪些藥、病情怎麼變，但病歷分散在各家醫院、格式各異。原本得派研究協調員到各院翻紙本病歷抄錄，或買只有申報碼、沒有臨床細節的理賠資料。
us_509	Picsart	https://picsart.com	圖片編輯	網拍賣家和社群小編要做商品圖，不是自學修圖軟體摳圖就是每張發包出去	用的人多是沒受過設計訓練的個體戶——網拍賣家、社群小編、接案者。典型工作是把商品照去背換底、套進模板做成廣告圖，再輸出成各平台要的尺寸。原本這些人要嘛自己學修圖軟體慢慢摳圖，要嘛每張圖外包給設計師。
us_51	Argo AI	（無官網）	自動駕駛（已關閉）	車廠自己養不起自駕團隊，想把無人駕駛裝上量產車，試了多年仍離商業化太遠	替福特與福斯開發自駕系統，跑過無人計程車與送貨測試，目標是裝進兩家車廠的量產車。後來兩大股東同時認定全自駕離商業化太遠，轉投輔助駕駛而撤資，公司關閉，人員分別併入福特的 Latitude AI 與福斯的 Cariad。
us_512	Pindrop	https://www.pindrop.com	語音反欺詐	客服電話裡冒名者拿外洩資料應答，坐席只能問娘家姓這種黑市買得到的題目	買的是銀行、保險、券商客服中心的防詐部門。要擋的是冒名來電——有人拿外洩資料冒充帳戶持有人要求轉帳或改綁手機。原本坐席只能照表問母親娘家姓、身分證末四碼，而這些答案在黑市買得到。
us_513	Pinterest	https://www.pinterest.com	圖片社交	使用者收藏成堆圖片來規劃裝修、婚禮或穿搭，收入靠在他們決定買什麼之前接上商品	真正付錢的是零售與消費品牌的廣告投放人員。平台上的人多半在做一件具體的事——裝修廚房、規劃婚禮、找穿搭，會先收藏幾十張圖再決定買什麼。廣告主原本只能在關鍵字搜尋上等人打出商品名，這裡則在他還沒決定款式前就把商品接上。
us_515	PlayAI	（無官網）	語音生成	應用程式或電話客服要有人聲，得請配音員一句句進棚錄，改一句稿就重錄	賣給開發者，用途是替 App 或電話客服配上會講話的介面：把回覆即時念出來、把文章轉成有聲版、複製一段錄音當固定旁白聲線。原本要嘛找配音員一句句錄、改稿就得重錄。團隊與技術已被 Meta 收走，產品陸續停止服務。
us_517	Plus One Robotics	https://www.plusonerobotics.com	視覺引導揀選	混雜包裹倒上輸送帶後，得靠一排作業員整班把它們一件件翻正放進掃描口	客戶是包裹轉運中心與電商倉。要接的是分揀線前端那一段：一堆混雜的包裹倒在輸送帶上，得一件件分開、正面朝上放進掃描口。原本是一排作業員站在線邊整班重複這個動作。認不出的包裹才由遠端人員點畫面指示怎麼抓。
us_518	PlusAI	https://www.plus.ai	自動駕駛卡車	跨州長途一趟上千公里，駕駛受工時限制，車隊只能兩人一車輪班或中途換手	賣給貨卡車廠，由對方在產線上直接裝好出廠，再賣給貨運車隊。對付的是州際長途幹線——一趟上千公里、駕駛受工時規定限制，車隊原本得兩人一車輪班或中途換手接力，人力成本和疲勞事故都在這一段。
us_519	Poly	（無官網）	會議設備（惠普旗下）	一半人在會議室一半在家，桌上擺台擴音器，遠端的人聽不清也看不出誰在說話	買的是企業 IT 與行政部門，要處理的是混合會議：一半人在會議室、一半人在家。原本桌上放一台擴音器，遠端的人聽不清也看不出誰在講話。這裡出的是會自動把鏡頭切到發言者的會議室相機與降噪耳機。品牌已併入惠普，不再獨立運作。
us_520	Polygraf AI	https://www.polygraf.ai	AI 內容檢測	機關想查文件是不是模型寫的、員工有沒有外洩資料，又不敢把檔案送上外部雲	客戶是法遵壓力大的企業、政府與學校。要解的是兩件事：交上來的文件或投標書是不是模型生成、員工有沒有把客戶名單貼進外部聊天機器人。這類單位原本連能不能把待檢文件送到第三方雲端都有疑慮，所以整套做成可在內網執行。
us_521	Pony.ai	https://www.pony.ai	小馬智行，Robotaxi	叫車車隊每台車都要配一名司機，人力佔掉大半營運成本，還受工時上限卡著	一般人用手機叫車，在北京、上海、廣州、深圳的劃定範圍內無人載客，車資與網約車相當；另一條線是港口與幹線的自駕貨卡。對車隊來說原本每台車配一名司機，佔營運成本大半且受工時限制。
us_522	PRENAV	https://www.prenav.com	無人機檢測	檢查通訊塔風機得派技師掛繩爬上百米，一座停工半天，拍到哪算哪難以比對	客戶是通訊塔、風機與工業廠房的資產管理方。要做的是定期檢查結構——螺栓鏽蝕、葉片裂紋、塔身變形。原本得派繩索技師背著相機爬上百米高處，一座塔要停工半天，而且拍到哪算哪、前後年份難以對照。
us_523	Primer.ai	https://www.primer.ai	國防情報 NLP	突發事件一天湧進上萬則多語消息，分析員分頭讀、手寫日報，寫完局勢已變	用的人是國防部與情報機構的分析官。一場突發事件展開時，相關的新聞、社群貼文與外電一天湧進上萬則，還橫跨多種語言。原本是一組分析員分頭讀、手寫成每日簡報往上送，等寫完局勢已經變了。系統可部署在機敏網路內。
us_524	Pronto AI	https://pronto.ai	礦區自動駕駛	砂石場運料車天天在同一條土路來回數十趟，改成自駕又得整場裝光達改造	客戶是砂石場與礦場的營運方。要接的是運料卡車那段固定迴圈——從採區裝料、沿同一條土路開到破碎機卸料、再開回去，一天重複數十趟。同類方案得裝光達並改造整個場區，這裡只用攝影機，可直接加裝在既有礦車上。
us_525	Proscia	https://proscia.com	數字病理	玻片會診得把實體切片裝盒寄到外院，一來一回好幾天，還可能碎掉或褪色	用的人是病理科醫師與藥廠的研究人員。玻片數位化之後一張切片就是好幾 GB 的影像，實驗室得有地方存、能隨時調閱比對。原本要會診得把玻片裝盒寄給外院醫師，一來一回好幾天，玻片還可能碎掉或褪色。
us_53	ArteraAI	https://artera.ai	前列腺癌預後 AI	攝護腺癌要不要加荷爾蒙治療，只能靠分數把病人分成三組，同組內差很多	用的人是泌尿科與放射腫瘤科醫師，面對的是攝護腺癌病人要不要在放療之外再加荷爾蒙治療——加了會有更多副作用，不加又可能復發。原本只能依 PSA 值、Gleason 分數與分期把病人歸到高中低風險組，同一組內差異其實很大。
us_530	Qualcomm	https://www.qualcomm.com	移動芯片，端側 AI	手機與筆電品牌採用的處理器供應商，晶片內建的加速單元讓模型直接在裝置上跑	買家是手機與筆電品牌的硬體團隊，晶片連同參考設計一起賣，另按每支裝置收專利授權金。晶片裡的加速單元負責在機器本身跑模型：夜景合成、即時字幕翻譯、喚醒詞辨識。原本這些都得把資料傳到雲端再等結果回來，離線就不能用。
us_531	Qualtrics	https://www.qualtrics.com	體驗管理	想知道客人或員工滿不滿意，只能發紙本意見卡人工鍵入，或外包等好幾週	用的人是大企業與政府單位的客戶體驗、人資與市調部門。典型用途是在客服通話結束、員工離職或門市結帳後自動發出問卷，再把低分的那幾筆直接派給該店主管跟進。原本要嘛發紙本意見卡人工鍵入，要嘛外包市調公司等好幾週才拿到報告。
us_532	Rad AI	https://www.radai.com	放射科報告 AI	放射科醫師口述完所見還得再寫一次結論，一天幾十份，偶然發現常漏了追蹤	用的人是放射科醫師。看完片子口述完所見之後，還得再寫一段結論把重點收攏，一天幾十份報告都得重寫一次；另一件事是偶然發現——腹部掃描順便照到的肺結節，過去多半靠醫師自己記得或貼便條，很容易沒人追後續。
us_533	Radiance Technologies	https://www.radiancetech.com	國防工程	國防與情報單位手上有研發題目卻沒有自己的人手，原型還得幾個月內做出來	客戶是美國國防部、情報體系、國土安全部與 NASA 的專案辦公室。接的是政府自己沒有人手做的研發工作：替預警衛星寫紅外線目標判別演算法、做定向能與極音速的試驗件、把構想在幾個月內做成能上場測試的原型機。
us_535	Radiology Partners	https://www.radpartners.com	放射科醫生集團	小醫院和夜間急診排不出放射科班，半夜一張腦部電腦斷層常要等到天亮	客戶是醫院與健康體系，把影像判讀整包外包出去。醫院原本得自己養一組放射科醫師，小醫院和夜間急診排不出班，半夜一張腦部 CT 常得等到天亮。這裡把各地診所收進同一個網絡，用自建系統把片子依急迫性分派給當下有空的醫師。
us_536	RAIC Labs	https://raiclabs.com	衛星圖像 AI	要在幾十萬張衛星影像裡找特定車輛船隻，分析員只能一格格看或先標上千張	用的人是情報分析員與國防單位。要做的是在幾十 TB 的衛星與空拍影像裡找特定目標——某型號的車輛停在哪些場區、某艘船這幾天去過哪裡。原本要嘛分析員一格一格看圖，要嘛得先人工標註上千張樣本才能訓練偵測器。
us_537	Rain Neuromorphics Inc	https://rain.ai	類腦芯片	靠電池的穿戴與感測裝置想在本機辨識聲音避障，算一次就吃掉可觀電量	賣的對象是做穿戴裝置、感測節點與小型機器人的硬體廠。這些裝置靠電池跑，要在本機做關鍵詞辨識、異常音偵測或避障，但數位加速器算一次就吃掉可觀電量，原本只能降低取樣率或把資料丟上雲端。
us_540	Raven Industries (CNH)	（無官網）	CNH 旗下精準農業	噴藥靠駕駛看標記走直線，重疊處多噴、接縫漏噴，一季的藥錢與損失都在這裡	用的人是大田農場主與農機廠。噴藥時原本靠駕駛看標記走直線，重疊處多噴、接縫處漏噴，一季下來藥錢與作物損失都在這裡；收割時還得另外雇一名司機開穀物運輸車跟在聯合收割機旁接糧。已併入 CNH，不再獨立運作。
us_541	Raytheon	https://www.rtx.com	國防巨頭（RTX）	美軍與盟國採購的防空整套設備，從遠程雷達到攔截彈，交付後還有數十年維修合約	買家是美國各軍種與經對外軍售採購的盟國國防部。產出的是防空這一整套：地面雷達先在數百公里外偵獲來襲飛彈或飛機，指揮車判定威脅後由愛國者等攔截彈升空迎擊。設備交付後還有數十年的維修、備件與升級合約。
us_542	RE2 Robotics	（無官網）	軍用雙臂機器人（被 Sarcos 收購）	路邊可疑物得靠拆彈兵穿防爆衣蹲著剪線，舊型單爪機器人做不了雙手動作	用的人是美軍拆彈與工兵單位。要處理的是路邊可疑物：原本得由拆彈兵穿著防爆衣自己走過去，蹲在旁邊剪線拆解；或用只有單支夾爪的舊型機器人，抓得住東西卻做不了要兩隻手的動作。已被 Sarcos 收購，不再單獨營運。
us_543	RealNetworks	https://www.realnetworks.com	流媒體與視覺 AI	老牌串流軟體公司，近年主力轉到賣給學校與大樓保全的人臉比對系統	產品賣給學校、辦公大樓與賭場的保全部門。要做的是把門口攝影機畫面比對名單——例如把被禁止進入校園的人在他走到大門時標出來，或讓員工不刷卡靠臉開門。原本是警衛坐在櫃台，拿著一疊列印照片憑記憶認人，換班就失效。
us_544	Realtime Robotics Inc	https://rtr.ai	機器人運動規劃	一個工位多支機械臂會互撞，工程師逐點示教排開要好幾週，改款又得重來	客戶是汽車廠焊裝與組裝線的整合工程師。一個工位上擠著好幾支機械臂同時作業，路徑一交錯就會相撞。原本得由工程師逐點示教，再用互鎖把動作錯開，讓一支停著等另一支走完，一個工位調上好幾週；車型一改又得重來。
us_545	Reconstruct Inc	https://reconstructinc.com	建築進度可視化	每月請款要證明工程做到哪，只有工地主任隨手拍的幾張照，出爭議翻不出現場	客戶是營造總包、業主與出資方。每月請款時要證明這層樓真的砌到這個進度，原本靠工地主任拿手機隨手拍幾張、開會時各說各話，事後出爭議也翻不出當時現場長什麼樣。改成戴著相機走一趟就留下可回溯的現場紀錄。
us_546	Recursion	https://www.recursion.com	AI 藥物發現	找新藥原本得先猜中是哪個靶點，再設計檢測一次驗一個假設，試錯極慢	產出授權給羅氏、拜耳這類藥廠，也自己推進候選藥。做的是篩選這一段：原本得先知道疾病由哪個靶點造成，再設計只量那個靶點的檢測，一次驗一個假設。這裡不預設機制，直接比對加藥前後的細胞影像差異。
us_548	Reducto	https://reducto.ai	文檔解析	幾百頁合約與檢驗報告掃描件要轉成資料，自拼文字辨識遇跨頁表格就全錯	客戶是金融與醫療業的工程團隊。手上是幾百頁的貸款合約或檢驗報告掃描件，得先轉成結構化資料，下游的檢索問答與自動審核才跑得動。原本是自己拼 OCR 加正規表示式剖析，碰到跨頁表格、合併儲存格就錯得離譜。
us_549	Refraction AI	（無官網）	配送機器人	一份外送要派一名駕駛開車，運費加小費常吃掉餐廳大半利潤	服務的是安娜堡在地餐廳與雜貨店的外送最後一哩。原本一份餐點要派一名駕駛開車送，運費與小費常吃掉餐廳大半利潤。REV-1 走自行車道而非人行道，用十幾顆攝影機取代光達把整車壓到五千美元。近年已無營運跡象、官網下線。
us_550	Reka AI	https://reka.ai	多模態模型	幾千小時會議錄影要找片段，原本得先跑轉文字再跑視覺，自己把兩邊接起來	賣給要把模型放在自家機房、不願把資料送上公有雲的企業。用途多半是既有影音資料的理解：從幾千小時的會議錄影或監視畫面裡找出特定片段、看圖回答問題。原本得先跑語音轉文字、再跑視覺模型，自己把兩邊結果串起來。
us_551	RelationalAI	https://www.relational.ai	知識圖譜數據庫	排程與找詐騙團夥這類問題得把資料搬出倉儲到另一套引擎，兩邊還要定期同步	客戶是已經把資料放在 Snowflake 的大企業，用途像是供應鏈排程、電信網路的依賴關係追蹤、找出共用地址與裝置的詐騙團夥。這類問題原本得把資料從倉儲匯出到另一套圖資料庫或最佳化求解器，兩邊還得定期同步。
us_552	Replika	https://replika.com	AI 伴侶	深夜想找人說說當天的事、練習難以啟齒的對話，身邊卻沒人接得住	用的人是個人，多半在深夜找不到人說話時打開它：聊當天發生的事、練習難以啟齒的對話、或替失落找個出口。它會記住先前提過的名字與情緒，下次接得上。免費使用，約四分之一的人付費解鎖關係模式與語音通話。
us_553	Replit	https://replit.com	在線編程與編程智能體	想做個發給同事用的小工具，光裝環境挑主機開資料庫就一天，功能還沒寫	用的人從課堂學生到公司裡沒工程背景的行銷、營運，要的是一個能發給同事用的小工具：報名表、內部儀表板、簡單的接單頁。原本光把環境裝起來就要一天——裝執行環境、挑主機、開資料庫、接登入驗證，還沒寫到功能就卡住。
us_554	Resemble AI	https://www.resemble.ai	語音克隆	旁白改一句話就得把配音員請回錄音室，換語言做在地化又要整段重錄	客戶包含影視製作、大型企業與政府單位。典型用途是廣告或旁白改一句話時不必把配音員請回錄音室重錄，或把同一個聲音換成別種語言做在地化；政府那端買的是反過來的用途——判斷一段錄音是否為合成，以及嵌入浮水印。
us_557	Rev	https://www.rev.com	轉寫服務	九十分鐘訪談要變逐字稿，自己邊聽邊倒帶得打上三四倍時間，外包則按分計費	用的人是記者、研究者、律所與 Podcast 製作，要把一段九十分鐘的訪談錄音變成可搜尋、標好講者的逐字稿。原本要嘛自己邊聽邊打、反覆倒帶，一小時錄音打三四小時，要嘛外包給打字員按分鐘計費。
us_558	Reve	https://reve.com	圖像生成	海報和包裝上的字，模型畫出來多半是亂碼，只能生成背景再回軟體疊字	用的人是做行銷素材與版面的設計者。常見需求是一張帶字的圖——海報、社群貼文、商品包裝，字要拼對、還要落在該落的位置。先前的文生圖模型畫出來的字多半是亂碼，實際做法是先生成背景圖、再回到繪圖軟體疊上文字。
us_56	Arzeda	https://www.arzeda.com	蛋白與酶設計	要一種能在自家產線催化特定反應的酵素，原本從土壤菌株碰運氣篩再隨機突變	客戶是食品、個人護理、材料與製藥公司。他們要的是一種能在自家產線條件下催化特定反應的酵素，例如把某種糖轉成代糖、或取代石化製程的一個步驟。原本的做法是從土壤菌株裡碰運氣篩選，再用定向演化一輪輪隨機突變慢慢逼近。
us_560	Rhombus Power Inc	https://rhombuspower.com	國防預測 AI	要預判對手何時部署、兵力該擺哪，靠分析官把報導衛星後勤資料手抄成試算表	用的人是軍方與情報單位的規劃與評估幕僚。要回答的是預判型問題：對手的某項裝備什麼時候會部署到位、兵力與備料該擺在哪個基地、哪些跡象代表情勢要升級。原本靠分析官把開源報導、衛星影像與後勤數據手工整理成試算表。
us_561	Richtech Robotics	https://www.richtechrobotics.com	服務機器人	端菜、調飲料、夜間洗地佔掉服務生大半步數，這類班次又長期招不到人	客戶是餐廳、旅館、賭場與醫院的營運方。接的是跑腿型的工作：把出好的菜從廚房端到桌邊、照配方調一杯飲料、夜間洗地、把物料從庫房送到樓層。這些原本佔掉服務生大半的步數，讓他們沒空招呼客人，而且這類班次長期招不到人。
us_562	RightHand Robotics Inc	https://righthandrobotics.com	揀選機器人	從一箱混雜商品裡抓出訂單那一件，揀貨員整班站著重複，一天數千次	客戶是電商、藥品配送與服飾倉庫。要做的是單件揀取——從一箱混雜的商品裡抓出訂單指定的那一件放進出貨箱，商品可能是藥盒、襪子或洗髮精，形狀軟硬不一。原本由揀貨員站在工作站整班重複抓取，一天數千次。
us_563	Rime	https://rime.ai	語音合成	電話客服的自動應答靠事先錄好的提示音接成選單，沒錄過的句子就講不出來	客戶是金融、醫療與旅宿業的電話客服系統開發方。電話這種場景不能等——回應慢個一秒對方就會插話，聲音太像播報員也會讓人立刻掛斷。原本的語音自動應答靠事先錄好的提示音接成選單，凡是沒錄過的句子就講不出來。
us_565	Riverain Technologies	https://www.riveraintech.com	胸片 AI	胸部平片上的肺結節被肋骨壓住，醫師在骨影裡找幾毫米淡影，漏看率高	用戶是四百多個院所的放射科，含美國退伍軍人事務部。胸部 X 光上的肺結節常被肋骨或鎖骨壓住，醫師原本得在交錯的骨影裡盯著找一個幾毫米的淡影，漏看率高，不放心就再開一張 CT，病人多吃一次輻射。
us_566	Rivian	https://www.rivian.com	電動車企	自產皮卡與休旅賣給一般消費者，另替電商量產送貨廂型車，整車電子架構也授權出去	賣的是給一般消費者的電動皮卡與休旅，另一塊是替亞馬遜量產送貨廂型車——這類車每天固定路線、走走停停幾百次再回站充電，正好是柴油車最耗油、維修最頻繁的用法。電子電氣架構把分散的控制器整併，因而能授權給福斯。
us_568	Roadzen	（無官網）	車險科技	擦撞後要等理賠員到場看車手寫估價，車主等上好幾天，同一處凹痕人人估不同	客戶是保險公司、保經與車隊業者。擦撞之後原本得等理賠員到現場或修車廠看車拍照、手寫估價單，車主等上好幾天才知道賠多少，同一處凹痕不同人估出不同價。改成車主自己用手機拍幾張照片，由模型判斷損傷部位與維修費區間。
us_569	Roblox	https://www.roblox.com	遊戲平台	上頭的內容幾乎全由用戶自己做，多是青少年，想擺一棵樹原本得學建模軟體或買現成	平台上的遊戲幾乎全由用戶自己做，多半是青少年創作者。他們的瓶頸在素材——要在場景裡擺一棵樹或一輛車，原本得學 Blender 之類的建模軟體慢慢拉點面，或到市集花 Robux 買現成模型。
us_57	ASAPP	https://www.asapp.com	客服 AI	客服坐席一邊通話一邊在多套系統間翻答案，掛完電話還得手寫通話摘要	客戶是大型客服中心，像航空公司與電信的線上客服。坐席原本一邊跟客戶講話、一邊在 CRM 與知識庫之間切換找答案，講完還得手寫通話摘要，每通多花一兩分鐘。系統掛在既有客服平台上，常見問題由機器直接應答。
us_570	Robotic Research (RE2)	（無官網）	軍用與商用自主車輛	一趟軍事運補每台車都得坐一名駕駛，整列人暴露在路邊炸彈的風險裡	客戶是美軍地面部隊。要解的是補給車隊：一趟運補原本每台車都得坐一名駕駛，整列人暴露在路邊炸彈風險下。做法是頭車由人駕駛，後面數台無人跟隨，並在 GPS 被干擾時仍能靠自身感測定位。現已改名 Forterra。
us_571	Robust AI	https://www.robust.ai	倉儲協作機器人	揀貨員推車走完整條路線，走路就佔掉一半工時，換機器人又得先改整座倉庫	客戶是第三方物流與電商倉庫的營運端。揀貨員原本推著一台手推車沿貨架走完整條路線，走路本身佔掉一半工時；換成自走機器人又多半要改動線、貼地標、改倉儲系統，還得先編一筆資本支出。這裡不必改倉庫，按月租計費。
us_575	ROS (Open Robotics)	https://www.openrobotics.org	機器人操作系統 ROS 維護方	每個團隊都要自寫模組通訊與感測驅動，換一台機器就重來，程式也搬不走	產出是給全世界機器人開發者用的開源框架，使用者從大學實驗室到自駕、倉儲與手術機器人公司。原本每個團隊都得自己寫一套模組間通訊、感測器驅動與座標轉換，換一台機器就重來一次，論文裡的程式也搬不到別人的機器上。
us_576	Runway	https://runway.com	視頻生成	想先給客戶看畫面或補拍不到的空景，只能實地帶劇組出外景或請後期逐格摳	客戶是廣告公司、影視製作與獨立創作者。典型用途是把分鏡先生成可看的畫面給客戶確認、補拍不了的空景，或把已拍素材去背、換掉背景。原本這些要嘛實地帶劇組出一次外景，要嘛交給後期特效師一格一格描邊摳圖。
us_577	Sagence AI	https://www.sagence-ai.com	模擬存內計算	推論機房裡模型常駐顯卡待命，電費與機櫃數隨並發量一起長，資料還一直來回搬	客戶是自建推論機房的雲端商與大型企業，痛點是模型常駐 GPU 待命，電費與機櫃數隨並發量一起長。做法是把權重存在記憶體單元裡直接做乘加，省掉資料在記憶體與運算單元之間來回搬。目前仍在送樣導入，尚未量產出貨。
us_578	Salesforce	https://www.salesforce.com	CRM 軟件	企業用來管業務名單、報價流程與客訴工單的系統，近年在同一份客戶資料上架智能體	買方是企業的銷售與客服主管，用來管業務名單、報價流程與客訴工單。Agentforce 是在同一份客戶資料上架智能體，讓它自己查訂單、退款、改約，處理不了才轉真人。原本這些一線案件靠客服中心照腳本一件件接。
us_579	SambaNova	https://sambanova.ai	AI 芯片與推理	不外送資料的機構自建機房，每個模型各佔一組顯卡，換一個要重載等上數分鐘	買方是政府實驗室與金融、電信這類不外送資料、要在自家機房跑模型的機構。原本每個模型各配一組 GPU，切換要重新載入權重等上數分鐘。這裡整櫃交付或按量租用推論服務，三層記憶體讓一台機器同時常駐數十個模型、隨呼叫切換。
us_580	SandboxAQ	https://www.sandboxaq.com	谷歌分拆，AI+量子	一邊替銀行與政府盤點系統用了哪些加密演算法，一邊用物理方程推算分子與材料性質	客戶是銀行、政府與藥廠。一類工作是盤點全公司系統用了哪些加密演算法、排汰換順序，原本得靠稽核人員逐一翻設定檔與憑證清單；另一類是用物理化學方程訓練的模型推算分子與材料性質，取代實驗室原本一輪輪的濕實驗篩選。
us_581	Sarcos Guardian	https://www.palladyneai.com	外骨骼與遠程操控機器人	遊蕩彈藥與無人機原本一架得配一名操作員盯螢幕，多架要協同搜索就不夠人	已改名 Palladyne AI，全身外骨骼量產計畫中止，不再是營收來源。現在賣的是裝在別人硬體上的自主軟體，客戶是國防單位，用途是讓遊蕩彈藥與多架無人機在無人操控下協同搜索目標。原本一架無人機得配一名操作員盯著螢幕。
us_582	Saronic Technologies	https://www.saronic.com	自主水面艦艇	海域巡查與目標監視原本得派有人艦艇或巡邏機，人得跟著長時間待在外海	客戶是美國海軍與盟國海軍。用途是把原本要派有人艦艇或巡邏機執行的海域巡查、目標監視與補給運送，改由無人艇長時間在外海跑，人員留在岸上或母艦。自建船廠量產而非外包，單價與交艦周期都壓在傳統軍艦之下。
us_583	Satellogic	https://satellogic.com	地球觀測衛星	想固定頻率盯住礦區堆料或油槽液位，原本得派飛機航拍或一次次買單張影像	一邊賣影像訂閱給能源礦業、金融保險與政府，同一地點反覆回訪，用來看礦區堆料變化、油槽液位、農地長勢或邊境活動；原本要派飛機航拍或買單次衛星影像，難以固定頻率追蹤。另一邊把整套衛星與地面站交付給要自有觀測能力的國家。
us_584	Scale AI	https://scale.com	數據標註與評測	訓練與評測模型要的題目與評分，各家自找外包標註工，品質和判準對不齊	買方是訓練大模型的 AI 實驗室與美國國防部。工作是替模型產出訓練與評測資料：找專業人員寫題目與標準答案、對模型輸出逐則評分排序，再把流程搬上平台管品質。原本各家自己找外包標註工，題目品質與判準一致性難控。
us_585	Scientific Systems	https://www.ssci.com	國防自主系統研發	多架無人機誰去偵察誰去攔截，原本要地面指揮所的人看著螢幕逐架下令	幾乎只接美國國防部與陸軍的研發合約，交付演算法與原型，不做量產硬體。做的事像是讓多架無人機共享感測資料、自行分配誰去偵察誰去攔截，曾在 MQ-20 上驗證全自主防空任務。原本這些決策由地面指揮所的人員看螢幕下令。
us_587	Seegrid	https://seegrid.com	自主移動機器人	廠內送料要人開拖車頭堆高機來回跑，改自動化又得在地面貼磁條、改線重鋪	客戶是工廠與倉庫的物流主管。用途是把原本駕駛員開拖車頭、堆高機在產線與倉儲之間來回送料的路線交給車自己跑。做法是在既有車型上加裝視覺導航，不必在地面貼磁條或在牆上裝反光標記，改路線時也不用重鋪地面。
us_588	Segmind	https://www.segmind.com	生成式 AI 推理平台	開發者每換一個開源生成模型就得自己租卡裝環境，離峰還卡著閒置費用	使用者是要把影像、影片、音訊生成塞進自家產品的開發者。原本每換一個開源模型就得自己租 GPU、裝環境，離峰還卡著閒置費用。這裡把兩百多個模型包成同一組 API，按呼叫次數或 GPU 時數計費，另有拖拉介面串多步流程。
us_589	Sensagrate	https://www.sensagrate.com	交通安全 AI	哪個路口容易出事，原本得派人站著數車，或等事故累積夠多才看得出來	客戶是市政府交通部門與大學校園，包括斯科茨代爾市、土桑市與 UCLA。在路口裝攝影機與感測器，統計車流、判讀行人與車輛的衝突行為，找出容易出事的路口，也把路況推播給路過車輛。原本得靠人工數車或等事故累積才看得出問題。
us_59	AssemblyAI	https://www.assemblyai.com	語音識別 API	客服通話與會議要變成帶標點和講者分段的逐字稿，原本靠人一句句聽打	買方是軟體商的開發者，自助註冊、依用量計費，不直接面對終端使用者。典型用途是把客服通話、會議與 Podcast 轉成帶標點和說話者分段的逐字稿，再接摘要與情緒判讀；近年主力是語音代理要的低延遲串流。原本靠人工聽打。
us_590	Sensory Inc	https://www.sensory.com	端側語音	音箱電視車機聽喚醒詞原本要把音訊送上雲端，斷網就失靈，也讓人擔心隱私	客戶是晶片商與家電、車廠的韌體團隊，授權模型讓他們整合進自家產品。用途是讓音箱、電視、車機在沒連網時聽見固定喚醒詞或命令詞就反應，也做聲紋與人臉比對。原本這類辨識要把音訊送上雲端，斷網失靈，也帶來隱私疑慮。
us_591	Serve Robotics	https://www.serverobotics.com	Uber 分拆，人行道配送機器人	一兩公里的外送短單原本要派一名外送員跑一趟，人力成本怎麼算都攤不掉	不自營餐飲，替 Uber Eats、7-Eleven 等平台跑最後一哩並按單收費，在洛杉磯、邁阿密等城市營運。機器人沿人行道自己走到店家取餐、送到住家門口。原本這段由外送員騎車完成，短程單的人力成本攤不掉。
us_592	ServiceNow	https://www.servicenow.com	企業工作流	員工報修請假的請求該派給誰、卡在哪一關沒人說得清，案件往返長得沒人想讀	客戶是大型企業與政府機構的 IT、人資與客服部門，按年訂閱。平台本身是工單系統：員工報修或請假的請求進來後依規則派給誰、卡在哪一關都看得到。Now Assist 是加購模組，自動摘要冗長的案件往返並草擬回覆。
us_593	SES AI	https://www.ses.ai	鋰金屬電池，AI 材料發現	電池本業因車用量產未到，轉供無人機與儲能，另賣給研發人員篩選電解液配方的軟體	電池本業因車用量產未到，轉做無人機與儲能的小批量供應。現在對外賣的是材料探索軟體，使用者是電池與材料廠的研發人員，用來從文獻與計算資料裡篩出候選電解液配方再進實驗室驗證。原本靠研究員讀論文、憑經驗調配方。
us_594	Shield AI	https://shield.ai	國防自主飛行	無人機靠衛星鏈路由後方遙控，一被電子干擾就失聯返航，起降還得要跑道	客戶是美軍與盟軍。V-BAT 垂直起降、不需跑道，可從艦艇或空地起飛做偵察；Hivemind 讓飛行器在 GPS 被干擾、通訊中斷時自己判讀地形完成任務。原本無人機得靠衛星鏈路由後方操作員遙控，一旦被電子干擾就失聯返航。
us_595	Silicon Storage Technology Inc	https://www.sst.com	微芯科技旗下存儲 IP	微控制器要存程式與校正參數，原本得外掛一顆獨立記憶體，多佔板位多接線	不生產晶片，把分離閘快閃記憶體技術授權給晶圓廠與晶片設計商，收授權金與權利金。用途是讓微控制器把程式與校正參數存在同一顆晶片內，原本得外掛一顆獨立記憶體，多佔板面積也多一組接線。同一套單元近年也拿來做類比運算。
us_596	Simbe	https://www.simberobotics.com	超市盤點機器人	貨架缺貨或標價不符，靠店員拿盤點機一週掃一兩次，中間出狀況得等客訴	客戶是連鎖超市與量販的門市營運部門，按店訂閱而非買硬體。機器人在營業時間沿走道巡邏，拍整面貨架比對出哪裡缺貨、標價與系統不符。原本靠店員拿盤點機一區區掃，一週一兩次，中間缺貨要等客訴才知道。品牌商也買同一份資料。
us_598	Simulations Plus Inc	https://www.simulations-plus.com	藥物研發建模軟件	一顆口服藥的劑量與劑型，原本只能靠一輪輪動物試驗慢慢摸，才敢進人體	客戶是藥廠的藥動學團隊與 FDA 等監管機關。用途是在動物與人體試驗之前，先算出一顆口服藥在腸胃道溶解、吸收、經肝代謝後的血中濃度曲線，據此決定劑量與劑型，結果常直接寫進新藥申報文件。原本只能靠反覆的動物試驗摸索。
us_600	Skydio	https://www.skydio.com	自主無人機	看火場屋頂、找鐵塔過熱點原本要出動直升機或派人爬塔，還得先養出飛手	客戶是警消、軍方與電力、油氣的巡檢單位。警察到場先放飛機看現場，消防看火場屋頂；巡檢則繞著鐵塔、變電站拍熱像找過熱點。機身自己避障，操作員不必受訓成飛手。原本這些事要出動直升機或派人爬塔吊掛，成本與風險都高。
us_603	Skylark Labs	https://skylarklabs.ai	安防視覺 AI	監視畫面靠保全盯著數十路看，換成雲端模型又遇沒見過的異常就漏判	客戶是國防與關鍵設施的保全單位，起家案子是替海軍偵測跑道異物。賣點是模型跑在攝影機或無人機本機、能在現場持續學新的異常樣態，不必回雲端重訓。原本監視畫面靠保全盯著數十路影像，或用遇到沒看過就漏判的雲端模型。
us_605	Skyryse	https://www.skyryse.com	飛行自動化	換一款直升機飛行員就得重訓上百小時，桿舵與集體桿的協調全靠手感	客戶是軍方、空中醫療與執法單位的機隊。做法是拆掉直升機原有的機械操縱連桿，換成自家線傳飛控，飛行員用單一搖桿操作，遇狀況可按鈕自動降落。原本每換一款機型飛行員就要重新受訓上百小時，操縱桿、腳舵與集體桿的協調全靠手感。
us_606	Slamdunk.ai	https://www.slamdunk.ai	視覺 AI	業餘運動者請不起教練，動作對不對只能自己看影片憑感覺揣摩	對象是請不起教練的業餘運動者，採訂閱制。用手機拍下自己揮拍或做瑜珈的動作，程式逐格抓骨架關節位置，和職業選手的同一動作對齊比對，指出手肘角度、重心時機差在哪。原本要花錢請教練到場看，或自己看影片憑感覺揣摩。
us_607	SLB	https://www.slb.com	油服巨頭（斯倫貝謝）	主要收入仍是替石油公司鑽井與評估油藏，另把散在各系統的測井生產資料統一起來解釋	主要收入仍是替石油公司鑽井、評估油藏與供應生產設備。Lumi 賣給油公司的地質與生產團隊：把散在各系統的測井、地震與生產資料統一格式，再用產業模型做油藏解釋與產量預測。原本地質師得在數套互不相通的軟體之間手動搬資料。
us_608	Slingshot Aerospace	https://www.slingshot.space	太空態勢感知	衛星營運商只能等軍方發來碰撞預警，對方是什麼東西自己完全無從查證	客戶是美國太空軍等政府單位與衛星營運商，按訂閱收費。自建的光學望遠鏡網路整夜追拍在軌物體，算出誰跟誰可能相撞、哪顆衛星變了軌，再併上收購來的衛星與發射歷史資料庫。原本營運商只能等軍方發來預警，自己無從查證對方是什麼東西。
us_61	Asylon Robotics	https://asylonrobotics.com	安防無人機與機器狗	園區夜間巡邏要保全開車或徒步繞一圈，一圈數十分鐘，中間發生什麼沒人知道	客戶是倉儲、物流園區與關鍵基礎設施的保全主管，收訂閱服務費而非硬體費。園區裡的無人機與四足機器狗按排程自己巡邏、自動回站換電池，畫面回到遠端監控中心由人員判讀警報。原本夜間巡邏要保全開車或徒步繞廠區，一圈數十分鐘。
us_610	Snap Inc	https://www.snap.com	社交相機	九成收入來自廣告，買的是想觸及年輕用戶的品牌，另有開放給開發者的濾鏡工具與眼鏡	九成以上收入來自廣告，買方是想觸及年輕用戶的品牌與代理商，除了插播廣告還買可試戴、試妝的 AR 濾鏡。另一條線是把 Lens Studio 開放給開發者做濾鏡，以及自家 AR 眼鏡；眼鏡至今未大規模出貨。
us_611	Snowflake	https://www.snowflake.com	數據雲	交易與行為資料散在各系統，要分析得自購主機還按尖峰買足容量，離峰閒置	買方是企業的資料團隊。把散在各系統的交易與行為資料集中成一座倉庫，供分析師下 SQL 查詢、做報表，運算與儲存分開計價且跑在別人的雲上。原本要自購倉儲主機、按尖峰用量買足容量，離峰閒置。近年把模型呼叫做成 SQL 函式。
us_612	Softmax	https://softmax.com	多智能體對齊研究	不賣產品，產出是論文：把多個代理放進同一環境，觀察它們何時合作、何時背叛	沒有對外販售的產品，產出是研究。主張對齊不能只看單一模型答題安不安全，要放進多個代理互動的強化學習環境，觀察它們在什麼條件下合作、什麼條件下背叛或形成共同目標。成果面向的是對齊研究社群，不是付費客戶。
us_615	Sony Corp America	（無官網）	索尼美國	日本電子與娛樂集團的美國控股公司，統轄影視、音樂與電子業務，研發分散在集團各單位	索尼在美國的控股公司，總部紐約，統轄索尼影視、索尼音樂與索尼電子等美國業務。本身不設研發部門，AI 工作分散在集團旗下的 Sony AI 研究院與索尼半導體等單位，對外多以集團名義發布，沒有獨立於索尼集團之外的官網。
us_616	Sorenson Communications	https://sorenson.com	手語與聽障通訊	聾人要打一通電話，原本只能用打字式電話慢慢敲，或請家人在旁邊代打	使用者是聾人與聽障者，費用由美國聯邦通訊委員會的電信轉接基金支付，屬受監管業務。聾人打視訊到轉譯中心，翻譯員即時把手語轉成口語講給對方聽、再把回話譯回來。原本只能靠打字式電話或請家人代打。近年也賣醫療場合的即時字幕。
us_617	Soroco	https://soroco.com	工作流挖掘	一件事實際經過哪些人、在哪幾套系統來回，原本靠顧問一個個訪談員工問出來	客戶是大型企業要做流程改造的營運部門。做法是在員工電腦上收集鍵鼠與視窗操作軌跡，拼出一件事實際經過哪些人、在哪幾套系統之間來回幾趟、卡在哪一步，再決定要簡化還是自動化。原本這張圖是顧問一個個訪談員工問出來的。
us_618	Sound Hound Ai Ip LLC	https://www.soundhound.com	SoundHound 語音 AI 專利實體	本身只持有辨識與語意理解的智慧財產，營運在母公司，買家是車廠、速食連鎖與客服中心	這是持有語音辨識與語意理解專利的法人實體，營運在母公司。實際買家是車廠、速食連鎖與客服中心：車主不按鍵直接開口調空調找路，得來速的點餐由語音代理接單並確認客製。原本得來速靠店員戴耳機邊聽邊敲，客服電話則是按鍵式選單。
us_619	SpaceX (Starship)	https://www.spacex.com	航天	現金流來自可回收火箭發射與衛星上網訂閱，最燒錢的開發項目仍在反覆試飛	現金流來自獵鷹九號的回收發射與 Starlink 訂閱，星艦是耗資最大的開發項目，仍在反覆試飛。它綁著 NASA 的載人登月合約與新一代星鏈部署：一趟要把數十噸貨送上軌道，兩節都回收重用。原本大型酬載只能靠一次性火箭。
us_62	AT&T Mobility II LLC	（無官網）	AT&T 無線業務	電信商旗下持有頻譜執照與網路資產的法人實體，不獨立營運，技術投入集中在排程與故障預測	AT&T 無線業務的法人實體，用來持有頻譜執照與網路資產，不以獨立品牌對外營運。AI 投入集中在網路排程最佳化、基地台故障預測與客服自動化，由母公司統一管理與揭露，因此沒有屬於自己的官方網站。
us_621	Stack AV	https://www.stackav.com	軟銀支持的自動駕駛卡車	跨州長途卡車司機受工時上限，一趟得換人或停車休息，夜間又是事故高峰	客戶是車廠與長途貨運車隊，系統賣給他們而非自建運輸公司，只做重型卡車。針對的是州際公路的長途幹線：司機受工時上限限制，一趟跨州得換人或停車休息，夜間行車又是事故高峰。目前仍在路測階段，尚未大規模商轉。
us_623	Standard Bots (cobot)	https://standardbots.com	協作機器人	中小工廠顧機台是作業員整班站著放料取料，想換機器人又要會寫程式	客群是中小型工廠，入門型號約 2.95 萬美元起。典型用途是顧機台：把毛胚放進 CNC、加工完取出放上輸送帶，原本由作業員整班站在機台前重複同一動作。設定不必寫程式，操作員扶著手臂走一遍即可。手臂在美國設計與組裝。
us_624	Starkey Hearing	https://www.starkey.com	AI 助聽器	長者在吵雜餐廳裡還是聽不清人聲，跌倒要被發現又得另外戴手環或頸掛警報	使用者是配戴助聽器的長者，透過聽力師通路驗配銷售。除了依聽力圖補償特定頻段，機內還判讀環境，在餐廳這類吵雜場合壓背景音、突顯人聲。另把動作感測放進耳內做跌倒偵測，自動通知家屬。原本這功能要另戴手環或頸掛警報器。
us_625	Starship Technologies	https://www.starship.xyz	人行道配送機器人	校園裡一兩公里的取餐與雜貨單，原本要外送員開車繞進宿舍區跑一趟	不自營零售，向 Grubhub、Bolt、Co-op 等平台按單收費，主要跑大學校園與社區。六輪小車沿人行道自己走到店家取餐或雜貨、送到宿舍樓下，收件人用手機開蓋。原本校園裡一兩公里的短程單靠外送員開車繞行。
us_626	Stealth Robotics Startup	（無官網）	隱名機器人初創		
us_627	STR	https://www.str.us	國防研發	要從雜訊裡認出特定雷達或通訊訊號，原本靠受訓分析員戴著耳機逐段聽看	客戶幾乎全是美國國防部與情報體系，以研發合約交付演算法與原型系統，不做量產硬體。題目像是從雜訊裡認出特定雷達或通訊訊號、規劃電子干擾、把多個感測器的資料融成同一張戰場圖。原本這些判讀靠受訓的訊號分析員逐段聽看。
us_630	Stripe	https://stripe.com	支付	線上商家要收卡得自己跟銀行談收單、逐國串接閘道，防詐只看得到自家訂單	買方是線上商家的工程團隊，靠交易抽成獲利。接上幾行程式就能收卡、處理退款、訂閱續扣與跨國結算，原本得自己跟銀行談收單、逐國串接金流閘道。反詐模型看的是全平台數百億筆交易的共同樣態，比單一商家只看自家訂單判得準。
us_631	Subtle Medical	https://subtlemedical.com	醫學影像增強	病人得在機器裡躺滿全程才拍得清楚，縮短時間就雜訊多，一天排不了幾人	客戶是醫院的放射科。軟體裝在既有 MRI、PET、CT 後端，把縮短掃描時間或減少顯影劑之後變得雜訊多的影像還原成可判讀的品質。原本病人得在機器裡躺滿全程才拍得清楚，機台一天能排的人數因此受限。已取得 FDA 許可。
us_632	SuitX (US Bionics)	（無官網）	外骨骼	產線與倉儲工人整天舉手過頭或彎腰搬料，原本只能靠輪班和一條護腰硬撐	已被德國義肢廠 Ottobock 收購，併入其人因工學產品線，不再以獨立品牌營運。使用者是要長時間舉手過頭或彎腰搬料的產線與倉儲工人，穿在身上的支架靠彈簧把手臂與上身重量轉到腰髖，不用馬達。原本只能靠輪班與護腰硬撐。
us_634	Suno	https://suno.com	AI 音樂生成	影片和廣告要一段三十秒配樂，得找作曲找歌手進錄音室，或到音樂庫翻授權	使用者是要配樂的影片創作者、廣告與遊戲製作者。免費加訂閱制，付費方案才附商用授權，可分軌匯出交給編曲者再修。原本一段三十秒的配樂得找作曲、找歌手進錄音室，或到音樂庫翻授權曲。曾因訓練資料來源被唱片公司提告。
us_635	Superagent	https://www.superagent.sh	智能體	合併程式碼前要查相依套件有沒有被投毒，原本靠資安人員定期人工翻一遍	使用者是開發團隊，從開源的代理框架轉做安全檢查。合併程式碼前掃相依套件有沒有被投毒或含已知漏洞，對已部署的系統做對抗測試，並替代理設護欄擋住不該執行的動作，結果透過 MCP 介面回傳。原本靠資安人員定期人工審查。
us_636	Superb AI Inc	https://superb-ai.com	數據標註平台	自駕與檢測模型要的訓練圖，原本請人把每輛車每個行人一格格框，數十萬張	客戶是三星、現代、豐田、LG 這類做自駕、物流與製造檢測的團隊。原本要請標註人員把路口影像裡的每輛車、每個行人一格格框出來，一個專案動輒數十萬張。平台改成模型先框、人只改錯的，近年再做少量樣本就能微調的視覺模型。
us_638	Sword	https://swordhealth.com	數字理療	膝腰復健要每週跑兩三趟診所，很多人做到一半就中斷，雇主和保險公司照付	付費的是企業雇主與保險公司，按人頭計費，病患不自掏腰包。做法是寄一組動作感測裝置到家，病患跟著程式做復健動作，系統即時糾正姿勢與次數，真人物理治療師遠端看數據調處方。原本膝、腰的復健要每週跑兩三趟診所，很多人中斷。
us_639	Symbio Robotics	（無官網）	汽車裝配機器人	插接壓合的零件每批都有公差，機械臂照固定座標走就卡住，只能留給人手做	客戶是汽車廠的裝配線。不賣新機器人，而是在既有工業機械手臂上加裝感測與學習軟體，讓手臂靠力回饋完成插接、壓合這類對位要求高的動作——零件每批都有公差，硬照固定座標走就會卡住或壓壞。原本這些工位只能留給人手做。
us_640	Symbolica AI	https://www.symbolica.ai	範疇論驅動的新架構	主張現行模型只靠模式比對，改以數學理論設計推理引擎，目前仍偏研究，未見大規模採用	主張現行 Transformer 只靠模式比對，遇到要照嚴格步驟推理的題目就不穩，因此用範疇論與型別論設計推理引擎，把程式執行當成架構本身的一部分。目前產出是給開發者的代理建構平台，尚未見大規模採用，整體仍偏研究階段。
us_642	Syntiant Corp	https://www.syntiant.com	端側 AI 芯片	耳機音箱要一直開著等喚醒詞，這件事交給主晶片待命，電池撐不到一天	客戶是耳機、音箱、穿戴與家電廠的硬體團隊，靠出貨量而非單價獲利。晶片專門負責常時開著聽的那一段：以毫瓦級功耗等待喚醒詞或特定聲響，聽到才叫醒主處理器。原本這件事交給主晶片持續待命，電池撐不了一天。
us_643	TAE Technologies Inc	https://tae.com	核聚變	發電仍停在自家裝置的驗證階段，尚未併網，眼下出貨的是電池管理與中子治療設備	聚變本身還沒有客戶也不賣電，目前靠兩條副業出貨：把裝置的電源控制技術轉做電池管理，賣給電動車與儲能業者；以及把加速器做成醫院用的硼中子捕獲治療設備供癌症治療。主線仍是在自家裝置上驗證氫硼聚變能否維持高溫電漿。
us_644	Tagup	https://tagup.ai	工業設備 AI	早期把公用事業設備的感測資料轉成換修時機，近年重心移到國防物流的決策輔助	早期客戶是電力與水務公用事業，把變壓器、泵浦上的感測資料轉成剩餘壽命估計，讓維修從固定周期改成壞之前才換，原本要嘛定期拆檢、要嘛等跳機才處理。近年重心移到國防與軍事物流的決策輔助，官網主打已換成物流。
us_645	Talkspace	https://www.talkspace.com	在線心理治療	想找治療師得自己打電話問診所，排到幾週後還要請假跑一趟	使用者多是靠雇主福利或保險拿到帳號的上班族與青少年，配對一位持照治療師後用文字訊息隨時留言，治療師每天回一兩次，需要時再約視訊或由精神科醫師開藥。原本得自己打電話找診所、排進幾週後的固定時段請假跑一趟。
us_646	Tavus	https://www.tavus.io	數字人視頻	示範與訓練要嘛錄一段影片讓人單向看完，要嘛排真人開視訊逐個接待	買的是產品公司的銷售、客服與教育訓練團隊。開發者接上 API，畫面上就出現一張會看鏡頭、聽人講話並即時回話的臉，用來做產品導覽、面試練習或新人訓練。原本要嘛錄一段固定影片讓人單向看完，要嘛真的排一個人開視訊逐個接待。
us_649	Teledyne FLIR (ground)	https://www.flir.com	熱成像與地面無人車	路邊出現可疑包裹，得由人穿上數十公斤防爆衣親自走過去動手	客戶是軍方工兵與警方排爆小組。遇到路邊可疑包裹，操作手待在數百公尺外遙控履帶機器人過去，靠機械臂與熱像鏡頭翻看、剪線或放置破壞器。原本得由拆彈手穿上數十公斤防爆衣自己走到包裹旁動手。
us_65	Atomwise	（無官網）	AI 小分子藥物發現	要找出能黏住標靶蛋白的化合物，得靠機器實跑數十萬瓶庫存樣品碰運氣	客戶是藥廠與學術實驗室的藥物化學家。給一個蛋白標靶結構，從數十億個虛擬分子裡挑出幾百個值得合成驗證的分子。原本得用高通量篩選機器人實跑數十萬瓶庫存化合物。公司已改名 Numerion Labs，轉做自有免疫與發炎管線。
us_650	Telepathy Labs	https://www.telepathy.ai	對話 AI	客人打電話來約維修，接線生一邊聽一邊敲鍵盤，尖峰時段只能讓人等	客戶是電話量大又請不到接線生的服務業，汽車經銷商的維修部門是主力。客人打進來說暖氣壞了想約週三下午，代理聽懂後查師傅行事曆排班、報價，再把紀錄寫回系統。原本是接線生一邊聽一邊敲鍵盤，尖峰時段只能讓人等或轉語音信箱。
us_651	Tempus	https://www.tempus.com	同 Tempus AI	病人該用哪種標靶藥、能報名哪個試驗，醫師得逐項送檢再自己上網比對	名單裡與 Tempus AI 重複的同一筆。實際做的是替腫瘤科醫師把病人的腫瘤切片送定序，回一份報告指出哪些突變對應哪些藥與臨床試驗；累積的病歷加基因資料再去識別化後授權給藥廠。細節見 Tempus AI 那條。
us_652	Tempus AI	https://www.tempus.com	腫瘤基因與臨床數據 AI	醫師選標靶藥靠治療指引與經驗，一次只送驗一個位點，能報名哪些試驗得自己上網翻	下單的是醫院與社區診所的腫瘤科醫師。病人切片寄來後做 DNA 與 RNA 定序，回一份報告列出突變、對應的標靶藥與可報名的臨床試驗。原本醫師只能逐項送單基因檢測，或照治療指引憑經驗選藥，試驗配對得自己上網站翻。
us_653	Tensor Auto	https://www.tensor.auto	個人自動駕駛汽車	消費者買得到的只到輔助等級，能自己跑完全程的車只在別人營運的叫車車隊裡	刻意賣給個人車主而非叫車車隊：買的人平常自己開或讓車自駕通勤，閒置時可掛上 Lyft 網路載客。原本消費者買得到的自駕只到輔助駕駛等級，無人駕駛只存在於車隊營運的叫車服務裡。車體量產交由越南 VinFast 代工。
us_655	TensorOpera AI	https://tensoropera.ai	分佈式 AI 平台（原 FedML）	想訓練開源模型的小團隊得自己買多卡機器、寫切分腳本、顧著別中斷	客戶是想訓練或上線開源模型、但不想自己養 GPU 叢集的開發團隊。平台租出算力並包掉分散式訓練、部署與推理排程；另一條線是 Fox 小模型，讓手機與 PC 上跑得動本地推論。原本這些團隊得自行採購多卡機器、寫切分腳本。
us_656	Terrafuse AI	（無官網）	氣候風險 AI	核保與放款要判斷一棟房子會不會淹或燒，只能查郡層級的歷史損失表	買的人是產險核保與房貸放款的風險部門。輸入一個地址，拿到這棟建物未來野火、洪水與強風的機率分數，用來決定承不承保、保費怎麼訂。原本只能用郡或郵遞區號層級的歷史損失表定價。公司已被保險商 FutureProof 併購。
us_657	Terray Therapeutics	https://www.terraytx.ai	AI 小分子藥物發現	化學家一輪只做得出幾十個類似物，還要等數週才知道方向走對沒	合作對象是大型藥廠的化學團隊，公司也跑自己的免疫與發炎管線。針對一個標靶，平台每天實測數十億次分子與蛋白的結合，這批自產資料再訓練生成模型畫出下一輪候選分子。原本化學家一輪只合成幾十個類似物，等數週才知道方向對不對。
us_658	Tesla	https://www.tesla.com	電動車、自動駕駛與人形機器人	本業是把車賣給個人，自駕功能按月收費，無人叫車已在單一城市載客，機器人先放自家工廠	掏錢的是買車的人。FSD 月付或買斷後，車能在市區自己轉彎、變道、停紅綠燈，人仍得隨時接手；Robotaxi 已在奧斯汀載客，Optimus 人形機器人先放在自家工廠搬料。原本車主買得到的只有高速公路上的車道維持與跟車。
us_659	Tetramem Inc	https://tetramem.com	存內計算芯片	耳機、攝影機要長時間開著辨識，電力一大半耗在把權重搬進搬出記憶體	賣給做電池供電裝置的晶片廠。把乘加運算直接放進 RRAM 記憶單元用類比電流算完，省掉權重在記憶體與運算單元之間反覆搬運的耗電，適合耳機、攝影機這類常駐推論。原本邊緣推論靠 DSP 或 NPU，功耗一大半花在搬資料上。
us_66	Aurora	https://aurora.tech	自動駕駛卡車	幹線長途受司機工時規定卡住，得兩人輪班或中途過夜，車子大半時間停著	收費對象是貨運車隊與託運人，按里程計價。跑的是達拉斯到休士頓這類幹線：卡車在兩端轉運站之間自己走 I-45，人只負責市區段與裝卸。原本這段路一名司機受工時規定限制，長途得兩人輪班或中途過夜，車輛有大半時間停著。
us_660	Textio	https://textio.com	招聘寫作 AI	職缺寫法會勸退哪些人，人資只能憑經驗與手冊人工審稿，改了也沒得驗證	用的人是企業的招募與人資。打職缺時即時標出哪些用語會讓女性或資深應徵者不投、建議換掉，後來也拿來檢查績效回饋與面試評語有沒有模糊或帶偏見的措辭。原本只能靠人資憑經驗與內部用語手冊人工審稿，改了有沒有用無從驗證。
us_662	Think Surgical	https://thinksurgical.com	骨科手術機器人	換關節時靠定位導板與目視對線手工截骨，角度準不準全看醫師手感	買的是骨科醫院與不想被單一大廠綁死的關節外科醫師。術前用 CT 建出病人骨頭模型規劃植入角度，術中醫師手持機器人磨骨，刀具被限制在規劃範圍內推不出去。原本靠機械式定位導板與目視對線手工截骨，角度準不準看醫師經驗。
us_663	Thinking Machines Lab	https://thinkingmachines.ai	前 OpenAI CTO Mira Murati 創辦	微調開源模型的人得自己租機器裝框架，還要盯顯存爆掉與訓練半途當掉	使用者是想把開源模型調到自家任務上的研究者與小型團隊。他們只寫資料與訓練迴圈，叢集排班、分散式切分、存檔與失敗重跑都由服務處理，調完的權重可下載自用。原本得自己租多卡機器、裝框架、處理顯存爆掉與中途當掉的訓練。
us_664	Third Wave Automation	https://thirdwave.ai	自主叉車	倉庫三個班次都要有證照的堆高機司機，流動率高又常招不滿人	租給倉儲與三方物流的營運部門。堆高機自己把棧板從卸貨口拖到儲區、疊上高位貨架；遇到棧板歪了或走道被擋這類判斷不了的情況，遠端人員接手幾分鐘再交還機器。原本這些班次要請有證照的堆高機司機三班輪，流動率高又常招不滿。
us_665	ThorDrive	https://www.thordrive.ai	自動駕駛物流	機場每台行李拖車都要配一名司機來回空跑，班機集中起降時排不出人	合作對象是機場地勤業者，車輛在管制區內固定路線上跑。行李拖車自己從分揀廳開到機邊等艙門，沿途避開加油車與拖機；同一套系統也用在廠區與配送中心。原本每台拖車都要配一名地勤司機來回空跑，班機集中起降時人排不出來。
us_666	TikTok	https://www.tiktok.com	短視頻平台	動態按好友與追蹤名單排序，沒累積粉絲的新帳號拍得再好也沒人看到	出錢的是品牌廣告主與直播賣家。推薦不看你追蹤誰，而看每支片你停留多久、有沒有重看，所以零粉絲的新帳號也可能被推到幾百萬人面前。原本社群動態按好友與追蹤名單排序，沒粉絲就沒曝光。美國業務現由甲骨文等組成的合資公司營運。
us_667	Together AI	https://www.together.ai	開源模型雲	要嘛只能用封閉模型的現成介面，要嘛自己買機器處理排程與推理加速	用的人是要把 Llama 這類開源模型放進產品的開發團隊。可按 token 呼叫 API，也可整組租 GPU 叢集做微調或預訓練，叢集維運由平台包掉。原本只能受限於封閉模型的 API，或自己採購機器、處理排程與加速。
us_668	Tomorrow.io	https://www.tomorrow.io	天氣情報	營運端只看得到官方的區域預報，這班機要不要除冰得自己換算判斷	客戶是航空公司營運中心、物流與能源業者。賣的不是預報本身，而是綁到營運動作上的告警：這班機要不要提前除冰、工人該不該停止高空作業。並自行發射雷達與微波衛星補觀測空白。原本只能看官方區域預報，影響得自己判斷。
us_669	Topaz Labs	https://www.topazlabs.com	圖像視頻增強	雜訊照片要逐張調降噪參數，舊片放大只會越放越糊，補幀得送專業後製	買的人是攝影師、影片後製與整理舊帶的人。把高 ISO 的雜訊照片救回可用、把 DVD 畫質的舊片放大到 4K，或補幀做慢動作。原本得在修圖軟體裡逐張調銳化與降噪參數，放大只會越放越糊，補幀要送專業後製。
us_67	Auterion	https://auterion.com	無人機操作系統	每家廠商各改一套飛控，酬載與操作台互不相容，買了誰就被誰綁住	賣給無人機製造商與軍方、政府採購單位。廠商裝上運算模組就不必自己維護飛控與地面站，不同廠牌的機體與酬載用同一套介面與協定；軍方因此能用一個操作台指揮多家廠商的機隊。原本每家各自改 PX4，酬載互不相容，選了某廠就被綁住。
us_670	Torc Robotics	https://torc.ai	戴姆勒旗下自動駕駛卡車	幹線高速公路段一天跑不完，車隊得讓司機中途過夜或兩人輪班	對象是跑長途幹線的貨運車隊。系統整合進量產的 Freightliner 車型，只做樞紐到樞紐的高速公路段，市區進出與裝卸仍由人負責。原本這種路線受司機工時規定限制，一天跑不完得中途過夜或兩人輪班。
us_671	Tortuga AgTech	（無官網）	採摘機器人	草莓要人蹲在架下逐顆看顏色手摘，旺季招不到工就看著果子過熟	服務對象是溫室草莓與葡萄的種植者，按採收量計費而不賣機器。機器人沿栽培架走，判斷果實熟度後剪下放盤。原本得靠採收工蹲在架下逐顆看顏色手摘，旺季缺工就只能看著果子過熟。技術與團隊已賣給 Oishii，不再獨立營運。
us_672	Tracer	https://www.tracer.ai	品牌保護 AI	仿冒賣家與盜圖廣告，得派人定期上網搜關鍵字，逐件截圖寫信要求下架	客戶是消費品、精品與汽車零件品牌的法務與品牌保護部門。持續掃電商賣場、社群廣告與新註冊網域，找出盜用商標的賣家、盜圖廣告與搶註網址，人工確認後批次發下架與申訴。原本品牌得自己派人或委託律所定期上網搜關鍵字，逐件截圖寫信。
us_673	Tractian	https://tractian.com	工業設備預測性維護	技師拿測振筆逐台巡檢加上定期保養，漏掉的就等機台壞了停線搶修	客戶是製造廠與大型設施的維護部門。感測器貼在馬達、泵浦與風機上量振動與溫度，軸承開始磨損時提前幾週自動開工單、指派技師與備料。原本靠排定的定期保養加技師拿測振筆逐台巡檢，漏掉的就等機台壞了停線搶修。
us_674	Trail of Bits	https://www.trailofbits.com	安全研究	上線前只靠內部互審與自動掃描工具，設計層級的錯誤照樣被漏掉	客戶是加密協議團隊、雲服務商與美國政府機構，按專案收費。上線前把程式碼交出來，工程師逐段找記憶體錯誤、密碼學誤用與合約邏輯漏洞，再交一份通常會公開的報告。原本團隊只能靠內部互審與自動掃描工具，設計層級的錯誤照樣漏掉。
us_675	Traversaal.ai	https://traversaal.ai	企業搜索 AI	員工要查補助辦法或合約條款，只能在共用硬碟用關鍵字一層層翻檔案夾	客戶是想讓員工用問句查內部資料的企業。接上文件庫後，人資問補助辦法、業務問合約條款，回答都附上來源段落；另外賣即時網路搜尋 API 給開發者，以及一支會自己跑分析的資料代理。原本只能在共用硬碟與內網用關鍵字翻檔案夾。
us_676	Trepp Inc	https://www.trepp.com	商業地產數據	要看一檔債券背後那棟樓的租戶與還款，分析師得從月報一筆筆抄進試算表	訂戶是 CMBS 交易員、商業不動產放款機構與監理、評等單位。要判斷一檔債券該不該買、一筆貸款該不該續，可以查到背後那棟樓的租戶、出租率、還款紀錄與同類資產違約率。原本分析師得從券商月報與受託報告一筆筆抄進試算表。
us_678	TRM Labs	https://www.trmlabs.com	區塊鏈情報	追贓款得自己開瀏覽器一筆筆點交易，錢換過一條鏈線索就跟丟	訂戶是檢警調查人員、制裁主管機關，以及交易所和銀行的法遵部門。貼上一個錢包地址，就能看資金經過幾層混幣後流進哪家交易所的帳戶，用來追勒索軟體贖金並比對制裁名單。原本調查員只能自己開區塊鏈瀏覽器逐筆點，換條鏈線索就斷。
us_679	Trunk Tools	https://trunktools.com	建築項目 AI	工地想確認圖說改過沒，得翻紙本或打電話回辦公室，照錯版本做了得敲掉	用的人是總包商派在工地的工程師與工頭。現場問這面牆的鋼筋間距最後改成幾公分，代理從幾千頁圖說、變更單與往來問答裡翻出現行版本並指出出處。原本要嘛翻工務所的紙本圖，要嘛打電話回辦公室等人回覆，常照著作廢版本施工再敲掉重做。
us_68	AuthenticID	https://www.authenticid.com	證件認證	開戶驗身分只能靠人員肉眼看上傳的證件照，分不出竄改與深偽影片	按次計費賣給銀行、電信與市集平台，用在開戶與客服驗證。使用者拍身分證再自拍，系統鑑識證件有無竄改、自拍是活人還是深偽影片，再比對兩者是否同一人。原本靠人員肉眼看上傳的證件圖。公司已納入身分驗證商 Incode 旗下。
us_680	TruU Inc	https://www.truu.ai	身份認證	員工登入靠密碼加簡訊碼，密碼互相共用，重設工單又佔滿服務台	客群是大型企業的 IT 與資安部門，涵蓋員工帳號與機器帳號。員工用手機臉部或指紋解鎖就登入電腦與內部系統，登入後還靠走動與操作習慣持續判斷帳號有沒有被接管。原本是密碼加簡訊驗證碼，密碼共用、重設工單佔滿服務台。
us_681	Truveta	https://www.truveta.com	醫療數據與模型	要看藥在真實病人身上的效果，得跟各家醫院一一談授權，或將就理賠資料	買方是藥廠、醫材商與監理機構的研究人員，資料來自數十家醫院集團。要看某種藥在真實病人身上的療效或副作用，可在去識別化的病歷與影像資料裡篩出符合條件的族群分析。原本得跟各家醫院一一談授權，或只能用沒有檢驗值的理賠資料。
us_682	TuSimple	（無官網）	自動駕駛卡車（已轉型）	美國的自駕卡車業務已收攤下市，公司改名後轉做遊戲與動畫的生成內容	曾在亞利桑那到德州的幹線上跑無人卡車，載零售商與貨運業者的貨。因中美監管審查與長期虧損，美國自駕業務已關閉、股票下市，公司改名 CreateAI 並轉做遊戲與動畫的生成內容。要找能用的自駕卡車供應商，這家已經不在選項裡。
us_683	Tutor Intelligence	https://www.tutorintelligence.com	倉儲機器人	產線末端把箱子堆上棧板的活得請臨時工一箱箱搬，旺季常招不到人	主要客戶是製造廠與三方物流，不賣機器，以每小時約十四美元或按件出租。機械手在產線末端把箱子堆上棧板、從混棧揀貨，碰到沒見過的箱型就停下來讓遠端人員點一下標註抓取點。原本這個位置得請臨時工一箱箱搬，旺季常招不到人。
us_684	TwelveLabs	https://www.twelvelabs.io	視頻理解模型	幾萬小時的帶子靠人看片打標籤，沒標到的畫面等於永遠找不回來	客戶多是媒體、體育聯盟與廣告公司的內容庫管理者，按處理量計費。在幾萬小時的比賽帶或節目帶裡，用一句話找出球員在雨中慶祝的那幾秒，或讓模型直接寫出該段摘要。原本得靠人工看片打標籤填欄位，沒標到的畫面等於永遠找不到。
us_685	UiPath	https://www.uipath.com	RPA 與智能體	後台人員整天在好幾套系統之間複製貼上，一筆一筆把單據資料搬過去	客戶是銀行、保險、電信的後台部門。典型用途是把人工在多個系統間搬資料的流程錄成腳本：從信箱附件抓發票、登入 ERP 建立付款單、回信確認。一個流程開發數天，之後由中央平台排程執行、監控與重試。
us_686	Ultralytics	https://www.ultralytics.com	YOLO 目標檢測	想在產線或路口做即時辨識的工程師，原本得照論文從頭重寫訓練與後處理	用的人是要在產線做瑕疵檢測、在路口數車流、在田裡數果實的工程師。拿自己標的幾百張圖微調，就能得到可在邊緣裝置上即時跑的偵測模型，不必從論文重寫訓練與後處理。開源版採 AGPL，商用不願連自家程式一起開源就得買企業授權。
us_688	Umbo Computer Vision	https://umbocv.ai	視頻安防 AI	保全整夜盯著滿牆螢幕，改用移動偵測又被風吹草動的誤報淹沒	訂戶是保全業者與自有廠辦的企業。接上既有的監視攝影機，模型判斷畫面裡是人翻牆、徘徊，還是樹影與貓晃過，只把疑似事件推給監控中心覆核。原本保全得整夜盯滿牆螢幕，改用移動偵測又會被風吹草動的誤報淹沒。
us_689	Unbabel	https://www.unbabel.com	AI 翻譯	客服跨語言回信，要嘛每種語言各請一組人，要嘛送翻譯社等上幾小時	客戶是跨語言接單的客服中心，直接串進 Zendesk、Salesforce。客服用英文回信，系統翻成德文或日文寄出，品質評估模型只挑沒把握的句子送人工譯者改。原本要嘛每種語言各請一組客服，要嘛整批送翻譯社等上幾小時。
us_69	Autodesk	https://www.autodesk.com	設計與工程軟件	建築、營造、製造與影視後期都用它建模型、出圖，再接到施工、刀路或算繪	用戶是建築、營造、製造廠與影視後期。建築師用 Revit 建模型，讓結構與機電先對出管線撞樑；機械工程師在 Fusion 畫零件並輸出 CNC 刀路；動畫師用 Maya 做特效。原本各專業各畫一套圖，衝突要到工地才發現。
us_690	Uniphore	https://www.uniphore.com	對話 AI	品管只抽聽得了百分之一的錄音，通話紀錄靠專員掛斷後憑印象手打	客戶是大型企業的客服中心與銷售團隊。通話當下即時轉錄，在專員畫面上提示下一句該講什麼、該念哪段合規聲明，掛斷後自動摘要寫回 CRM 並標記客戶情緒。原本品管只能抽聽百分之一的錄音評分，通話紀錄靠專員事後憑印象手打。
us_692	Unity	https://unity.com	遊戲引擎	工作室在同一套編輯器裡做完遊戲，一次發到手機與主機；另一半收入來自幫它們買量賣廣告	用的人是遊戲工作室，尤其手遊團隊。在同一個編輯器裡拉場景、寫 C# 邏輯，一次發佈到 iOS、Android 與主機；另一半生意是幫這些遊戲買量與賣廣告變現。原本跨平台得各維護一套引擎與渲染程式碼，移植一次要數月。
us_693	Unlearn.AI	https://unlearn.ai	臨床試驗數字孿生	試驗得招到足夠病人去吃安慰劑，罕見病招不滿人就整個拖著跑不動	客戶是藥廠與生技公司的臨床開發團隊。用歷史試驗資料替每位受試者生成一組吃安慰劑病程會怎麼走的預測，據此縮小對照組人數。原本得招足夠多的病人隨機分到安慰劑組，罕病族群招不滿就拖住整個試驗。方法已獲歐洲藥品管理局合格意見。
us_694	Upstream Tech	https://upstream.tech	水資源遙感	拿衛星影像定期比對，替保育單位看地有沒有被開墾盜伐，替水電廠預測河川流量	客戶是保育組織、林務單位與水力發電業者。保育地與復育地原本要巡查員每年開車到現場看有沒有被開墾、盜伐或圍籬倒塌，Lens 改用衛星影像定期比對，只把有變化的地塊推給人看。另一支產品預測河川流量，供水電廠決定何時放水發電。
us_695	UST	（無官網）	IT 服務	派工程團隊常駐大型企業，做舊系統上雲、應用維運與資料平台的長期外包	接的是大型企業 IT 部門的長期外包，客戶集中在醫療保險、零售與金融。做的是把跑了幾十年的自有系統搬上雲、日常維運企業應用、建資料平台，並派工程團隊常駐客戶端跟著做需求。原本企業得自己招募並長期養住這批人。
us_696	UT Battelle LLC	https://www.ut-battelle.org	橡樹嶺國家實驗室運營方	靠政府的管理合約收費，不賣產品；代管的超級電腦機時開放申請，另有同位素與核能研究	本身沒有產品，受能源部委託營運橡樹嶺國家實驗室，收的是管理合約費用。產出掛在實驗室名下：Frontier 超級電腦的機時開放給大學與企業研究者申請，另有同位素生產、材料與核能研究。AI 相關工作也是以實驗室名義進行。
us_697	UtopiaCompression Corp	https://www.utopiacompression.com	國防感知與自主	小型無人機裝不下雷達，看不見迎面的有人機，沒有衛星訊號就不知身在何處	靠國防部與 NASA 的小型企業研究合約維生，交付對象是軍方計畫辦公室與系統整合商。題目集中在讓小型無人機不靠雷達、只用相機看見並避開有人機，在沒有 GPS 的環境自主導航，以及把偵察影像壓到窄頻寬鏈路傳得回來。
us_699	Vecna Robotics	https://www.vecnarobotics.com	倉儲自主叉車	廠內把棧板從產線送到出貨區的班次靠司機輪班，夜班與旺季特別難排	客戶是倉儲與製造現場的物流部門，聯邦快遞、卡特彼勒都在其中，可買斷也可訂閱租用。自主堆高機與拖車在廠內把棧板從產線末端送到出貨區，卡住時遠端指揮中心的人接手處理再交還機器。原本這些搬運班次靠司機輪班，夜班與旺季尤其難排。
us_70	Automation Anywhere	https://www.automationanywhere.com	RPA 與企業智能體	理賠與對帳這種跨系統的例行操作，過去整批外包給人照著手冊逐筆做	客戶是銀行、保險與醫療的共享服務中心。把理賠或對帳這類跨系統的例行操作錄成機器人：從信箱附件抓單據、登入核心系統建檔。平台在雲端，由 IT 集中管機器人的帳號權限與執行紀錄。原本這些活外包給 BPO 照 SOP 逐筆做。
us_700	Vectara	https://www.vectara.com	檢索增強平台	做內部問答的團隊得自己挑嵌入模型、架向量庫，還要收拾模型亂編的答案	客戶是要做內部問答或客服機器人、但不想自己拼一套檢索流程的企業開發團隊。上傳文件後切分、向量檢索、生成與標註引用都由服務包辦，答不出來時寧可說沒有依據也不編。原本得自己選嵌入模型、架向量資料庫，還得處理多語與幻覺。
us_701	Veo Robotics	（無官網）	人機協作安全	大型機械手得用圍籬隔開，人進去換個料就要整台停機上鎖	賣給汽車與組裝廠的產線工程師。大型機械手原本要用安全圍籬隔開，人進去換料得整台停機上鎖；3D 感測即時算出人與機械手的距離，人接近就減速、太近才停，讓人和機器共用同一個工位。公司已被倉儲自動化商 Symbotic 收購。
us_702	Veradigm	https://veradigm.com	原 Allscripts，醫療信息	門診診所用的看診、開藥與保險申請系統，累積的去識別化病歷再賣給藥廠做研究	使用者是門診診所的醫師與櫃台人員，開處方、記錄看診、送保險申請單，原本靠紙本病歷夾和人工核對代碼。另一條收入是把去識別化的就診與用藥紀錄賣給藥廠，讓他們不必逐家醫院談授權就能回看某款藥的真實使用情形。
us_703	Verdant Robotics	https://www.verdantrobotics.com	農業精準噴灑機器人	疏苗除草要嘛雇工隊彎腰沿畦一行行拔，要嘛整片噴藥，人難找藥又多	使用者是蔬菜與特用作物農場的田間管理者。疏苗除草原本靠外雇工隊彎腰沿畦一行行拔，或整片噴藥，人難找、藥量也大。機具掛在曳引機後方邊走邊辨識每一株，只對雜草點射毫升級藥液。多以代噴服務按面積計費。
us_704	Verseon	https://www.verseon.com	AI 藥物發現	能結合標的的分子只能從現成化合物庫裡大量篩選碰運氣，庫裡沒有就找不到	它自己做藥，不賣軟體給藥廠。傳統作法是拿數十萬個現成化合物做高通量篩選，碰運氣找出能結合標的的分子；它改成先在電腦裡用分子物理模擬算出蛋白口袋的結合條件，生成庫裡沒有的新結構，再交實驗室合成測試。
us_707	VIAVI Solutions	https://www.viavisolutions.com	網絡測試	電信維運與設備實驗室用的量測儀器：判斷光纖斷在幾公里處，或模擬負載驗證新基地台	客戶是電信商的維運人員與設備商實驗室。光纖斷線時，工程師拿它的手持儀表接上線路，從反射波形判斷斷點在幾公里處，不必沿線開挖；實驗室端則用它的儀器模擬網路負載，驗證新基地台能否達標。另有光學濾光片用於手機感測與鈔票防偽。
us_709	Vigilant Solutions	（無官網）	車牌識別	要查一輛車近年出現過哪裡，刑警得一家家調監視器或派人去蹲點	使用者是地方警局刑警與收車業者。相機裝在巡邏車和拖吊車頂邊開邊拍，把每張車牌的時間地點存進全美最大的影像庫；辦案時輸入一個車牌就能查出它近年出現過的地點，原本得調監視器或派人蹲點。現已併入 Motorola 產品線。
us_71	Autonomous Solutions	https://asirobots.com	農礦自主車輛	礦車司機整班坐在粉塵裡跑同一條路線，耐久測試得有人繞圈開數百小時	客戶是露天礦場、農場與試車場。它不造整車，而是把線控套件裝上客戶既有的礦車、曳引機或測試車，再用中控軟體排班。礦區原本要司機整班坐在粉塵裡跑同一條運料路線，耐久測試要試車手繞圈開數百小時，現在改由控制室一人盯多台。
us_711	Virtual Traffic Lights	（無官網）	車聯網信號	手上是一批車間協商通行順序的專利，靠向車廠與設備商收授權金，而非賣產品	手上主要是一批 V2V 與 V2X 專利，收入來自向車廠與設備商收授權金，而非賣產品。專利內容是讓接近路口的車輛彼此協商通行順序，把號誌顯示在車內儀表上，適用於裝不起實體紅綠燈的郊區路口。另有賣給交通機關的號誌管理軟體。
us_712	Virtue AI	https://www.virtueai.com	AI 安全	大模型上線前會不會被誘導洩漏資料，只能自己湊提示詞人工試，靠運氣	買的人是金融、醫療與科技公司裡把大模型推上線的團隊。他們原本得自己湊一批提示詞人工試，看客服機器人會不會被誘導洩漏他人資料或給出違規建議，覆蓋率靠運氣。它把這類攻擊測試做成上線前的例行掃描，並在回覆送出前加一層攔截。
us_713	Visa Int Service Association	https://www.visa.com	支付網絡	按每筆交易抽成的清算中樞，本身不發卡不放款，授權訊息裡附上風險分數供銀行判斷	它不發卡也不放款，發卡行與收單行之間的清算走它這張網路，按交易筆數收費。刷卡那兩秒內銀行要決定放行或擋下，原本只能靠持卡人事後看帳單申訴再追討；現在授權訊息裡就附上風險分數，銀行依自身門檻判斷。同一套風控也賣給銀行。
us_715	Voicegain	https://www.voicegain.ai	語音識別	錄音不能送出機房的客服中心，品管一天只抽聽得了兩三通電話	客戶是醫療、金融與催收這類不能把錄音送出機房的客服中心。品管主管原本一天只抽聽兩三通，判斷客服有沒有照規定唸完免責聲明。它的引擎可裝在客戶自有機房，把每通電話轉成逐字稿供全量稽核，也能接成自動接聽的語音機器人。
us_717	Volkswagen Group of America Innovation and Engineering Center California (IECC)	https://vwiecc.com	大眾美國創新中心	車廠設在矽谷的內部研發單位，把軟體與感測技術做成能上量產車的東西交回德國	不對外接案，產出交給福斯、奧迪、保時捷的量產車型，德國的開發團隊是它的內部客戶。做的是把矽谷的軟體與感測技術轉成能上車的東西：車載語音助理、依歷史路線預測下一步的導航，以及電池與充電軟體，早年也參與過自駕研究。
us_718	Walmart	https://www.walmart.com	零售巨頭	以門市與電商賣東西為本業，模型多用在自家的補貨與配送，另把廣告版位對外出租	AI 多用在自己的營運而非對外販售。採購與門市人員原本靠經驗和歷史銷量表決定下週叫多少貨，現在由模型按門市、按品項算量，出車路線也交給排程模型。顧客端則把搜尋換成對話式助手。廣告版位與零售技術對外出租，毛利高於本業。
us_719	Walt Disney Co	https://thewaltdisneycompany.com	娛樂傳媒	拍片、串流與樂園的集團，研究院的成果只給自家用：影像合成、算繪加速與角色機器人	研究院的成果用在自家片廠與樂園，不對外賣。做的是演員換臉的影像合成、讓毛髮布料算得更快的算繪方法，以及樂園裡能自己走路、跌倒能爬起的角色機器人。集團對生成式 AI 兩面：內部導入製作流程，對未授權用其角色者提告。
us_72	Ava Robotics	https://www.avarobotics.com	遠程臨場機器人	無塵室裡看一眼設備就得讓專家飛一趟，或請現場人員舉著平板邊走邊轉	客戶是無塵室、藥廠這類外人不便進入的場域。外地的設備專家原本看一眼產線就得出差，或請現場人員舉著平板邊走邊轉，畫面晃又講不清位置。這台機器人認得樓層地圖，遠端的人在瀏覽器點目的地它就自行搭電梯過去，人只要看畫面和對話。
us_720	Waypoint Robotics	（無官網）	移動機器人	小廠把幾十公斤料箱在機台間送來送去靠人推車，也請不起整合商改廠房	客戶是中小型製造廠的產線領班。廠內原本靠作業員推車或開堆高機，把幾十公斤的料箱在機台之間來回送。賣點是不必改造廠房也不必找整合商：現場人員推著它走一次就記下路線，全向輪能在狹窄走道橫移。已被 Locus 收購。
us_721	webAI	https://www.webai.com	端側分佈式 AI	資料不准出機房的公司，要嘛硬送雲端服務，要嘛自己買一櫃顯卡請人顧	賣給法規不允許把資料送進公有雲的公司，例如醫療與金融。這些團隊原本只有兩條路：把資料丟給雲端 API，或自己買一櫃 GPU 再請人維運。它把推論切給客戶既有的多台終端協同完成，另附拖拉式介面讓非工程人員自己訓模型。
us_722	Welldoc	https://www.welldoc.com	慢病數字療法	糖尿病人一季才回診一次，中間血糖怎麼起伏、藥吃得對不對沒人看	付錢的不是病人，而是雇主、保險與藥廠，他們要壓低糖尿病支出。第二型糖尿病人原本一季才回診一次，中間血糖、飲食與用藥沒人看；這套需由醫師開立，串接連續血糖監測後，數據當下就轉成衛教提示與劑量建議，趨勢再整理給照護團隊。
us_723	Westinghouse Electric Co	https://westinghousenuclear.com	核電	電廠每十八個月停機換料，蒸汽產生器與管路的檢修自己做不來	客戶是經營核電廠的電力公司。穩定收入不在蓋新電廠，而是每十八個月一次的換料大修：供應燃料組件、派人進廠檢修蒸汽產生器與管路，並承接把運轉執照從四十年延到六十、八十年所需的老化評估與設備更換。近年也投入小型模組化反應爐。
us_724	Willow Garage	（無官網）	機器人研究機構（已關閉），ROS 發源地	每個實驗室都得為自己那台機器人從頭寫驅動與導航，換台機器又重來	不賣東西也不求獲利，產出給全球機器人實驗室用。每個實驗室都要為自己那台機器人從頭寫驅動與導航，換台機器就重來。它把這些拆成模組開源成 ROS，又送出數十台雙臂 PR2 給大學免費使用。營運結束後 ROS 交由基金會維護。
us_725	WindBorne Systems	https://windbornesystems.com	氣象氣球與天氣 AI	海上與偏遠地區沒有觀測站，高空實測一天兩次，預報只能靠衛星推估	預報賣給能源交易員、航運調度與政府單位。高空觀測長年靠各地氣象站每天施放兩次的探空氣球，海上與偏遠地區幾乎沒有站點，模型只能靠衛星間接推估。它的氣球能連飛四十天以上，持續回傳這些空白區的實測值，也供應給 NOAA。
us_726	Wolfram	https://www.wolfram.com	計算知識引擎	理工科在它的系統裡做符號運算與繪圖；另一項產品接上事實資料庫，輸入一句話就算出答案	Mathematica 的使用者是理工科研究生與工程師，做符號運算、解微分方程與繪圖，原本得自己寫程式或翻積分表。Wolfram|Alpha 接上事實資料庫，輸入一句自然語言就算出答案，近年被聊天機器人接成外掛。
us_727	Workato	https://www.workato.com	集成自動化	新人報到得逐一登入人事、目錄與通訊系統開帳號，離職再倒著關一遍	客戶是大企業的 IT 與人資人員。典型場景是新人報到：原本要 IT 分別登入人事系統、目錄服務、Slack 與 CRM 一個個開帳號，離職再倒著做一遍。它提供上千個現成連接器與範本，讓非工程人員自己把這些步驟串成流程。
us_728	WRITER	https://writer.com	企業生成式 AI 平台	幾十人寫出的文案要用詞一致，只能靠一份品牌指南加人工逐篇校稿	買的人是大企業行銷、法遵與客服主管。行銷團隊原本靠一份 PDF 品牌指南加人工校稿，確保幾十人寫出的文案用詞一致；法遵則要逐份讀對外文件挑出不合規的說法。它不轉售他人模型，把內部文件與術語接進生成流程，產出可追溯來源。
us_729	Wyze	https://www.wyze.com	智能攝像頭	想看家裡門口得找師傅牽線，主機加鏡頭一套上千美元，一般家庭裝不起	賣給一般家庭。過去裝家用監視得找師傅牽線，主機加鏡頭上千美元；它把攝影機壓到二十美元級，插電連 Wi-Fi 就能看門口與小孩寵物。硬體幾乎不賺錢，靠雲端錄影訂閱與門鈴門鎖等周邊補回。曾發生使用者看到他人攝影機畫面的事故。
us_73	Avaamo	https://avaamo.ai	企業對話 AI	員工問假期餘額或要改密碼，得排隊等接線生一個個登入系統代查	客戶是大型企業的客服中心與人資服務中心。員工原本打電話問假期餘額或改密碼，得等接線生逐一登入系統查；現在由語音機器人接起後直接查回答，答不了才轉真人，並在通話中把相關條文推上客服螢幕。事後再做全量通話分析，而非抽聽幾通。
us_730	xAI	https://x.ai	馬斯克創辦的大模型公司	問模型剛發生的事，它的知識停在訓練截止那天，講不出當下的討論	模型走兩條路：一般人在 X 的介面裡直接問 Grok，開發者與企業則買 API 接進產品。與其他大模型的差別在拿得到 X 上的即時貼文，回答新聞事件時能引用當下的討論，而不是停在訓練截止日。公司已與 X 合併。
us_731	Xaira Therapeutics	https://www.xaira.com	AI 藥物研發	要一支結合特定位點的抗體，只能靠動物免疫或現成庫裡撈，撈不到就沒有	本身要做成藥，不是賣模型給藥廠。抗體原本靠動物免疫或噬菌體庫篩選，等於從現成庫裡碰運氣撈；它改用生成模型直接畫出結合位點吻合的蛋白結構，再進實驗室驗證。為此自建濕實驗產線，專生產餵模型的數據。管線尚無藥物進入後期臨床。
us_733	You.com	https://you.com	AI 搜索	想讓機器人答得出今天的新聞，得自建爬蟲與全網索引，沒幾家養得起	消費端問答搜尋難靠廣告養活，付錢主力是其他 AI 公司：它們要讓自家機器人回答時附上當下的網頁資訊，又不想自建爬蟲與索引，於是向它買搜尋 API 按查詢次數計費。另一條是企業版，讓員工在同一個框裡同時查內部文件與網頁。
us_735	Zapata AI	（無官網）	量子與工業 AI（已停業）	以顧問式專案替製造與能源客戶做最佳化與需求預測，已因財務問題停業重整	原本賣給工業客戶的是最佳化與生成式 AI 專案，例如替製造或能源公司調製程參數、做需求預測，多以顧問式合約逐案交付。股價跌破一美元觸發債權人加速還款後已停止營運，後以 Zapata Quantum 之名重整。
us_736	ZeroFox	https://www.zerofox.com	外部威脅情報	冒名帳號與仿冒官網得自己上社群搜，再一封封寄信要求下架，一拖數週	客戶是銀行與大型品牌的資安與品牌保護人員。團隊原本得自己在社群上搜公司名與高層姓名，手動辨認假帳號與仿冒官網，再一封封寄信給平台和網域註冊商要求下架，一個案子拖上數週。它持續掃社群、暗網與新註冊的相似網域，代為提交下架。
us_738	Zillow	https://www.zillow.com	房產平台	看房的人免費用的房源網站，錢來自賣曝光與名單給房仲，也讓屋主輸入地址就看到估價	看房的人免費，付錢的是房仲與房貸業者：他們買下特定郵遞區號的曝光位，讓自己的頭像出現在該區房源旁，按名單計費。屋主原本想知道自家值多少，只能請仲介走一趟或打聽鄰居成交價，Zestimate 讓他輸入地址就得到數字。
us_739	Zipline	https://www.zipline.com	無人機配送	偏遠診所碰上大出血，血袋得靠車在雨季爛路上開幾小時送，常來不及	最早的客戶是盧安達與迦納的衛生部。偏遠診所遇上大出血或稀有血型，原本得派車在雨季爛路上開幾小時，血袋常等不到；改成醫護用簡訊下單，無人機從中央倉庫起飛，在診所上空拋下附降落傘的保冷盒。後來延伸到美國的藥局與零售配送。
us_74	Avature	https://www.avature.net	招聘軟件	同時開著數百個職缺，招募人員靠試算表與信箱追蹤每個人走到哪一關	客戶是財星五百大企業的招募部門。大公司同時開數百個職缺，招募人員原本靠 Excel 和信箱追蹤每位應徵者走到哪一關，投過沒錄取的人就此失聯。它把人才庫經營、履歷追蹤、校園徵才到接班規劃接成同一套，並允許客戶自行改流程。
us_740	Zoom	https://www.zoom.com	視頻會議	主力仍是企業買的開會席次，近年把總機與客服中心賣進同一批客戶，摘要功能隨方案附贈	主力仍是企業買的會議席次，近年靠把公司總機、客服中心與活動平台賣進同一批客戶來拉高單客營收。AI 助理隨方案附贈不另計費，用意是抵禦微軟與 Google 的綁售：沒參加會議的人原本得看完整段錄影，現在直接讀摘要與待辦。
us_76	Avride	https://www.avride.ai	自動駕駛與配送機器人（原 Yandex 自動駕駛）	兩條線都賣給平台方而不自營：人行道上的六輪配送車，以及裝進量產車的自駕載客系統	兩條線都對接平台方，不自營叫車。六輪配送車在人行道上接 Uber Eats 訂單，餐廳把餐放進車廂，顧客掃碼開蓋，省下每單付給外送員的成本；乘用端把自駕系統裝進現代 Ioniq 5 在達拉斯載客。人員與資產已移出俄羅斯。
us_79	BAE Systems (US autonomy)	https://www.baesystems.com	BAE 美國自主系統	客戶幾乎只有美國軍方，相關工作散在各事業部：無人艇巡邏、野地補給車隊與飛彈目標辨識	客戶幾乎只有美國軍方，交付形式是政府研發合約而非貨架商品。自主系統的工作散在各事業部：把無人艇改成能自己巡邏並回避商船、讓補給車隊在無路野地跟車行駛，以及在飛彈尋標器上做目標辨識，讓彈頭末端自行分辨真目標與誘餌。
us_8	Adeia Guides Inc	https://adeia.com	原 TiVo/Xperi 專利與推薦	不賣產品，收入來自專利授權與訴訟：一批是節目表與推薦技術，一批是晶圓鍵合製程	不賣產品，收入全來自授權與訴訟。專利一批來自 TiVo 與 Rovi 的節目表與推薦技術，機上盒與串流業者要做節目表和推薦就會踩到；另一批是晶圓混合鍵合製程，堆疊記憶體與感測器會用上。被授權方含三星與 Roku。
us_80	Barrett Technology	https://barrett.com	機械臂與康復機器人	中風後的上肢訓練得由治療師扶著手重複數百次，人力撐不起這種次數	早期買家是大學實驗室：研究抓取的人原本沒有能感知外力的機械臂可買，WAM 以線纜傳動把摩擦降到可反向驅動。近年重心移到復健科，Burt 讓中風病人握把手做上肢訓練，依殘餘力量給輔助或阻力，取代治療師手扶重複數百次。
us_81	Bear Robotics	https://www.bearrobotics.ai	餐飲送餐機器人	外場招不到人，服務生整晚在廚房與餐桌間來回端盤，走路佔掉大半工時	客戶是連鎖餐廳、飯店與長照機構店長，難處是招不到外場人。服務生原本整晚在廚房與餐桌間來回端盤，走路佔掉大半工時；這台推車沿走道送餐到桌邊、回程載走髒碗盤，人只負責上桌與招呼。以月租按台計費而非賣斷，現已併入 LG。
us_83	Berkshire Grey	https://www.berkshiregrey.com	倉儲自動化機器人	揀貨員推車在貨架間一天走十幾公里，旺季臨時招上千人還是招不滿	客戶是電商與物流的配送中心，賣的是含機械臂與輸送的整條產線而非單機。倉庫原本由揀貨員推車在貨架間走上十幾公里，一件件把商品撿進箱子，旺季臨時招上千人還招不滿。它的系統以視覺辨識料箱裡混堆的商品，用吸盤逐件分到訂單格口。
us_84	Bevilacqua Research Corp	https://brc2.com	國防研究	政府專案要的測試評估與資安工程師，受編制限制自己招不進來	客戶是 NASA、陸軍工兵署與各軍種專案辦公室，賣的是人不是產品：派工程師進駐政府專案，做裝備測試評估、情監偵整合、生存性分析與資安。政府自行招這類人力受編制限制，故外包；它屬身心障礙退伍軍人企業，可循保留額度議約。
us_9	Adept	（無官網）	智能體與動作模型	沒有介面可串的舊內部系統，只能靠人一格格點選輸入把流程做完	做的是能操作軟體介面的模型：不只回答問題，而是讀懂畫面上的按鈕與欄位，代使用者在瀏覽器或試算表裡把一連串點選與輸入做完，對象是沒有 API 可接、只能靠人操作的內部系統。團隊與多數員工已被亞馬遜聘走，公司已停止獨立發展。
us_90	Blink Technologies Inc	https://blinkeye.com	眼動/虹膜	追視線得外掛紅外線發射器與專用相機，成本高又塞不進手機與車機	賣給手機廠、車機商與看板業者的是純軟體，不附硬體。眼動追蹤原本得在螢幕邊加裝紅外線發射器與專用相機，成本高且裝不進消費品；它只用一般前鏡頭的影像推算視線落點，因此能隨軟體更新裝進既有裝置，用於偵測駕駛分神與量測廣告注視。
us_91	Bloomberg	https://www.bloomberg.com	金融數據	交易員要在報價、歷史資料、模型與同業對話之間來回切好幾套系統	終端機以每席年費逾兩萬美元訂閱，使用者是交易員、分析師與基金經理，在同一個螢幕上看報價、拉歷史資料、跑模型並與同業對話，新聞部門實為引流。BloombergGPT 以自有金融語料訓練，是最早的領域專用大模型之一。
us_94	Boeing (autonomous systems)	https://www.boeing.com	波音自主系統	客機與國防各半的製造商，無人載具只賣軍方：僚機飛在戰機前方偵察，潛航器接手佈雷偵蒐	自主系統的買家是各國軍方而非商業客戶。MQ-28 讓便宜的無人機飛在有人戰機前方，先進防空火網偵察或掛彈攻擊，飛行員留在風險之外；水下的 Orca 接手原本要派潛艦長期滯留的佈雷與偵蒐。民航機與國防約各佔一半營收。
us_95	Bonsai Robotics	https://bonsairobotics.ai	果園自主車輛	果園裡整天開搖果機與吹葉機的司機難找，樹冠又擋掉衛星訊號，定位靠不住	客戶是杏仁、核桃果園的機具廠與農場主。果園作業原本要司機整天開搖果機或吹葉機在樹行間來回，夜間與粉塵中難找人；樹冠又遮蔽衛星訊號，GPS 在行間不可靠，因此它走純視覺路線，靠影像認出樹行走位。不自造整機，裝進既有機具。
us_96	Booz Allen Hamilton	https://www.boozallen.com	政府諮詢與國防 AI	聯邦機關資料散在各系統，受編制與薪資限制又招不到會整理的工程師	近九成營收來自美國聯邦政府，國防部與情報體系是最大客戶。交付的是派顧問與工程師進駐機關，替他們把散在各系統的資料整理上雲、建模型、再長期維運，而不是賣自有軟體。政府機關受編制與薪資限制招不到這類人力，因此以合約外包。
us_97	Boson AI	https://boson.ai	李沐等創辦，語音與角色大模型	語音對話要把辨識、生成、合成三段串起來，每段都加延遲，像在等機器	不做通用大模型，專攻語音：買家是要做語音客服或陪伴型角色的開發者。過去做語音對話產品得把辨識、語言模型、合成三段串起來，每段都加延遲，聽起來像在等機器反應；Higgs 直接做語音對語音，延遲約 0.7 秒並支援聲音複製。
us_98	Boston Dynamics	https://www.bostondynamics.com	足式與人形機器人，現代汽車旗下	三台機器各有分工：四足的替電廠巡檢抄表，搬箱的接手貨櫃卸貨，人形的仍是研發平台	Spot 的買家是電廠、油氣廠的巡檢人員：儀表與管線原本要人每天走固定路線抄表、用紅外線相機測溫，機器狗改成自己沿同路線拍照回傳。Stretch 針對貨櫃卸貨，接走工人在悶熱貨櫃裡一箱箱搬的活。Atlas 仍是研發平台。
us_99	Boston Scientific	https://www.bostonscientific.com	醫療器械	心臟與腸胃的治療過去多半得開胸開腹，病人躺著恢復好幾週	客戶是醫院的心臟科、腸胃科與泌尿科醫師，賣的是手術當下用掉的耗材：支架、導管、心律調節器與神經調控電極，靠併購把產品線鋪滿各科。這類治療過去多要開胸開腹，現在改由導管從血管或自然腔道進入。AI 屬既有器材的加值功能。
