cn_0	中國	01.AI	李開復創辦的大模型公司，做基礎模型與企業應用	Yi 系列模型；萬知	Yi 是開源大語言模型系列，萬知為文件速讀、寫作與會議紀要的 AI 工作站	零一萬物，早期做 Yi 系列通用模型，後轉向為企業做行業大模型解決方案和私有化部署。
cn_1	中國	4Paradigm (第四範式)	企業級 AI 決策平台，服務金融、零售、製造	先知 AI 平台；式說大模型	先知是企業 AI 模型開發與部署平台，式說用生成式 AI 產出企業軟體	賣企業 AI 決策平台，幫銀行、零售、製造企業做精準營銷、風控和供應鏈預測，按項目與訂閱收費。
cn_10	中國	Anhui Zhongke Xingchi Autonomous Driving	中科星馳，自動駕駛			
cn_100	中國	China Coal Res Inst Co Ltd	煤炭科學研究總院			前身是1957年成立的國家級煤炭科研機構，現隸屬中國煤炭科工集團，做採礦工藝、礦井安全與成套裝備的研發和設計，成果透過集團體系賣給國有煤炭企業，屬於科研事業單位轉制而來的企業，不以市場化產品銷售為主。
cn_101	中國	China Datang Corp Sci Technology Research	大唐集團科研院，發電央企	電力智能運維		中國大唐集團的內部研發機構，不對外經營，任務是替集團旗下電廠解決燃煤機組節能、新能源併網和環保改造的技術問題，經費主要來自集團撥款與內部項目委託，成果以標準、專利和技改方案的形式回流到發電資產上。
cn_103	中國	China Electronic Technology Group Corp	中國電子科技集團（中國電科），國防電子央企	雷達、電子系統	軍用雷達與電子對抗、通訊裝備，供偵察預警與指揮系統使用	2002年由原電子工業部下屬研究所重組成立的央企，下轄數十家研究所和多家上市公司，收入主要來自軍用電子裝備訂單以及政府、行業的信息化工程，另涉足集成電路、網絡安全與智慧城市，是國防電子領域體量最大的國有集團。
cn_105	中國	China Merchants Bank	招商銀行，零售銀行，自研金融 AI	招行 AI 客服與風控	行內客服機器人處理零售業務問答，風控模型用於信貸審批與反詐	1987年在深圳成立，是中國第一家由企業法人持股的股份制銀行，大股東為招商局集團。以零售銀行和財富管理見長，利潤來自淨利息收入加上代銷、託管等中間業務，A股與H股兩地上市，AI 投入集中在自用的風控與客服系統。
cn_106	中國	China Mobile	中國移動，電信運營商，自研九天大模型	九天大模型	千億參數多模態基座模型，用於電信客服、網路維運等內部場景	用戶數全球最大的電信運營商，收入以個人移動通信為主，近年增量主要靠政企業務，包括移動雲、專線和行業數字化項目。由國務院國資委控股，在香港和上海兩地上市，自研大模型主要服務內部網絡運維與集團客戶。
cn_107	中國	China National Petroleum Corp	中國石油集團，油氣央企	崑崙大模型	面向油氣全產業鏈的行業模型，用於地震資料解釋、煉化操作建議等場景	油氣一體化央企，業務從勘探開採一路延伸到煉化、長輸管道和加油站，利潤主力在上游開採，獲利隨國際油價波動。旗下中國石油股份在上海與香港上市，並在中亞、中東和非洲持有海外油氣區塊。
cn_108	中國	China North Vehicle Res Institute	中國北方車輛研究所，兵器集團			兵器工業集團下屬的專業研究所，對外代號201所，長期承擔履帶式裝甲車輛的總體設計以及傳動、懸掛等底盤系統研發，近年延伸到無人地面平台。成果主要透過軍方採購和集團內部配套實現，不面向一般市場銷售。
cn_109	中國	China Nuclear Power Technology Res Institute	中廣核研究院			中國廣核集團設在深圳的研發主體，負責華龍一號等自主核電機組的設計研發，以及核燃料、數字化儀控和核電軟件的技術攻關。成果主要服務集團自有的核電項目與出口機型，屬於內部研發中心而非獨立商業公司。
cn_11	中國	Ant Group	支付寶母公司，金融科技，自研百靈大模型	百靈（Ling）大模型；支付寶 AI 助手		螞蟻集團，支付寶母公司，收入來自數字支付、信貸科技、理財和保險科技；AI 用於風控和支付寶智能體。
cn_110	中國	China Petro Chem Corp	中國石化，煉化央企	長城大模型	公司內部大模型平台，本地部署 DeepSeek，供石化研發與生產管理問答	以煉油、化工和成品油銷售為主的央企，原油大量依賴進口，獲利結構與中石油相反、下游占比更高，油價下跌反而有利煉化毛利。擁有全國規模最大的加油站網絡，近年在站點上加掛充電、換電和氫能業務。
cn_111	中國	China Postal Savings Bank Co Ltd	郵儲銀行			依託中國郵政的網點體系經營，近四萬個營業網點大多分佈在縣域和農村，存款來源充足而貸款投放相對保守，淨息差在國有大行中偏低。收入以淨利息為主，A股與H股兩地上市，是六大國有銀行中成立最晚的一家。
cn_114	中國	China Railway Tunnel Group Co Ltd	中鐵隧道局			中國中鐵旗下專攻隧道與地下工程的施工企業，承接鐵路、公路隧道和城市地鐵的盾構與礦山法工程，收入來自工程承包，訂單多為政府和鐵路系統項目。自身也投入盾構裝備和隧道巡檢設備的研製，用於自家工地。
cn_116	中國	China South Ind Group Ordnance Equipment	兵器裝備集團，軍工央企			1999年由原兵器工業總公司分拆而來的軍工央企，民品規模遠大於軍品，長期以長安汽車、嘉陵摩托等整車和摩托車業務作為主要收入來源，另有光電產品與車用零部件。2025年長安汽車被劃出、獨立成為央企。
cn_117	中國	China State Constr Eng Corp	中國建築，建築業央企	建築智能化		營收規模居全球前列的建築承包商，收入以房屋建築施工為主，另有基礎設施投資和房地產開發（中海地產）。訂單多來自政府與國企，毛利率薄、靠規模和週轉賺錢，回款週期長，在上海證券交易所上市。
cn_118	中國	China Telecom Corp Ltd	中國電信，自研星辰大模型	星辰（TeleChat）大模型	TeleChat 系列開源大模型，含語音辨識與多方言處理能力	三大運營商中固網寬帶基礎最紮實的一家，近年重心放在天翼雲，已成為國內公有雲市場的主要供應商之一，另承接大量政企數字化與 IDC 項目。在香港和上海兩地上市，2021年從紐約證券交易所退市。
cn_119	中國	China Unicom	中國聯通，自研元景大模型	元景大模型	覆蓋十億到千億參數的開源模型系列，供政企客戶私有化部署	三大運營商中規模最小的一家，2017年引入騰訊、阿里、百度等戰略投資者進行混合所有制改革。為攤薄建網成本，與中國電信共建共享 5G 無線網絡，收入以移動和寬帶業務為主，政企與算力業務是近年增長來源。
cn_121	中國	CHN Energy Investment Group Co Ltd	國家能源集團，煤電央企	擎源電力大模型	千億參數發電行業模型，用於電力交易、設備檢修與安全環保決策	2017年由神華集團與國電集團合併而成，是全球最大的煤炭生產商和火電運營商之一。採「煤、電、運」一體化經營，自有鐵路和港口把自產煤直接送進自家電廠，收入主要來自煤炭銷售與發電，抗煤價波動能力強。
cn_122	中國	Chongqing Changan Automobile Co Ltd	長安汽車，整車與智駕	深藍、阿維塔；天樞智駕	深藍、阿維塔為旗下電動車品牌，天樞智駕是自研的輔助駕駛系統	總部在重慶的整車廠，溯源可到清末的洋務工廠。合資板塊有長安福特、長安馬自達，自主板塊主推深藍、啟源，以及與華為、寧德時代合資的阿維塔。2025年從兵器裝備集團劃出，成為國資委直管的獨立央企。
cn_123	中國	Chongqing Sailisi New Energy Vehicle	賽力斯，問界汽車製造商	問界系列	與華為合作的增程及純電休旅車系列，搭載華為智駕與車機系統	前身是重慶的小康股份，原本做微型車和摩托車零部件。2021年起與華為合作生產問界，由華為主導產品定義、智能座艙和銷售管道，賽力斯負責製造，2024年首次全年盈利，也因此高度依賴單一合作方。
cn_124	中國	CISDI Information Technology Co Ltd	中冶賽迪信息技術			中冶賽迪集團旗下的數字化子公司，總部在重慶，把母公司多年做鋼鐵冶金工程設計累積的工藝知識轉成軟件產品，替鋼廠建智能製造平台和工業互聯網系統。客戶以國內鋼鐵企業為主，收入來自項目制的系統集成。
cn_125	中國	CloudMinds (達闥科技)	雲端機器人與人形機器人	Cloud Ginger 人形機器人；海睿大模型		2015年由前中國移動研究院院長黃曉慶創辦，主張把機器人的「大腦」放在雲端、用專屬網絡連接本體，因此同時要做機器人整機、雲端平台和網絡。2020年被美國列入實體清單，科創板上市未成，近年陷入資金與欠薪困境。
cn_126	中國	CloudWalk Technology (雲從科技)	計算機視覺與人機協同	從容大模型；人臉識別	自研多模態模型，含語言、視覺與語音，供金融政務客戶建行業模型	為銀行、公安、機場提供人臉識別與人機協同系統，近年推出從容大模型做政企項目。
cn_127	中國	COMAC	中國商飛，民用客機制造	C919	150 座級窄體客機，已交付國內航空公司投入商業航線	2008年成立的央企，承擔國產民用客機的總體設計與總裝，發動機、航電等關鍵系統仍大量外購。C919 已交付國內主要航空公司投入商業運營，產能爬坡和供應鏈是主要瓶頸；另有 ARJ21 支線客機在運營。
cn_128	中國	CRCC Zhongtie Robot (中鐵機器人)	中國鐵建機器人業務			
cn_129	中國	CRRC Times Robot (中車時代機器人)	中車旗下，軌道交通巡檢機器人	巡檢機器人	在車輛段與軌道沿線自動巡走，檢查列車車底與線路設備狀態	
cn_13	中國	Aqrose Technology (阿丘科技)	工業 AI 視覺檢測	AIDI 平台	深度學習的工業瑕疵檢測軟體，不需寫程式即可標註影像、訓練模型	做工業缺陷檢測的深度學習軟件，客戶是 3C、汽車零部件和半導體封裝等製造商，收費方式是軟件授權加上交鑰匙專案，替產線取代人工目檢。在新加坡和柏林設有據點，對外稱已服務超過一千二百家製造企業。
cn_130	中國	CSSC Zhihai Innovation Res Inst Co Ltd	中國船舶集團智能創新研究院			
cn_131	中國	Cyborg Robotics (賽博機器人)	機器人初創			
cn_132	中國	Dataa Robotics (達達機器人)	疑為達闥科技相關實體，雲端機器人			
cn_133	中國	DataMesh (數邁科技)	數字孿生與混合現實	DataMesh Director		總部在北京，另在美國貝爾維尤和新加坡設點。把三維模型、實時設備數據和作業流程串成可執行的數字孿生，讓操作和維修步驟以混合現實方式呈現給現場人員，主要賣給製造業做設備維護與培訓，合作客戶包括富士康。
cn_134	中國	DeepBlue Technology	深蘭科技，AI 機器人與自動駕駛小車	熊貓智能公交；服務機器人	自動駕駛電動巴士，車上配環境感知與手脈辨識支付	上海的 AI 公司，產品線橫跨無人零售、服務機器人和自動駕駛巴士，收入多來自地方政府與產業園區的合作項目而非消費市場。曾在多地宣布大額投資協議，但實際落地規模有限，近年業務明顯收縮。
cn_135	中國	DeepGlint	格靈深瞳，計算機視覺	人臉識別；視頻分析	從監控影像做人臉比對與行為分析，用於安防、軌交場站	2013年成立，早期靠安防視頻分析和銀行網點的客流識別起家，投資方包括真格基金與紅杉。2022年在科創板上市，營收規模小且長期虧損，近年把場景轉向體育健康、軌道交通和商業零售，也對外賣算法訓練平台。
cn_136	中國	DeepMirror	深度鏡像類計算機視覺企業			
cn_137	中國	DeepRobotics	雲深處科技，四足與人形機器人	絕影系列四足機器人	四足機器狗，用於變電站、隧道等場域巡檢與應急探測	雲深處，賣四足機器人給電力巡檢、應急救援等工業場景，也在做人形機器人。
cn_138	中國	DeepRoute.ai	元戎啟行，城市智駕方案	DeepRoute IO 智駕系統		元戎啟行，為車企提供無高精地圖的城市智駕方案，與長城等車企量產合作。
cn_139	中國	DeepSeek	深度求索，幻方量化孵化，基礎大模型	DeepSeek-V3/V4、R1 推理模型		訓練並開放權重的通用大模型，同時通過 API 按調用量收費；另有免費的對話 App。背後由量化基金幻方出資，不依賴外部融資。
cn_14	中國	Athena Eyes Technology Co Ltd	雅典娜/金融身份認證視覺 AI			
cn_140	中國	DeepWay (深向科技)	百度孵化，電動智能重卡	星辰重卡	純電動智能重卡，L3 級輔助駕駛，滿載續航約 300 公里	由百度與物流企業獅橋合資孵化，在江蘇自建工廠生產電動重卡，整車平台和智駕系統都自研。車輛既直接售予物流公司，也以運力服務的形式輸出，目標是幹線物流場景的自動化，客戶集中在大宗貨運和快遞幹線。
cn_141	中國	DexForce (力策科技)	3D 視覺與具身智能			深圳的具身智能公司，自研 DexVerse 引擎，用合成數據大量生成訓練樣本來訓練機器人的視覺與操作模型，藉此省去真機採集成本。同時銷售 3D 視覺傳感器和 W1 Pro 人形本體，落地場景集中在工業上下料與分揀。
cn_142	中國	DiDi	滴滴出行，網約車平台，佈局自動駕駛	滴滴自動駕駛 Robotaxi	自動駕駛計程車，在部分城市指定區域開放乘客叫車	2012年成立，2016年收購 Uber 中國業務後在國內網約車市場居主導地位。2021年赴美上市隨即遭網絡安全審查、App 下架整改，2022年從紐交所退市轉為場外交易。收入以出行抽成為主，另有貨運與拉美業務。
cn_143	中國	Digital China	神州數碼，IT 分銷與雲服務	神州問學 AI 平台	企業大模型整合平台，管理模型、算力與資料並開發 AI 應用	2001年從聯想集團分拆而來，主業是代理國內外 IT 硬件並轉售雲資源，營收上千億但毛利極薄。另有自產的神州鯤泰信創服務器和企業雲管理服務，屬於靠規模與渠道賺錢的分銷型公司，在深交所上市。
cn_144	中國	DJI	大疆，消費與行業無人機全球龍頭	Mavic、Mini 系列；卓馭智駕（原大疆車載）		大疆，消費無人機全球龍頭，另賣行業無人機（農業、測繪、巡檢）、手持雲台和運動相機。
cn_145	中國	DOBOT (越疆科技)	協作機器人與人形機器人	CR 協作機器人；Atom 人形	CR 系列是工廠用協作機械臂，Atom 為會直膝行走與抓取的人形機器人	2015年在深圳成立，從 Kickstarter 眾籌的桌面機械臂起家，現在主力產品是協作機器人。教育科研市場占比較高，工業客戶逐步增加，海外營收比重大。2024年底在港交所上市，營收規模仍小且處於虧損狀態。
cn_146	中國	Dongfeng Autonomous (東風自動駕駛)	東風汽車旗下自動駕駛業務	自動駕駛卡車與乘用車		
cn_147	中國	Dreame Technology (追覓科技)	掃地機器人與高速電機	掃地機器人		2017年由清華背景的俞浩創辦，起步時是小米生態鏈企業，2019年後脫離小米轉做自有品牌並自建海外渠道。以高速數字馬達為核心技術，產品從掃地機延伸到吹風機、洗地機和割草機器人，海外市場是主要收入來源。
cn_148	中國	DroidUp	人形機器人初創公司			
cn_149	中國	Ecovacs Robotics (科沃斯機器人)	掃地機器人龍頭	地寶掃地機器人	地寶（DEEBOT）是其掃地機器人產品線，具自動集塵與拖地基座	1998年以吸塵器代工起家，2006年轉做自有品牌掃地機器人，2018年在上交所上市。旗下科沃斯品牌做掃地機和擦窗機，添可品牌做洗地機與個人護理電器，兩個品牌都把海外市場當作主要增長來源。
cn_15	中國	Autel Robotics Co Ltd	道通智能，消費及工業無人機	EVO 系列無人機	可折疊四旋翼空拍機，另有熱像版本用於巡檢與搜救	2014年在深圳成立，團隊出自汽車診斷設備廠商道通科技，後從母公司分拆獨立。主要市場在歐美，美國對大疆的採購限制反而讓它拿到政府和公共安全部門的份額，產品線涵蓋消費機、警用應急機和垂直起降固定翼。
cn_150	中國	Emotibot (竹間智能)	情感計算與企業對話 AI	Bot Factory	企業對話機器人建置平台，整合語音、語意與流程引擎做客服與質檢	2015年由微軟亞洲互聯網工程院出身的簡仁賢創辦，主做企業級對話機器人、情感識別和文檔理解，客戶多為金融、電信和政府單位，收入以項目制交付為主。2024年傳出停工停產與拖欠薪資，經營陷入困難。
cn_151	中國	EngineAI	眾擎機器人，人形機器人	SE01、PM01 人形機器人	SE01 為 170 公分全尺寸人形機器人，PM01 是較小的開發者機型	2023年在深圳成立的人形機器人公司，自研關節模組、電機和整機，靠賣機器人本體給科研機構與二次開發商收費，並開放開發者平台吸引應用側團隊。以擬人步態和高動態動作的演示影片在網上打開知名度。
cn_152	中國	Envision Energy	遠景能源，風電與儲能，AI 用於能源管理	EnOS 智能物聯平台；風機	EnOS 是連接風機、儲能等設備的物聯網平台，做監控與發電調度	遠景能源，賣風機和儲能系統，並提供能源物聯網平台 EnOS。
cn_153	中國	EVE Energy Co Ltd	億緯鋰能，鋰電池製造	動力與儲能電池	方形與圓柱鋰電芯，供電動車動力系統與電網儲能櫃使用	2001年在惠州成立，最早做電錶、ETC 用的鋰原電池，後陸續切入消費、動力和儲能電池三條線。儲能電芯出貨量已進入全球前列，客戶包括特斯拉與寶馬，並在馬來西亞、匈牙利和美國密西西比設廠，在深交所上市。
cn_154	中國	FABU Technology (法布科技)	自動駕駛與港口無人運輸			杭州飛步科技由浙江大學教授何曉飛創辦，早期投入自動駕駛芯片與感知算法，後把重心放到港口場景。在寧波舟山港梅山碼頭等地常態化運營無人集卡車隊，按車隊規模與系統向港口集團收費，另拓展幹線物流，股東包含浙大教育基金會與地方產業基金。
cn_155	中國	FAW Nanjing Technology Dev Co Ltd	一汽南京研發中心，智能網聯	智能座艙與智駕		
cn_158	中國	ForwardX Robotics (前向啟創)	倉儲物流 AMR 機器人	Flex 系列 AMR	以視覺導航的倉儲搬運機器人，跟著揀貨員在倉庫內移動料箱	2016 年在北京創立，做以視覺導航為主的自主移動機器人，賣揀選、搬運與對接設備並配 f(x) 調度系統給倉庫和製造現場。客戶包括京東、DHL、宜家與 TCL，已在四大洲逾 220 個場地部署三千多台，另在美國、日本、韓國設點。
cn_159	中國	Foxconn Industrial Internet	工業富聯，電子製造與 AI 服務器	AI 服務器；燈塔工廠	代工 AI 伺服器整機與機櫃，燈塔工廠指其高度自動化的自有產線	工業富聯，富士康旗下，代工 AI 服務器和網絡設備，是英偉達服務器主要供應商。
cn_16	中國	Autohome Inc	汽車之家，汽車資訊與交易平台	汽車之家大模型應用		2005 年由李想創辦，先後在紐交所與港交所上市，中國平安為控股股東。收入來自車企媒體廣告、經銷商訂閱與銷售線索分成，另經營二手車平台 che168。車市價格戰下廣告收入承壓，近年轉做數據服務與汽車金融、保險等衍生業務。
cn_160	中國	Galbot	銀河通用，通用具身機器人	Galbot G1	輪式雙臂人形機器人，已在無人藥店、零售店做取貨與補貨	銀河通用，研發用合成數據訓練的通用具身機器人，場景是零售貨架取貨和工廠搬運。
cn_161	中國	Gaussian Robotics	高仙機器人，商用清潔機器人	清潔機器人	自動洗地與吸塵機器人，用於商場、機場等大面積場所日常清潔	2013 年成立於上海，把洗地、掃地機器人賣給物業、商場、機場與工廠，並提供機器人管理平台與遠程運維。以經銷商和清潔服務商為主要渠道，業務覆蓋七十多個國家與地區，累計交付超過四萬台，海外市場佔比持續提高。
cn_162	中國	Geek+ PopPick (極智嘉PopPick)	極智嘉，倉儲物流機器人	PopPick 貨箱到人系統	貨架到人揀選系統，機器人把整座貨架搬到工作站再自動取下貨箱	賣倉儲物流機器人系統（貨到人揀選），客戶是電商、零售和製造企業倉庫。
cn_163	中國	Geely	吉利汽車集團，整車與智駕	千里浩瀚智駕；星睿大模型	千里浩瀚是分級的輔助駕駛方案，星睿為支撐它的車用 AI 模型	1997 年進入造車，總部在杭州，旗下有吉利、領克、極氪、銀河等品牌，控股集團另持有富豪與寶騰股權。港股上市，銷售與服務網覆蓋八十多個國家。近年把智駕與座艙研發收攏到集團統一平台，由體系內的億咖通、芯擎提供芯片與軟件。
cn_164	中國	Geely Automobile Res Inst Ningbo Co Ltd	吉利汽車研究院			
cn_165	中國	Geostar Information Technology Co Ltd	吉奧信息，GIS			前身是武漢大學測繪體系孵化的武大吉奧，現為吉奧時空信息技術股份有限公司。賣 GeoGlobe 地理信息平台、空間資料庫管理系統與地理孿生產品，客戶以自然資源、規劃、應急等政府部門為主，是國產 GIS 替代的主要供應商之一。
cn_166	中國	Geovis Digital Earth Hefei Co Ltd	中科星圖數字地球			
cn_167	中國	Geovis Weitianxin Technology Co Ltd	中科星圖相關			2007 年成立，是中科星圖的國有控股子公司，專做氣象與海洋領域的空天信息應用。為氣象部門、機場、電力與農業客戶建設氣象基礎設施與預報系統，提供網格化預報和天氣 API，並運營面向企業的看天 App，收入以行業項目為主。
cn_168	中國	Gientech Digital Technology Group Co Ltd	中電金信，金融科技	源啟平台	金融業數位底座，含開發、資料與 AI 平台，供銀行做系統重構	中國電子（CEC）旗下企業，由原文思海輝的金融業務整合而來後獨立運作。主要替大型商業銀行做核心系統的諮詢、開發、測試與運維，推出源啟信創數字底座，客戶還包括保險與證券機構，近年以 GienTech 品牌拓展海外市場。
cn_169	中國	Global Tone Communication Technology Qin	中譯語通，機器翻譯			中國出版集團中譯體系內的科技企業，做機器翻譯與跨語言大數據分析。產品包括翻譯引擎、語料資料庫、輿情與科技情報評估平台，客戶多為政府部門、媒體和金融機構，另運營語言服務人才測評，在青島、西安、成都等地設有子公司。
cn_17	中國	AutoX	L4 級 Robotaxi 自動駕駛公司	AutoX Gen5 自動駕駛系統		2016 年由普林斯頓大學助理教授肖健雄創辦，在中美兩地運作。曾在深圳、上海、廣州與矽谷投放 L4 級全無人 Robotaxi，自研 Gen5 傳感與計算平台，並與 Stellantis、本田談車輛平台合作。規模化商業化一直未達成，近年公開動態明顯減少。
cn_170	中國	Glodon Co Ltd	廣聯達，建築數字化軟件	AecGPT 建築大模型	320 億參數建築業模型，覆蓋設計、算量、造價與施工進度等環節	1998 年成立，2010 年在深交所上市。起家於工程造價算量軟件，目前收入以軟件訂閱與雲服務為主，客戶是施工企業、設計院與建設方，業務延伸到施工管理、數字設計和工程物資交易。地產與基建投資收縮後，續費與新簽壓力明顯。
cn_171	中國	GoLaxy Data Technology Inc	中科天璣，大數據輿情			2010 年成立，源自中國科學院計算技術研究所，是計算所數據智能方向的產業化平台。賣大數據採集、治理與機器學習平台以及輿情分析系統，客戶多為宣傳、公安等政府部門和媒體機構，同時參與大數據分析系統國家工程實驗室的共建。
cn_173	中國	Great Wall Motor Co Ltd	長城汽車，整車與智駕	Coffee Pilot 智駕	高速與城區的領航輔助駕駛系統，搭載於自家品牌車型	1984 年起家於河北保定，以 SUV 和皮卡為主，旗下有哈弗、魏牌、歐拉、坦克等品牌，A 股與港股兩地上市。體系內自建蜂巢能源、諾博汽車等零部件公司，智駕早期由分拆出去的毫末智行供應。近年海外銷量與利潤佔比明顯提高。
cn_176	中國	Guangzhou Automobile Group Co Ltd	廣汽集團，整車與智駕	埃安；ADiGO 智駕	埃安是旗下純電車品牌，ADiGO 為其輔助駕駛與智能座艙系統	廣州市屬國企，A 股與港股兩地上市，長期名列財富五百強。利潤一度主要依賴廣汽豐田、廣汽本田兩家合資公司，自主品牌為傳祺與埃安。合資銷量下滑後重心轉向自主新能源，並投資 Robotaxi 與飛行汽車等新業務，組織近年多次調整。
cn_177	中國	Guangzhou Quwan Network Technology Co	趣丸網絡（TT 語音）			2014 年成立於廣州，主產品 TT 語音是面向遊戲開黑的語音社交平台，累計註冊用戶超過兩億。收入來自增值服務、遊戲聯運發行與電競賽事運營，母公司趣丸科技另佈局 AI 與數字文娛內容，是廣州重點扶持的高新技術企業。
cn_178	中國	Guangzhou Sanqi Jimeng Network Technology	三七互娛相關			
cn_179	中國	Guangzhou Sanqi Jiyao Network Technology	三七互娛相關			
cn_18	中國	AVIC UAV (中航無人機)	中航工業旗下，大型軍民兩用無人機	翼龍系列無人機	中空長航時察打一體無人機，可掛偵察吊艙與飛彈，已外銷多國	中航工業旗下，2007 年成立於成都，2022 年在科創板上市。主力產品是翼龍系列中空長航時無人機，用於偵察打擊，也衍生出氣象探測與應急通信機型。客戶以軍方和一帶一路沿線國家為主，外銷比重高，整機交付與配套保障是主要收入。
cn_180	中國	Guangzhou Shirui Electronics Co Ltd	視源股份（CVTE）	希沃	希沃（seewo）是校園互動智慧平板與配套的教學備課軟體	2005 年成立於廣州，2017 年在深交所上市。起家做電視主控板卡，出貨量長期居全球前列，現以液晶顯示部件和交互智能平板為兩大支柱。教育品牌希沃、會議品牌 MAXHUB 都出自旗下，另切入智能家居、醫療與人工智能等新業務。
cn_181	中國	Guangzhou Shiyuan Cvte Artificial Intelligence	視源股份（CVTE）AI 研究院	希沃教育大模型		
cn_182	中國	Guangzhou XAG Technology Co Ltd	極飛科技，農業無人機與機器人	P 系列農業無人機	農業噴灑無人機，依處方圖自動飛行施藥、播種與撒肥	極飛科技，賣農業無人機、農機自動駕駛和農田物聯網設備，客戶是農戶和農服組織。
cn_183	中國	Guangzhou Xiaopeng Autonomous Driving	小鵬汽車自動駕駛業務	XNGP 智駕	涵蓋高速與城區道路的點到點導航輔助駕駛	
cn_184	中國	Guanzhou Radio Express Group Co Ltd	廣電運通，金融設備			廣州無線電集團旗下，在深交所上市。主業是 ATM、清分機等金融自助設備及相關運營服務，靠銀行網點改造與海外訂單支撐。近年把機器視覺、人證核驗技術延伸到軌道交通、政務終端與數字人民幣硬錢包等場景，海外業務佔比逐步提高。
cn_185	中國	Guizhou Wujiang Hydropower Dev Co Ltd	烏江水電			
cn_186	中國	H3C Artificial Intelligence Technology	新華三 AI 業務	百業靈犀大模型	面向政企的私域模型，部署在客戶私有雲上做垂直領域問答	
cn_187	中國	Hai Robotics HAIPICK (海柔HAIPICK)	海柔創新，箱式倉儲機器人	HaiPick 系統	箱式倉儲機器人系統，機器人在貨架間取放料箱並送到揀選站	2016 年成立於深圳，首創以機械手取放料箱的箱式倉儲機器人，在既有貨架上實現高密度存儲，不必大改倉庫結構。客戶是電商、第三方物流與製造業倉庫，海外收入佔比高，在美國、歐洲、日本設有分支，走系統集成商與經銷商並行的渠道。
cn_188	中國	Haier Smart Home Co Ltd	海爾智家，家電與智能家居	HomeGPT；卡奧斯工業互聯網	智慧家庭垂類大模型，用於家電語音交互、一句話生成回家場景與客服問答	海爾智家，賣冰箱、洗衣機等家電，海外收入佔比高。
cn_189	中國	Hangcha Group Co Ltd	杭叉集團，叉車，含無人叉車	智能叉車	叉車式 AGV，靠激光與自然導航自動堆垛、搬運托盤，已用於光伏產線	由杭州叉車廠改制而來，A 股上市，產量長期位居國內叉車前二。產品以內燃和電動叉車為主，近年推鋰電化與無人叉車，客戶是製造業與物流倉儲企業。依靠經銷網絡和出口成長，海外收入佔比持續提高，毛利率高於國內市場。
cn_19	中國	Axera Semiconductor Co Ltd	愛芯元智，端側 AI 視覺芯片	AX 系列 AI 芯片	端側視覺 SoC，裝在攝影機等設備上做即時影像分析，原生支援 Transformer	2019 年成立，做端側與邊緣側的 AI 視覺芯片，AX 系列用於智能攝像頭、車載視覺和邊緣計算盒子。按芯片出貨收費，並提供配套工具鏈給模組廠與方案商，客戶包括安防設備廠與整車廠，已在多個前裝項目實現量產。
cn_190	中國	Hangzhou Arcvideo Tech Co Ltd	當虹科技，視頻編碼			2010 年成立於杭州，後在科創板上市。主業是視頻編解碼與智能處理軟件，收入來自系統項目與技術授權，客戶為廣電台網、電信運營商、軍工單位和體育賽事機構。近年把超高清轉碼與視頻理解模型接入直播、內容審核等場景。
cn_192	中國	Hangzhou Linx Robot Intelligent Technology	靈西機器人，3D 視覺			
cn_195	中國	Haomo.ai (毫末智行)	長城汽車孵化的智駕公司	HPilot 智駕	分高中低三檔算力的輔助駕駛方案，做高速領航與泊車，量產搭載於長城車型	2019 年從長城汽車的智能駕駛部門分拆成立，長城既是主要股東也是最大客戶，靠其車型前裝量產累積路測數據。除乘用車輔助駕駛外，也做末端物流配送小車。2024 年後傳出裁員與業務收縮，對外公開動態與官網訪問均已中斷。
cn_196	中國	HBIS Group Co Ltd	河鋼集團，鋼鐵央企	智能煉鋼		河北省屬鋼鐵國企，由唐鋼與邯鋼等企業合併而來，粗鋼產量長期居全球前列。產品以板材、型材和鋼軌為主，客戶集中在汽車、家電與基建行業。收購塞爾維亞斯梅代雷沃鋼廠等海外資產，近年推動數字化煉鋼和氫冶金示範項目。
cn_2	中國	51WORLD (五一視界)	數字孿生與仿真平台，用於城市、工業和自動駕駛仿真	51Sim 仿真平台；AES 數字孿生引擎		2015 年成立於北京，賣 AES 數字孿生引擎和 51Sim 仿真平台，收入以項目交付與平台授權為主。客戶涵蓋城市治理、園區、能源、交通與車企，自動駕駛仿真是主要場景之一。已完成多輪融資，並向日本、中東等海外市場拓展。
cn_20	中國	Baichuan Robotics (百川智能機器人)	王小川創辦的百川智能，大模型公司，聚焦醫療	Baichuan 系列模型；百小應		2023 年由搜狗創辦人王小川與茹立雲成立，初期密集發布開源與閉源模型。2024 年後把重心收到醫療，推面向醫院、醫生和患者的 AI 應用與百小應助手，商業化主要靠醫療機構合作與模型授權，不再正面參與通用模型的參數競賽。
cn_200	中國	Hisense Group	海信集團，家電與顯示	星海大模型	自研語言與多模態模型，裝進電視、空調做自然對話與圖像生成	由青島市屬國企改制而來，主業是電視與白色家電，另有智慧交通、光通信、醫療影像等 B 端業務。電視全球出貨量位居前列，透過收購東芝映像、gorenje 與 ASKO 擴張海外，海外收入佔比高，並自研顯示芯片與車載顯示產品。
cn_201	中國	Hiwing Aviation Gen Equip Co Ltd	航天科工無人機			
cn_202	中國	Honor	榮耀，智能手機	YOYO 智能體；MagicOS AI		2020 年華為在制裁下把榮耀出售給深圳國資與經銷商組成的財團，此後獨立運作。在中國及歐洲、東南亞賣中高端手機，倚重線下渠道，並延伸到 PC、平板與穿戴裝置。近年把重心放在端側 AI 與手機智能體，同時推進上市。
cn_203	中國	Horizon Robotics	地平線，智駕芯片與算法	征程系列芯片；HSD 智駕	征程系列是車載 AI 運算晶片，HSD 為配套的城區輔助駕駛系統	向車企賣智駕芯片（征程系列）和配套算法，按芯片出貨和授權收費，也在推高階智駕整體方案 HSD。
cn_204	中國	Huadian Electric Power Res Institute	華電電科院			
cn_205	中國	Huawei	華為，通信與終端巨頭，全棧 AI	盤古大模型；昇騰芯片；乾崑智駕	盤古為行業大模型，昇騰是訓練推理晶片，乾崑為對外供應的智駕方案	三大業務是通信設備、手機等消費終端和汽車智能化方案；AI 上提供昇騰芯片與盤古模型，主要賣給政企和運營商。
cn_207	中國	Humanoid Robot Shanghai Co Ltd	國地共建人形機器人創新中心	青龍人形機器人	全尺寸開源人形機器人公版機，硬體結構與軟體包公開供業界複用	由上海國資與產業方共同出資設立，承擔國家地方共建人形機器人創新中心的運營。做整機與具身智能的共性技術，開源青龍公版機並運營 OpenLoong 社區，對外提供訓練場、測試驗證與數據採集服務，收入主要來自政府項目和產業合作。
cn_208	中國	Hunan Exceed Robot (湖南超能機器人)	機器人企業			
cn_21	中國	Baidu Inc	搜索與 AI 巨頭，自研文心大模型，佈局自動駕駛	文心大模型 ERNIE；蘿蔔快跑 Robotaxi；崑崙芯		核心收入仍是搜索廣告，AI 新業務包括文心大模型（通過百度智能雲賣給企業）、蘿蔔快跑 Robotaxi 和崑崙芯芯片。
cn_210	中國	Hunan Shibite Robot Co Ltd	視比特，3D 視覺機器人			
cn_211	中國	Idriverplus (智行者)	低速無人駕駛與環衛機器人	蝸小白無人清掃車	無人駕駛清掃車，在園區、景區與寫字樓自主清掃、灑水與收集垃圾	2015 年由清華團隊創辦，主打低速無人駕駛。蝸小白系列無人清掃車賣給環衛公司與園區物業，另做礦區、特種作業等封閉場景車輛，收入來自整車銷售和運營服務。官網已改掛 Velobotics 品牌，業務重心往極限作業場景移動。
cn_212	中國	iFLYTEK Co Ltd	科大訊飛，語音與大模型	訊飛星火大模型；翻譯機	星火為通用大模型；翻譯機是手持裝置，可離線即時互譯多國語言	收入來自教育（學習機、智慧課堂）、醫療、政務和車載語音等行業方案；自研星火大模型，重點做國產算力適配。
cn_213	中國	Inceptio Technology	嬴徹科技，幹線物流自動駕駛重卡	軒轅自動駕駛系統	面向量產的卡車自動駕駛全棧系統，含車規計算平台，跑幹線高速路線	2018 年成立，創辦人馬喆人曾任騰訊副總裁。與東風、中國重汽合作前裝量產搭載軒轅系統的自動駕駛重卡，同時自營幹線物流運力，按運費和系統授權兩種方式收費，客戶是快遞快運與合同物流企業，路線集中在高速幹線。
cn_214	中國	Industrial and Commercial Bank of China	工商銀行，全球最大銀行之一，自研金融大模型	工銀智湧大模型		資產規模全球最大的商業銀行，A 股與港股兩地上市，財政部與中央匯金為主要股東。收入仍以公司和個人信貸的存貸利差為主，科技投入居國內銀行前列，自建工銀智湧大模型與金融雲，並向中小金融機構輸出系統與算力服務。
cn_215	中國	INF Technology Shanghai Co Ltd	無限光年，金融大模型			由前螞蟻金服首席 AI 科學家、復旦教授漆遠於 2022 年在上海創辦，主攻金融與醫療領域的可信大模型，以符號推理抑制幻覺，客戶為銀行、券商等金融機構，曾獲阿里投資。
cn_217	中國	Inspur Group	浪潮集團，服務器與雲	源大模型；AI 服務器	源是全面開源的千億參數基礎模型；另出貨供訓練推理用的 AI 伺服器	浪潮，賣服務器（國內 AI 服務器龍頭）與雲和企業軟件。
cn_218	中國	INTELLIFUSION	雲天勵飛，視覺芯片與城市 AI	天書大模型；DeepEdge 芯片		2014 年由前芯片工程師陳寧在深圳創辦，科創板上市。早期營收依賴深圳等地的政府安防專案，近年轉向對外銷售邊緣 AI 芯片與算法模組，芯片與方案兩條線並行，長期處於虧損。
cn_22	中國	Bairongzhixin Beijing Technology Co Ltd	百融雲創，金融風控與營銷	風控模型	為銀行提供信貸風險評分與建模平台，機構可自行訓練風控模型	2014 年成立，2021 年在港交所上市。向銀行、消費金融和保險公司提供信貸審批、貸後管理與獲客服務，按調用次數或分潤計費，合作金融機構數以千計，屬於獨立第三方數據與模型服務商。
cn_220	中國	iSoftStone	軟通動力，IT 服務	天璇 AI 平台	企業級大模型平台，接入多家模型做 MaaS，並提供智能體編排開發	以 IT 外包起家，深交所上市，主要向華為等大客戶派駐工程師承接軟件開發與運維，人力規模達數萬人。近年併購同方計算機進入整機製造，並把算力與智能體服務納入收入結構。
cn_221	中國	Jack Technology Inc	傑克科技，縫紉設備與智能製造	智能縫製設備	工業縫紉機，機上晶片依面料自動調整縫製參數，供成衣工廠使用	浙江台州企業，上交所上市，工業縫紉機出貨量居全球前列，客戶是服裝、鞋包與家居製造商，產品銷往上百個國家。近年併購裁床與吊掛系統廠商，從單機轉向成套的車間自動化方案。
cn_222	中國	JAKA Robotics (節卡機器人)	協作機器人	JAKA Zu 系列	3 至 12 公斤負載的協作機械臂，可與人同場作業，做上下料與組裝	2014 年在上海創立，專做協作機械臂，主要賣給汽車零部件、3C 電子與半導體產線，並透過全球數百家系統整合商分銷，海外營收占比較高，以無線示教和拖拽編程降低使用門檻。
cn_223	中國	JD Logistics Robotics (京東物流機器人)	京東物流的倉儲與配送機器人	無人倉；配送車		京東物流內部的機器人團隊，自研搬運 AGV、穿梭車、分揀機械臂與末端配送車，先在自家亞洲一號等倉庫大規模自用，驗證後再對外輸出設備與倉儲自動化方案給第三方客戶。
cn_224	中國	JD.COM	京東，電商與零售，自研言犀大模型	言犀（JoyAI）大模型	已更名 JoyAI 的產業大模型，用於商品客服、供應鏈與物流場景	京東，自營電商與物流，AI 用於客服、營銷和倉儲自動化。
cn_227	中國	Jingdong Technology Information Technology	京東科技			京東集團旗下對外輸出技術的子集團，把雲計算、供應鏈系統與支付、信貸等金融科技賣給銀行、政府和企業客戶。由原京東數科與雲業務合併而來，曾籌劃分拆上市但未完成。
cn_23	中國	Banma Network Technology Co Ltd	斑馬智行，阿里與上汽合資的智能座艙系統	斑馬智行車機系統	以 AliOS 為底的車載系統，管語音、導航與多螢幕應用，上汽車型搭載	阿里巴巴與上汽集團合資成立，以阿里自研的 AliOS 為底座做車機系統，客戶集中在上汽系與大眾等品牌，收入來自軟件授權與車聯網服務分成，歷經多次股權調整後由阿里主導。
cn_230	中國	KEENON Robotics (擎朗智能)	商用服務機器人	送餐機器人	餐廳內自主避障、送餐與回收餐盤的輪式托盤機器人	2010 年在上海創立，送餐與清潔機器人以整機銷售或租賃方式賣給餐飲連鎖、酒店和醫院，累計出貨逾十萬台、銷往七十多個國家，海外營收占比不低，近年把產品線延伸到人形機器人。
cn_231	中國	Kepler Robotics (開普勒機器人)	人形機器人	先行者 K2	175 公分全尺寸人形機器人，單手負重 15 公斤，測試於工廠搬運巡檢	2023 年在上海成立，主打進工廠和倉庫做重複勞動的藍領型人形機器人，強調自研旋轉直線關節與靈巧手以壓低整機成本，目前收入以研發樣機和示範專案為主，尚未進入規模量產。
cn_232	中國	Kimi (Moonshot AI)	月之暗面，長文本與智能體大模型	Kimi 助手；Kimi K2 開放權重模型		研發長上下文與智能體大模型，面向個人提供 Kimi 助手，面向開發者按 token 收費提供 API，旗艦模型開放權重。
cn_233	中國	Kling AI	快手旗下視頻生成	可靈（Kling）視頻模型	由文字或圖片生成影片的模型，可產出數秒到十餘秒的連續鏡頭	快手旗下視頻生成產品，向個人按會員、向企業按 API 收費，是國內收入最高的視頻生成產品之一。
cn_234	中國	Kuaishou Technology	快手，短視頻平台，自研可靈與快意模型	可靈；快意大模型	可靈做影片生成，快意是自研語言模型，支撐站內創作與對話功能	快手，短視頻與直播平台，收入來自廣告、直播打賞和電商；可靈視頻生成也單獨收費。
cn_235	中國	Leju Robotics (樂聚機器人)	人形機器人	夸父（KUAVO）	雙足人形機器人，主要供高校科研教學與展演場景使用	2016 年在深圳成立，早期靠教育用小型人形機器人和賽事套件起家，後轉做全尺寸人形，夸父系列搭載開源鴻蒙系統，客戶以高校科研、地方國企示範專案和展演租賃為主。
cn_236	中國	Lenovo	聯想，PC 與服務器，推 AI PC	AI PC；天禧智能體	天禧是跨裝置的個人智能體，具長期記憶，能拆解任務並代為執行	全球個人電腦出貨量長期居首，收入以 PC 與智能設備為主，另有服務器儲存的基礎設施業務和方案服務業務。併購 IBM 個人電腦與摩托羅拉後形成全球架構，近年把 AI PC 當成換機驅動力。
cn_237	中國	Li Auto	理想汽車，新能源車企，自研 VLA 智駕	理想 i 系列；MindVLA	i 系列為純電車款；MindVLA 是自研的視覺語言動作智駕模型	理想汽車，賣增程與純電 SUV，自研智駕（VLA 模型）和座艙系統。
cn_238	中國	LimX Dynamics (靈犀機器人)	逐際動力，足式與人形機器人	TRON 1；Oli 人形	TRON 1 可換點足、足式、輪足三種足端，供科研做運動控制開發	逐際動力，研發足式與人形機器人及運動控制算法，主要賣給科研與開發者。
cn_239	中國	MagicLab	人形機器人	MagicBot	約 174 公分的全尺寸人形機器人，面向工廠搬運與展示接待	2024 年在無錫成立，由掃地機器人廠商追覓科技孵化，同時做四足與雙足機器人。先把機器人放進自家工廠產線做數據採集與訓練，再面向商用服務與工業場景銷售。
cn_24	中國	Baoshan Iron Steel Co Ltd	寶鋼股份，鋼鐵央企，AI 用於煉鋼與質檢	鋼鐵工業大模型應用		中國寶武鋼鐵集團旗下的上市主體，以汽車板、電工鋼等高端板材為主力產品，客戶是車企和家電廠。AI 多用於高爐與軋線的工藝控制、表面缺陷檢測和能耗優化等自用場景，不對外賣技術。
cn_240	中國	Maxvision Technology Co Ltd	智能安防			深圳企業，深交所上市，主業是口岸出入境的自動查驗通道、車輛檢查與旅客通關系統，客戶為海關、邊檢和機場等政府單位，屬項目制收入，近年把生物識別與視覺算法延伸到智慧園區。
cn_241	中國	MCC Jingcheng Digital Technology Beijing	中冶京誠數字科技			中冶京誠工程技術旗下的數字化子公司，把母公司在鋼鐵與市政工程的設計經驗做成工業軟件和產線控制系統，客戶主要是鋼鐵企業和地方政府項目，屬於中冶集團體系內的央企單位。
cn_242	中國	Mech-Mind Robotics (梅卡曼德機器人)	3D 視覺與機器人智能	Mech-Eye 相機	工業 3D 相機，輸出點雲供機械臂做無序分揀、上下料與拆碼垛	賣 3D 視覺相機和機器人視覺軟件，讓工業機械臂能識別和抓取物體。
cn_243	中國	MEGVII (曠視)	曠視科技，計算機視覺	Face++；物流與城市物聯網方案		計算機視覺公司，收入來自城市物聯網（安防）和供應鏈物聯網（倉儲自動化），近年收縮並轉向物流與消費電子視覺。
cn_244	中國	Meitu Inc	美圖，影像軟件與 AI 生成	美圖秀秀；MiracleVision 奇想大模型		2008 年成立、港股上市，從免費修圖工具轉為訂閱制，收入主要來自美圖秀秀、Wink 等應用的會員付費，另有面向電商和設計行業的企業版工具，曾做過手機硬件後退出。
cn_245	中國	Meituan	美團，本地生活平台，自研 LongCat 大模型	LongCat 模型；無人機與無人車配送		美團，外賣與到店本地生活平台，AI 用於配送調度，並研發無人機和無人車配送。
cn_246	中國	Metallurgical Automation Res Design Institute	冶金自動化研究設計院			中冶集團下屬的行業研究院，長期承擔鋼鐵冶金的自動化控制系統研發與行業標準制定，服務對象是國內鋼廠的產線改造項目，屬於科研事業單位轉制的央企機構，較少面向市場銷售產品。
cn_247	中國	MicroPort MedBot (微創醫療機器人)	手術機器人	圖邁腔鏡手術機器人	四臂腔鏡手術機器人，醫師在控制台操控器械做泌尿與胸腹腔微創手術	由微創醫療分拆、在港交所上市，產品線涵蓋腔鏡、骨科和血管介入手術機器人，已有機型取得國內註冊證並進入三甲醫院，但裝機量仍小，研發投入大且持續虧損。
cn_248	中國	Midea Group	美的集團，家電與機器人（控股庫卡）	美的大模型；庫卡工業機器人	庫卡為六軸工業機械臂，供汽車與電子產線做焊接、搬運與裝配	美的，全球最大家電企業之一，控股德國庫卡工業機器人，推進智能工廠。
cn_251	中國	MINIEYE (小覓智能)	佑駕創新，ADAS 與智駕	iPilot 智駕	L2+ 領航輔助方案，依算力分級，支援高速與城區 NOA、記憶行車	2014 年在深圳成立、港交所上市，從商用車的前裝 ADAS 和駕駛員監控起家，再往乘用車的行泊一體與艙內感知延伸，按量產車型的搭載量向車企收費，客戶以自主品牌為主。
cn_252	中國	MiniMax	多模態大模型	MiniMax-M 系列；海螺視頻；Talkie		自研文本、語音、視頻多模態模型，收入主要來自海外 C 端應用（Talkie 陪伴、海螺視頻）和開放平台 API。
cn_253	中國	Mobvoi	出門問問，語音交互與 AIGC	魔音工坊；TicWatch	魔音工坊是 AI 配音工具，文字轉語音並可克隆聲音，用於短影音與有聲書	2012 年由前 Google 工程師李志飛創辦、港股上市。早期做語音助手與 TicWatch 智能手錶，硬件業務萎縮後，收入轉為以魔音工坊等 AIGC 訂閱工具為主，面向內容創作者。
cn_254	中國	Momenta	智駕算法公司，與多家車企量產合作	Mpilot；Robotaxi	量產車上的高速與城區領航輔助軟體，同一套算法另用於無人計程車	為車企提供智駕軟件方案（高速和城市 NOA），按搭載量收費，同時在做 Robotaxi。
cn_256	中國	Nanjing Silicon Intelligence Technology	硅基智能，數字人			南京企業，主要做數字人和 AI 語音外呼，把真人形象與聲音複製成可批量生成的虛擬主播，賣給電商直播、保險和運營商客戶做營銷與客服，按帳號數或通話量收費。
cn_261	中國	Narwal Robotics (雲鯨智能)	掃拖機器人	雲鯨 J 系列	掃拖一體機器人，搭配基站自動清洗拖布並上下水，免手洗	2016 年在深圳成立，以會自動清洗拖布的掃拖一體機切入家用清潔市場，定位中高端，主要透過國內電商渠道和海外市場銷售，是該品類早期把自清潔基站做成標配的廠商之一。
cn_262	中國	Neolix (新石器)	L4 無人配送車	新石器無人車	L4 無人配送車，車廂載重數百公斤，跑城市末端快遞與商超配送	2018 年成立，專做 L4 級無人配送車，自建常州工廠量產車輛，以整車銷售加運營服務的方式賣給快遞物流、商超零售和園區客戶，並在多地取得公開道路測試與運營許可。
cn_263	中國	NetEase	網易，遊戲與互聯網	網易有道子曰大模型；伏羲 AI	子曰為教育大模型，做作文批改、口語陪練與翻譯；伏羲用於遊戲 AI	收入以自研和代理的網絡遊戲為主，另有有道的教育硬件與服務、雲音樂和嚴選電商。旗下伏羲實驗室把 AI 用在遊戲美術生成和 NPC 行為，有道則把模型放進學習機和翻譯產品。
cn_264	中國	NEURA Robotics China	德國 NEURA Robotics 中國業務	認知機器人	MAiRA 是帶感知能力的協作機械臂，另有 4NE-1 人形機器人	
cn_265	中國	Neusoft Medical Systems Co Ltd	東軟醫療，醫學影像設備	CT、MR 設備		從東軟集團分拆出來的醫學影像設備廠商，做 CT、磁共振、超聲和 X 光機，是少數能自製 CT 球管等核心部件的國產廠商，客戶以國內基層醫院和新興市場的出口為主。
cn_268	中國	NIO	蔚來汽車，新能源車企，自研智駕芯片	神璣芯片；NOP+ 智駕	神璣 NX9031 為自研 5 奈米智駕晶片並已量產；NOP+ 是領航輔助	蔚來，賣高端電動車並運營換電網絡，自研智駕芯片神璣。
cn_269	中國	Noetix Robotics (納米智能)	松延動力，小型人形機器人	N2 人形機器人	約 120 公分、30 公斤的小型人形機器人，能跑跳空翻，售價約四萬人民幣	2023 年在北京成立，創辦團隊出自清華，做中小型人形機器人，以低價切入教育科研、展演互動和開發者二次開發市場，靠壓低關節與整機成本把單台價格拉到數萬元級別。
cn_27	中國	Beijing Chehejia Automobile Technology	理想汽車的運營主體，新能源車企	理想 L 系列；自研智駕	L 系列為增程式電動休旅車，靠車載發電機補電，主打家庭用車	理想汽車的境內運營主體，負責整車研發、製造與銷售，在常州自建工廠。以增程式 SUV 切入家庭用車市場，靠大空間和舒適性配置拉開差異，之後才補上純電車型和自建充電網絡。
cn_270	中國	NSFOCUS Technology Group Co Ltd	綠盟科技，網絡安全	風雲衛安全大模型	安全大模型，輔助研判告警與威脅情報、追蹤攻擊鏈並給出處置建議	1999 年成立、深交所上市，賣入侵檢測、抗 DDoS、漏洞掃描等安全設備，並提供滲透測試和安全運營服務，客戶集中在運營商、金融和政府，收入受政企 IT 預算周期影響明顯。
cn_271	中國	Nuclear Power Operation Res Shanghai Co	核電運行研究院			
cn_272	中國	Nuctech Co Ltd	同方威視，安檢設備	安檢 CT	行李安檢用 CT 機，斷層掃描生成立體影像判讀違禁品，用於機場海關	清華大學與同方股份背景，做 X 光機與 CT 型安檢設備，客戶是海關、機場、地鐵和邊境口岸，海外收入占比高。近年因安全疑慮被美國列入實體清單，在歐美市場受到限制。
cn_273	中國	Oceanalpha (雲洲智能)	無人船	無人艇	自主航行的測量艇，做水下地形測繪、水質監測與海上風電巡檢	2010 年在珠海成立，做無人水面艇，用於水質監測、海洋測繪、應急搜救和水域安防，客戶多為環保、海事、水利等政府部門和科研單位，以項目採購方式成交。
cn_274	中國	OPPO	智能手機	AndesGPT；ColorOS AI		廣東東莞企業，與 vivo 同源於步步高體系，手機出貨量長期居全球前列，靠龐大線下經銷商網絡鋪貨，重心放在東南亞、歐洲等海外市場。自研芯片團隊哲庫已於 2023 年解散。
cn_275	中國	Orbbec	奧比中光，3D 視覺傳感器	3D 相機	深度相機模組，供機器人與 AMR 做定位、避障與物體量測	奧比中光，賣 3D 視覺傳感器給機器人、支付和消費電子廠商。
cn_276	中國	Origin Quantum Computing Technology Co	本源量子	悟空量子計算機	72 位元超導量子電腦，開放線上算力供外界提交量子計算任務	2017 年在合肥成立，團隊出自中國科大的量子研究體系，做超導量子計算機整機、測控系統和量子軟件，收入主要來自科研機構、高校和地方政府的採購與共建項目，商業化仍在早期。
cn_277	中國	Pci Technology Group Co Ltd	佳都科技，城市交通 AI			廣州企業，深交所上市，主業是城市軌道交通的智能化系統集成，承接地鐵的信號、安檢和票務項目，並做公安交通的視頻分析，收入高度依賴地方政府和軌交業主的工程訂單。
cn_279	中國	Petrochina Co Ltd	中國石油股份			中石油集團旗下的上市公司，業務覆蓋油氣勘探開採、煉化和成品油銷售，是國內最大的油氣生產商。AI 主要用在地震資料解釋、油藏建模和煉廠運行優化等內部環節，並與集團共建行業大模型。
cn_28	中國	Beijing DP Technology Co Ltd	深勢科技，AI for Science，做分子模擬與藥物、材料研發	Hermite 藥物平台；Uni-Mol；Bohrium		深勢科技，提供分子模擬與 AI for Science 平台，客戶是藥企、材料和電池企業。
cn_280	中國	Ping An	中國平安，保險與金融科技	平安 AI 客服；醫療 AI		中國平安，保險與銀行綜合金融集團，AI 用於理賠、客服和互聯網醫療。
cn_281	中國	Powerchina Zhongnan Eng Corp Ltd	中國電建中南院			
cn_282	中國	PSBC Consumer Finance Co Ltd	郵儲消費金融			
cn_283	中國	Pudu Robotics (普渡科技)	商用服務機器人	送餐與清潔機器人	餐廳送餐與回收餐盤的托盤機器人，另有商場用的洗地清潔機型	賣餐廳送餐機器人和商用清潔機器人，海外收入佔比高。
cn_284	中國	QCraft (輕舟智航)	城市 NOA 智駕方案	乘用車智駕	「乘風」量產輔助駕駛方案，涵蓋高速與城市 NOA、記憶泊車	2019 年由 Waymo、Uber ATG 出身的團隊在矽谷創立，同年落地中國。早期做無人小巴與自動駕駛接駁，後把重心轉向把輔助駕駛方案賣給車企，與理想、奇瑞、廣汽、吉利、上汽等合作量產二十多款車型，同時保留無人出租與無人公車的 L4 業務。
cn_285	中國	Qi An Xin Technology Group Inc	奇安信，網絡安全	安全大模型 Q-GPT	安全運營機器人，自動研判海量告警並溯源，分擔人工值守	2014 年從 360 的企業安全業務分拆而來，2020 年在科創板上市。收入主要來自政府、金融、能源等機構客戶的安全產品與服務合約，人員與營收規模在中國網絡安全行業居前列，曾承擔北京冬奧的網絡安全保障工作。
cn_286	中國	Qihoo 360	360 集團，網絡安全與互聯網	360 智腦；納米 AI 搜索	360智腦為自研大模型；納米AI搜索是整合多模型的搜尋問答 App	360 集團，收入來自互聯網廣告、網絡安全和智能硬件，AI 上推 360 智腦與納米 AI 搜索。
cn_289	中國	Qiyuan Lab	啟元實驗室			
cn_290	中國	Rainbow UAV Technology Co Ltd	彩虹無人機科技	彩虹系列	中大型察打一體無人機，可掛載彈藥執行偵察與對地打擊	隸屬中國航天科技集團第十一研究院，是彩虹系列察打一體無人機的研製單位，客戶以軍方與海外採購國為主，是中國軍用無人機出口的主要供應商之一；另設台州生產基地，延伸承接物流等民用機型。
cn_291	中國	Reeman (銳曼智能)	服務機器人與底盤	配送機器人	室內自主導航送物機器人，用於飯店、醫院與辦公樓遞送	深圳市銳曼智能裝備，2014 年成立，主要把機器人移動底盤與整機賣給下游集成商和品牌方，再由對方貼牌或二次開發，產品線涵蓋配送、消毒、導覽機器人，走硬體供應商路線而非自建終端場景。
cn_292	中國	Richfit Information Technology Co Ltd	中油瑞飛，中石油 IT			中國石油旗下的資訊技術公司，2006 年成立，原為東方物探全資子公司，承接集團勘探開發、煉化與管道業務的資訊系統建設。2021 年後相關業務整併進中國石油新設的昆侖數智，原品牌逐步淡出。
cn_293	中國	Robint Technology (北京鋼鐵俠科技)	鋼鐵俠科技，人形機器人	ARTROBOT 人形	雙足人形機器人，36 自由度，搭配自研「運動腦」控制平衡	2015 年成立，是中國較早投入雙足大型人形機器人的公司，已推出五代 ARTROBOT 機型，核心零部件強調自研國產。客戶以高校、職業教育與科研單位為主，靠設備與教學實訓方案銷售，並參股北京人形機器人創新中心。
cn_294	中國	Roborock (石頭科技)	掃地機器人	石頭掃地機器人	家用掃地機器人，具雷射導航與自動集塵、拖布清洗基座	賣掃地機器人，海外市場佔比高，也在擴展洗衣機等品類。
cn_295	中國	RoboSense (速騰聚創)	車載激光雷達龍頭	M 系列激光雷達	車規級半固態激光雷達，供整車廠前裝量產做輔助駕駛感測	賣車載激光雷達給車企，也賣給機器人公司，出貨量全球領先。
cn_296	中國	ROBOTERA (星動紀元)	清華背景人形機器人	星動 L7；靈巧手	171 公分全尺寸雙足人形機器人，全身 55 自由度，另產靈巧手	2023 年 8 月由清華交叉信息研究院孵化，是清華唯一持股的機器人公司，創辦人為陳建宇。除整機外也做靈巧手與具身模型工具鏈，2025 年起進入交付階段，在物流、製造與商業服務場景與吉利、順豐、聯想等合作。
cn_297	中國	RockAI (矗石科技)	非 Transformer 架構大模型	Yan 模型	非注意力架構的端側模型，可在樹莓派、手機上離線運行	公司實體為上海岩芯數智，2023 年 6 月成立，主打非 Transformer、非 Attention 的自研架構，強調模型能直接跑在 CPU 與端側設備上。商業模式是把模型授權給手機、PC、機器人等硬體廠商，而非經營雲端 API。
cn_298	中國	ROKAE (珞石機器人)	工業與協作機器人	xMate 協作機器人	七軸力控協作機械臂，用於精密裝配、打磨等人機協作產線	2015 年在北京成立，產品分工業機器人與力控協作機器人兩條線，負載從 3 公斤到 220 公斤，主要賣給汽車零部件、3C 電子、新能源與金屬加工廠，近年延伸出人形力控手臂與輪式人形機器人等具身智能硬體。
cn_299	中國	Roobo / Unisound (儒博/雲知聲)	語音 AI 與醫療 AI	山海大模型	面向醫療與客服的大模型，做病歷生成、語音外呼等應用	2012 年成立，2025 年在港交所上市。早期以語音識別起家，目前收入分兩塊：給家電、車載廠商的語音交互模組，以及醫院的病歷質控與智能隨訪系統，後者是近年營收重心。
cn_3	中國	AgiBot Data (智元數據)	智元機器人旗下，做具身智能數據採集與數據集	AgiBot World 數據集	開源真機操作數據集，供訓練機器人抓取與家務等操作策略	智元機器人旗下，採集真實機器人操作數據並構建開源數據集，用於訓練具身智能模型。
cn_30	中國	Beijing ESWIN Computing Technology Co	奕斯偉，半導體與 AI 芯片	RISC-V AI 芯片	EIC7700X 邊緣運算 SoC，RISC-V 核心搭自研 NPU，約 20 TOPS	北京奕斯偉計算，採無晶圓廠模式，自研 32 位與 64 位 RISC-V CPU IP 並做成邊緣計算 SoC 對外銷售，同時牽頭 RISC-V 軟硬體生態合作。母集團奕斯偉另有顯示驅動芯片與矽材料業務。
cn_301	中國	SAIC GM Wuling Automobile Co Ltd	上汽通用五菱	五菱電動車	宏光 MINI EV 等微型純電車，主打低價短途代步	上汽、通用與廣西方面的合資企業，總部在柳州，旗下有五菱與寶駿兩個品牌，累計銷量超過三千萬輛。以低價微型車和商用車起家，宏光 MINI EV 之後加速電動化，輔助駕駛方案向卓馭等外部供應商採購。
cn_302	中國	Sangfor Technology Co Ltd	深信服，網絡安全與雲	安全 GPT	資安大模型，做未知威脅檢測與告警研判，嵌入其安全產品線	深信服科技，2000 年成立於深圳，2018 年上市。收入分網絡安全、雲計算（超融合與桌面雲）與基礎網絡三塊，客戶以政府、教育、醫療和中大型企業為主，銷售高度依賴全國渠道商體系。
cn_304	中國	SenseTime (商湯科技)	計算機視覺與大模型	日日新（SenseNova）大模型；絕影智駕		從人臉識別起家，現在主要收入來自生成式 AI（大模型訓練與推理的算力服務），另有智能汽車業務絕影。
cn_305	中國	SF Technology	順豐科技，物流 AI	智慧物流系統	「豐語」模型用於客服與清關，「豐知」做銷量預測與路線優化	順豐集團的科技子公司，2009 年成立，主要服務集團內部的分揀、路由、運力調度與供應鏈系統，同時把這套能力對外輸出給製造與零售客戶，另設有無人機與物流機器人團隊。
cn_306	中國	Shanghai Aerospace Computer Technology Research	航天科技集團計算機研究所			
cn_307	中國	Shanghai Bilibili Technology Co Ltd	嗶哩嗶哩，視頻社區	Index 大模型	開源的 Index 系列模型，含輕量語言模型與 IndexTTS 語音合成	以二次元內容社群起家的視頻平台，收入來自遊戲、增值服務（大會員與直播打賞）、廣告與電商。自研的 Index 系列模型主要用在站內的內容理解、推薦與創作者工具，並非對外販售模型服務。
cn_308	中國	Shanghai Constr No 4 Group Co Ltd	上海建工四建			
cn_309	中國	Shanghai Electric Group Co Ltd	上海電氣，裝備製造	工業智能裝備		上海市國資控股的裝備製造集團，主業為火電、核電、風電機組與輸配電設備，另有電梯與工業自動化業務。客戶以電力集團和海外電站工程為主，AI 多用於設備運維監測與自家工廠的自動化改造。
cn_31	中國	Beijing Eyecool Technology Co Ltd	眼神科技，多模態生物識別	虹膜、指紋、人臉識別	整合虹膜、指靜脈等多模態的統一身份認證平台，多用於銀行	北京眼神科技，自研指紋、人臉、虹膜與指靜脈算法並做多模態融合，主要把統一身份認證平台賣給銀行、公安與機場等機構，參與數十項國家與行業標準制定，屬典型的政企項目制生意。
cn_310	中國	Shanghai Fourier Intelligence Co Ltd	傅利葉，康復與人形機器人	GR-1/GR-2 人形機器人	全尺寸雙足人形機器人，開放給科研機構做具身智能演算法開發	傅利葉，原本做康復機器人賣給醫院，後延伸到通用人形機器人 GR 系列。
cn_311	中國	Shanghai Icekredit Information Technology	冰鑑科技，金融風控	風控模型	貸前貸中貸後的信用評分模型，供銀行做小微與個人授信審批	上海冰鑑信息科技，2015 年成立，做獨立第三方的信用風險模型，客戶是銀行、消費金融與新金融機構，按模型和決策系統交付收費。除中國外，也在美國、新加坡與東南亞開展業務。
cn_312	中國	Shanghai Intsig Information Co Ltd	合合信息，文字識別	掃描全能王；名片全能王	手機拍照掃描 App，將紙本文件去背矯正並辨識成文字檔	2006 年成立，2021 年科創板上市。C 端靠掃描全能王、名片全能王的訂閱收費，B 端賣 OCR 與文檔識別 SDK，另有啟信寶商業大數據產品，是少數靠消費者付費撐起營收的中國 AI 公司。
cn_319	中國	Shanghai Suiyuan Technology Co Ltd	燧原科技，雲端 AI 訓練與推理芯片	邃思芯片	自研 GCU 架構加速卡，分訓練與推理兩條產品線，用於智算中心	2018 年在上海成立，騰訊是主要投資方。產品線分雲端訓練卡「雲燧 T 系列」與推理卡「雲燧 i 系列」，搭配自研軟件棧，客戶以國內智算中心、運營商與互聯網公司為主。
cn_320	中國	Shanghai Tunnel Eng Co Ltd	上海隧道股份			
cn_321	中國	Shanghai Wuwen Xinqiong Intelligent Technology	無問芯穹，異構算力調度與推理優化	Infini-AI 平台	大模型開發與服務平台，把多家國產與進口晶片算力統一調度	2023 年由清華電子系團隊創立。切入點是讓同一個訓練或推理任務跑在不同品牌的加速卡上，支持昇騰、天數、沐曦、摩爾線程、AMD 與 NVIDIA 混合組網，對外以算力平台、一體機與端側方案售賣。
cn_326	中國	Shannon AI	香儂科技，NLP 與金融 AI	金融信息抽取	從財報、公告、債券募集書批次抽取關鍵數據，供風險監測	由史丹佛博士李紀為創辦，紅杉中國投資，專注中文自然語言處理。產品是面向金融、司法與政務客戶的文檔處理、信息抽取與輿情監控系統，走項目交付與平台授權的 to B 路線。
cn_328	中國	Shenlan Automobile Technology Co Ltd	深藍汽車，長安旗下	深藍 SL03	中型轎車，提供純電與增程兩種動力版本	長安汽車的新能源子品牌，由重慶長安新能源改制而來，2022 年起獨立運營。主打增程與純電並行的中低價位車型，靠長安的產能與經銷體系銷售，智駕部分與華為等外部供應商合作。
cn_33	中國	Beijing Hisign Technology Co Ltd	海鑫科技，公安刑偵生物識別	指紋、人像比對系統	指紋掌紋與人像比對系統，供刑偵查前科與現場痕跡比中	
cn_331	中國	Shenzhen Guochuang Embodied Artificial	國家地方共建具身智能機器人創新中心			
cn_333	中國	Shenzhen LUSTER Technology Co Ltd	凌雲光，機器視覺			凌雲光，2002 年成立，2022 年科創板上市。業務分機器視覺與光纖光學兩塊，賣工業相機、採集卡、3D 與科研相機，也承接整線檢測系統，客戶集中在消費電子、印刷包裝與新型顯示產業。
cn_335	中國	Shenzhen Oritek Semiconductor Co Ltd	芯片設計			
cn_336	中國	Shenzhen Power Supply Co Ltd	深圳供電局（南方電網）			
cn_337	中國	Shenzhen Qianhai Webank Co Ltd	微眾銀行，數字銀行，聯邦學習	FATE 聯邦學習框架	開源聯邦學習框架，讓多方在不交換原始資料下共同訓練模型	2014 年獲批的中國首家民營銀行，騰訊為主要股東，無線下網點，靠微信與手機 QQ 導流做微粒貸等小額信貸。自研並開源聯邦學習框架 FATE，後捐給 Linux 基金會，也對外輸出金融科技方案。
cn_338	中國	Shenzhen Reexen Technology Co Ltd	存算一體芯片			深圳九天睿芯，圍繞 SRAM 存算一體技術做推理芯片，產品從邊緣端的 ADA300 系列延伸到雲端推理板卡與整機，訴求是用高帶寬存儲承載大模型權重與 KV Cache。投資方包括奇績創壇與豪威集團。
cn_341	中國	Shenzhen Topstar Robot (深圳拓斯達)	拓斯達，工業機器人與自動化	多關節機器人	六軸工業機械臂，搭配注塑周邊自動化用於工廠上下料	2007 年成立於東莞，2017 年創業板上市。主業是注塑機、機械手與工業機器人，並承接整廠自動化交付，客戶多為 3C、家電與汽車零部件製造商，累計服務客戶超過一萬五千家。
cn_342	中國	Shenzhen Ugreen Group Ltd	綠聯，消費電子配件	NAS	DXP 系列私有雲儲存主機，二到八槽位，配自研 UGOS Pro 系統	2012 年成立，2024 年創業板上市。主要做充電、線材、擴展塢等消費電子配件，靠亞馬遜、京東、天貓等電商渠道銷售，業務覆蓋一百八十多個國家；近年把 NAS 私有雲當作新的增長線。
cn_343	中國	Shenzhen UnitX Technology Co Ltd	工業 AI 視覺質檢			做工廠在線外觀檢測，賣的是成像硬體、AI 相機加模型訓練部署平台的整套方案，按產線部署收費。客戶集中在汽車一級供應商、電動車與鋰電池廠，也包括 GE、Stanley、Parker Hannifin 等製造企業。
cn_344	中國	Shenzhen Urban Transport Planning Design	深圳交通規劃設計院			原為深圳市屬的城市交通規劃研究機構，現為股份公司。客戶是各地政府與交通主管部門，做交通規劃、仿真建模與智慧交通系統交付，業務覆蓋三十個省市、一百六十多個城市，團隊約兩千人。
cn_345	中國	Shenzhen Xgrids Innovation Technology Co	其域創新，三維空間掃描			2020 年在深圳成立，把多源 SLAM 與 3D 高斯潑濺結合，做手持掃描設備加配套建模軟件，輸出可量測的三維空間數據，客戶集中在測繪、建築、能源與影視行業，屬硬體軟件一起賣的模式。
cn_346	中國	Shenzhen Zhuoyu Technology Co Ltd	卓馭科技，原大疆車載，智駕方案	成行平台	以慣導雙目／三目視覺為主的量產方案，用低算力跑高速與城市領航	前身是大疆車載，2023 年從大疆分拆獨立，2024 年啟用卓馭品牌。策略是用較低算力的平台把高階輔助駕駛做進中低價車型，已公布大眾、比亞迪、五菱、奇瑞、長城、一汽等客戶，量產車型超過二十款。
cn_347	中國	Shukun Technology Co Ltd	數坤科技，醫學影像 AI	數字人體 CT 分析	冠脈 CT 影像自動重建與狹窄判讀，替醫師產出輔助診斷報告	數坤科技，做心腦血管與腫瘤的影像輔助診斷軟件，按醫院部署或使用量收費。已取得十多張三類醫療器械註冊證，並拿到歐盟 MDR 與美國 FDA 認證，產品進入近三千家醫療機構。
cn_348	中國	Sichuan Changhong Electronic Holding Group	長虹，家電與電子			四川綿陽的國有電子集團，前身是軍工廠，主業涵蓋電視、空調、冰箱等家電與電源、物聯網模塊等電子部件，旗下有多家上市公司。AI 主要用在自家電視、家電的語音交互與工廠自動化。
cn_349	中國	SmartMore (思謀科技)	工業 AI 視覺	SMore ViMo	工業視覺平台，讓產線工程師少寫程式就能訓練瑕疵檢測模型	2019 年由港中大教授賈佳亞創立，做工廠視覺檢測與工業智能體，賣邊緣 AI 相機、模型訓練平台與檢測產線方案。累計服務七百多家企業，客戶包括發那科、西門子、博世、比亞迪與京東方。
cn_350	中國	Stardust Intelligent (星塵智能)	AI 家務機器人	Astribot S1	輪式底盤加雙臂的家務機器人，能做收納、整理桌面等操作	2022 年底在深圳成立，創辦團隊來自騰訊 Robotics X。做面向家庭與服務場景的雙臂機器人 Astribot S1，強調軟硬件一體設計與模仿學習的數據採集方式，目前仍以展示和早期客戶合作為主。
cn_351	中國	StepFun	階躍星辰，多模態大模型	Step 系列模型	語言、影像與語音各成系列的基礎模型，對外開放 API 供串接	階躍星辰，研發多模態大模型，主要通過開放平台 API 和與手機、汽車廠商的合作落地。
cn_352	中國	Supcon Technology Co Ltd	中控技術，流程工業自動化	TPT 工業大模型	流程工業時序模型，用產線數據做質量預測、異常預警與操作優化	中控技術，總部在杭州，2020 年科創板上市。主力產品是流程工業的 DCS 控制系統，客戶以石化、化工、油氣、電力與冶金為主，全球客戶逾四萬家，累計部署超過十萬套系統，近年把時序大模型接進控制與運維環節。
cn_356	中國	Syrius Robotics (炬星科技)	倉儲 AMR	揀貨機器人	跟著揀貨員走的倉儲自主移動機器人，代替人力搬運，支援租賃	2018 年成立於深圳，創辦團隊多來自 Google、輝達、亞馬遜。走人機協作路線，機器人跟著揀貨員在貨架間移動接貨，倉庫不必大改。以機器人即服務的租賃方式收費，客戶為第三方物流與電商倉，早期重心放在海外物流中心。
cn_357	中國	TAL Education Group	好未來，教育科技	九章大模型；學習機	專攻數學解題的模型，內建於自家學習平板提供批改與講解	2003 年創立，原是學而思課外輔導龍頭，2021 年雙減政策後補教業務大幅收縮，轉向學習機硬體、素質教育與海外市場。九章大模型主要用於解題與講題，內嵌在自家學習機和教學系統裡，並未對外單獨銷售。
cn_358	中國	TCL	家電與顯示	TCL AI 電視		1981 年創立於廣東惠州，現分為做面板與光伏的 TCL 科技，和做電視、家電、手機的 TCL 實業兩大板塊。面板由旗下華星光電生產，電視出貨量位居全球前列。AI 多用在畫質處理與家電互聯，不是獨立收入來源。
cn_359	中國	Tencent	騰訊，社交與遊戲巨頭，自研混元大模型	混元（Hunyuan）；元寶	自研基礎模型系列；元寶是面向消費者的對話助手 App	收入來自遊戲、社交廣告和金融科技與企業服務；AI 上自研混元模型，嵌入微信、元寶和騰訊雲。
cn_36	中國	Beijing Iluvatar Corex Semiconductor	天數智芯，國產通用 GPU	天垓、智鎧 GPGPU	天垓為訓練用通用 GPU，智鎧為推理卡，供算力中心替代進口方案	2015 年底成立於上海，創辦團隊來自 AMD、輝達、甲骨文等。2021 年推出天垓 100，是中國首款自研架構的雲端訓練 GPGPU。客戶以各地算力中心、電信運營商和科研機構為主，需求很大程度來自國產晶片替代政策。
cn_360	中國	Terminus Group (特斯聯)	智慧城市與 AIoT	城市大模型	面向樓宇、園區等空間的 AIoT 模型與智能體，串接設備做調度	2015 年成立，由光大控股孵化，核心是城市級 AIoT 作業系統 TacOS，承接政府、園區與地產方的智慧化專案，收入以大型專案制為主、回款週期長。近年把多模態模型接進既有系統，並多次遞交港股上市申請。
cn_361	中國	Tiangong AI	崑崙萬維天工 AI	天工 AI 助手；Skywork 模型		崑崙萬維旗下的 AI 助手與智能體品牌，2023 年 11 月成為首批通過備案、向公眾開放的大模型之一。目前定位為生成文檔、簡報、表格與網頁的辦公型智能體，海外以 Skywork 名義營運，並開源部分模型權重。
cn_363	中國	Tianjin Jinhang Computing Technology Research	航天科工計算技術研究所			
cn_364	中國	Tongfang Knowledge Network Digital Publishing	中國知網	知網 AI	華知大模型，做文獻檢索、解析與綜述寫作，答案可溯源原文	同方知網由清華大學旗下同方股份控股，營運中國規模最大的學術文獻庫，收入主要來自高校與研究機構的訂閱授權。2022 年因濫用市場支配地位遭市場監管總局罰款八千多萬元，論文收錄與定價爭議長期受外界批評。
cn_365	中國	Topxgun Nanjing Robotics Co Ltd	拓攻，農業無人機飛控			2015 年成立於南京，以無人機飛行控制系統起家，對外供應飛控模組、機載電腦與整機方案，客戶多是農業植保服務商和其他無人機廠商。產品線已從植保機延伸到垂直起降固定翼、電力巡檢與物流運輸機型。
cn_366	中國	Transwarp	星環科技，大數據與 AI 平台	無涯大模型	面向數據分析的模型，用自然語言生成 SQL 與分析報告	2013 年成立於上海，創辦團隊出自英特爾 Hadoop 部門，賣分散式資料庫、資料平台與 AI 基礎設施軟體，客戶集中在銀行、政府和能源業。2022 年於科創板上市，營收規模不大且持續虧損。
cn_367	中國	Trip.com Group	攜程，在線旅遊	問道旅行大模型	旅行場景的大模型，支撐 App 內行程規劃與問答助手	1999 年成立，中國最大的線上旅遊平台，靠機票與酒店預訂佣金、廣告獲利，旗下有攜程、去哪兒、Skyscanner 和國際站 Trip.com。近年成長主要來自出境遊與海外市場，AI 用在行程規劃與客服。
cn_369	中國	Trunk.Tech (主線科技)	自動駕駛卡車	港口與幹線自動駕駛	無人集卡在港口做貨櫃水平運輸，並試行高速幹線無人化運輸	2017 年成立，與一汽解放、中國重汽、徐工等商用車廠合作推出智慧卡車。港口場景累計交付逾三百台，幹線物流已在京津冀、山東、長三角等地取得商業化運營許可，收入來自車輛與系統銷售及運輸服務。
cn_370	中國	UBTECH Robotics	優必選，人形與教育機器人	Walker S 人形機器人	全尺寸人形機器人，已進入汽車工廠做質檢與搬運實訓	優必選，賣人形機器人（Walker S 進入車廠實訓）、教育機器人和服務機器人，長期虧損但營收增長。
cn_371	中國	UISEE (馭勢科技)	L4 無人駕駛，機場與廠區物流	無人物流車	無人牽引車與物流車，在機場運行李、在廠區做廠內轉運	2016 年成立於北京，避開開放道路，專攻機場停機坪、工廠和物流園區等封閉場景的無人車，以營運服務方式收費。在香港國際機場和烏魯木齊機場有常態化車隊，後者累計真無人里程已破百萬公里，公司已在港交所掛牌。
cn_372	中國	ULS Robotics (傲鯊智能)	工業外骨骼	外骨骼	上肢、腰部與下肢的動力外骨骼，替汽車與航空地勤人員分擔負重	2018 年成立於上海，最早做工業助力外骨骼，賣給汽車製造、物流和電力企業，用來減輕搬運與舉升負擔。近年把產品下探到千元級消費市場，主打登山與行走助力，另外也推出人形複合機器人原型。
cn_374	中國	United Imaging Healthcare	聯影醫療，醫學影像設備	uAI 智能影像平台	影像 AI 平台，內建於自家 CT、MR 設備做病灶偵測與掃描自動化	聯影醫療，賣 CT、MR、PET 等醫學影像設備，AI 用於成像加速和輔助診斷。
cn_375	中國	Unitree Robotics	宇樹科技，四足與人形機器人	Go2、B2 四足；G1、H2 人形		宇樹科技，賣四足機器狗和人形機器人給科研機構、企業和消費者，以低價高性能著稱，是國內出貨量最大的足式機器人公司之一。
cn_376	中國	Verisilicon Microelectronics Shanghai Co	芯原股份，芯片設計服務與 IP	NPU IP	可授權給晶片設計商整合的神經網路處理器 IP 核心	2001 年成立於上海，本身不賣自有品牌晶片，而是靠 IP 授權加上一站式客製設計與量產服務收費。手上有 Vivante GPU、NPU、影像處理與 DSP 等 IP，最高支援 7 奈米製程，2020 年在科創板上市。
cn_377	中國	Vita Dynamics (維塔動力)	具身機器人初創			
cn_378	中國	vivo	智能手機	藍心大模型	自研手機大模型，分端側與雲端版本，驅動系統內建的 AI 助理	出自步步高體系，2009 年創立，靠遍布縣鄉的線下門市通路和主打影像的機型，出貨量長年居中國市場前列。藍心大模型自研後內建在 OriginOS 的語音助理與相簿功能裡，服務自家手機，未對外出售模型。
cn_379	中國	WAYTOUS (慧拓智能)	礦區無人駕駛	礦卡無人駕駛	露天礦運輸卡車的無人駕駛改裝，含遠端接管與雲端調度系統	
cn_38	中國	Beijing Jingwei Hirain Technology Co Ltd	經緯恆潤，汽車電子與智能駕駛	ADAS 控制器；測試系統	車用 ADAS 電子控制單元，以及智駕功能的硬體在環模擬測試台架	2003 年成立於北京，主業是替整車廠與零件廠開發汽車電子控制器，並提供 HIL 台架等測試與模擬服務，研發外包收入佔比不低。業務涵蓋智慧駕駛、底盤、動力與座艙，2022 年於科創板上市。
cn_380	中國	Weilan Robotics (蔚藍智能)	消費級四足機器人	阿爾法機器狗	面向開發者與家庭的四足機器狗，可跑跳、翻身，分 C、E 系列	
cn_381	中國	WeRide	文遠知行，L4 自動駕駛	Robotaxi；Robobus	無人駕駛計程車與接駁小巴，已在多個城市開放載客營運	文遠知行，在中國、中東、歐洲運營 Robotaxi、無人小巴和無人環衛車，收入來自車輛銷售與運營服務。
cn_382	中國	Westwell Lab	西井科技，港口自動駕駛	Q-Truck	無駕駛室的純電無人重卡，載重約 80 噸，用於港口貨櫃水平運輸	2015 年成立於上海，客戶是碼頭與大宗物流營運商，賣無人駕駛電動重卡 Q-Truck 及配套車隊管理系統，並發展數分鐘自動換電補能。海外比重高，在泰國林查班、中東等地有實船作業，近年申請在港上市。
cn_383	中國	Whale Wave Technology Inc	名稱不明確			
cn_384	中國	White Rhino (白犀牛)	無人配送車	城市無人配送	L4 級無人配送小車，跑商超生鮮與快遞最後一哩的即時送貨	2019 年成立於北京，創辦團隊出自百度自動駕駛部門，做城市開放道路上的末端配送無人車。不自營電商，而是把車隊接進順豐同城、商超與生鮮客戶的配送網絡，按車或按單收費，已在三十多個城市投放。
cn_385	中國	Wind Information	萬得，金融數據終端	Wind 終端；Alice 智能助理		萬得，賣金融數據終端訂閱給機構投資者，推出 AI 投研助理。
cn_386	中國	Winning Health Technology Group Co Ltd	衛寧健康，醫療信息化	WiNGPT	醫療垂直大模型，支援院內私有部署，做智能問答與病歷文書生成	1994 年起家的醫療資訊化廠商，主要賣醫院核心資訊系統與區域衛生平台，客戶超過六千家醫療機構，收入以專案實施和後續維護為主。近年推動新一代產品 WiNEX 換代，並把自研的 WiNGPT 接進病歷書寫等場景。
cn_387	中國	WizardQuant	九坤投資，量化私募	量化交易模型		中文名寬德投資，2014 年在珠海成立，現總部設於上海，創辦人多有華爾街量化背景。在期貨、股票與期權市場做自營交易和資產管理，屬中國頭部量化私募之一，並在紐約、北京、深圳、成都等地設有辦公室。
cn_388	中國	Wonders Information Co Ltd	萬達信息，政務醫療信息			1995 年成立於上海，主要承接政務、醫保與公共衛生資訊化專案，上海的醫保和健康雲系統是代表案例。最大股東為中國人壽，收入高度依賴政府採購，回款週期長，過去幾年多次出現虧損。
cn_389	中國	Wondershare Technology Hunan Co Ltd	萬興科技，創意軟件	天幕大模型；Filmora	Filmora 為跨平台影片剪輯軟體，面向個人創作者，內建 AI 輔助剪輯	2003 年在深圳創立，主要賣影音剪輯、繪圖與 PDF 工具給海外個人和小團隊用戶，採訂閱制收費，境外收入佔比長期在八成以上。天幕是自研的音視訊多媒體模型，用來強化 Filmora 等自家產品的功能。
cn_390	中國	Wuhan Kingsoft Office Software Co Ltd	金山辦公	WPS AI	內嵌在 WPS 文書、表格、簡報中的 AI 助手，做起草、摘要與排版	金山軟體分拆出來的辦公軟體公司，2019 年在科創板上市。收入分成個人訂閱、機構授權與廣告三塊，其中政企採購受信創國產替代政策推動而成長。WPS AI 以加值功能的形式接在文檔、表格和簡報裡。
cn_391	中國	Wuhan Landing Intelligence Medical Co	蘭丁智能醫學，病理 AI			2000 年由海歸學者孫小蓉在武漢創辦，核心是人工智慧宮頸癌細胞學篩查機器人與雲端診斷平台，主要承接各地政府的大規模篩查專案。產品取得中國 NMPA、美國 FDA 與歐盟 CE 認證，阿里健康曾參與投資。
cn_392	中國	Wuhu Automobile Prospective Technology	奇瑞前瞻技術研究			
cn_393	中國	Wuhu Xiongshi Automobile Technology Co	奇瑞雄獅智能座艙			
cn_394	中國	Wuxi Xishang Bank Co Ltd	錫商銀行，民營數字銀行			2020 年 4 月開業，是全國第十九家、江蘇第二家民營銀行，註冊資本二十億元，總部設在無錫。沒有實體網點，透過 App 和線上通路獲客，主打物聯網金融，以動產與設備數據替中小微企業做授信。
cn_395	中國	X Square Robot (叉方科技)	自變量機器人，通用具身大模型	WALL-A 模型	視覺-語言-動作架構的具身大模型，直接輸出機器人動作做精細操作	2023 年底在深圳成立，走端到端統一模型路線，不採分層的大腦小腦架構，自研 WALL 系列具身操作模型並同步做整機。成立不到兩年完成五輪融資、累計逾十億元，美團戰投是主要投資方之一。
cn_396	中國	Xiamen Chanjing Technology Co Ltd	蟬鏡，數字人視頻			隸屬電商數據服務商蟬媽媽（蟬大師）體系，做數字人短視頻與直播工具：使用者上傳十幾秒影片即可複刻出虛擬形象，再用文字驅動口播。主要客群是電商帶貨賣家與內容創作者，以 SaaS 訂閱方式收費。
cn_4	中國	AISpeech Co Ltd	對話式語音 AI，面向車載、家居和企業	DUI 平台；DFM 大模型	可自訂語音對話流程的開發平台，搭配自研行業對話大模型 DFM-2	2007 年由俞凱等人在英國劍橋創立，隔年遷回蘇州。收入來自車載語音、智慧家電和政企客服的對話系統方案，DUI 開放平台則讓開發者自行定制語音技能。曾兩度申請科創板上市未果，長期處於虧損狀態。
cn_402	中國	xiaobing.ai	小冰公司（微軟分拆），AI 伴侶與數字人	小冰		2020 年由微軟分拆獨立，接手原微軟小冰團隊與技術，總部在北京，東京設有研發據點。現在對外定位是「數字勞動力」供應商，賣數字員工、虛擬主播和 AI 克隆人給金融、零售等企業，消費端則做 AI 伴侶產品。
cn_403	中國	Xiaoduo Intelligent Technology Shanghai	曉多科技，電商客服 AI			2014 年在成都成立，主力產品是電商智慧客服機器人，可一鍵接入淘寶、京東、抖音、拼多多等平台，向賣家按訂閱收費，累計服務三萬八千多家客戶。投資方包括騰訊與深創投，近年延伸到電信與政務客服。
cn_404	中國	Xiaohongshu	小紅書，生活方式社區	dots 系列開源模型	開源的 MoE 文字大模型，1420 億參數、推論時僅啟用 140 億	2013 年成立於上海，以圖文筆記社區起家，現在是年輕用戶查攻略、看評價的主要入口，收入來自廣告和站內電商佣金。近年才開始對外發布 AI 成果，開源 dots 系列模型，並把 AI 搜索與問答接進社區內容。
cn_405	中國	Xiao-i	小i機器人，對話式 AI	華藏大模型	通用語言大模型，主打可私有化定制與低算力部署，供企業客戶	2001 年在上海成立，最早做即時通訊上的聊天機器人，之後轉向金融、政務與電信的客服對話系統。2023 年 3 月在納斯達克掛牌，代號 AIXI。曾長期以語音互動專利與蘋果就 Siri 纏訟，規模始終不大。
cn_406	中國	Xiaomi Technology	小米，手機與汽車	MiMo 大模型；小米 SU7；Xiaomi HAD		收入來自手機、IoT 家電和互聯網服務，2024 年起賣小米 SU7 等電動車；AI 上自研 MiMo 模型。
cn_407	中國	XPENG	小鵬汽車，智駕與飛行汽車	XNGP；圖靈芯片；IRON 人形機器人		小鵬汽車，賣電動車，自研智駕芯片與算法，另佈局飛行汽車和人形機器人。
cn_408	中國	XtalPi Inc	晶泰科技，AI+機器人藥物與材料研發	藥物發現平台	結合量子物理計算與機器人自動化實驗室的小分子設計與篩選服務	晶泰科技，用 AI 預測加自動化實驗室為藥企做藥物與材料研發外包，按項目和里程碑收費。
cn_409	中國	Xuzhou Xcmg Mining Machinery Co Ltd	徐工礦機，礦用機械	無人駕駛礦卡	純電動無人駕駛礦用自卸車，支援自動換電，已在露天煤礦百台規模投用	
cn_41	中國	Beijing Kunlun Tech Co Ltd	崑崙萬維，互聯網與 AI，自研天工大模型	天工 AI；Skywork 開源模型；Mureka 音樂		2008 年成立、2015 年於深交所上市，早期靠海外遊戲發行與 Opera 瀏覽器廣告賺錢，也曾投資並被迫出售交友軟體 Grindr。近年把資源轉向 AI，同時做 AI 助手、AI 音樂、AI 短劇與社交產品，海外仍是主要收入來源。
cn_410	中國	Yidu Tech	醫渡科技，醫療大數據	YiduCore	處理多來源醫院病歷資料的分析引擎，建疾病知識圖譜供上層應用調用	醫渡科技，為醫院和藥企提供醫療數據治理、臨床研究和保險數據服務。
cn_411	中國	Yisa Technology Co Ltd	視頻結構化			
cn_412	中國	YITUTech	依圖科技，計算機視覺與醫療 AI	醫療影像；視覺芯片	自研雲端視覺推論晶片，搭配分析軟體處理人臉辨識與影片結構化	2012 年成立於上海，曾與商湯、曠視、雲從並稱電腦視覺四小龍，收入主要來自公安與政府的安防專案。2020 年申請科創板上市後撤回，之後大幅收縮，醫療影像等業務被剝離出售，規模較高峰期明顯縮小。
cn_413	中國	Yonyou Network Technology	用友，企業軟件	YonGPT	企業服務大模型，接在財務、人力、供應鏈模組上做預測與單據生成	1988 年成立於北京，是中國規模最大的企業管理軟體商，客戶從央企國企到小微企業都有。正把過去的授權制 ERP 轉為 YonBIP 雲訂閱模式，轉型期間營收成長放緩、連續幾年虧損，全球分支機構逾兩百家。
cn_415	中國	Yrobot (英漢思動力)	外骨骼/具身機器人			
cn_416	中國	Yuanfudao	猿輔導，在線教育	小猿學練機	中小學生用的墨水屏學習平板，封閉系統，主打做題練習與批改	2012 年由李勇創辦，母公司為北京猿力教育科技。2021 年雙減政策後退出 K12 學科培訓，轉向素養課、成人教育與學習硬體，並嘗試羽絨服、餐飲等非教育業務。現收入主要來自學習平板等硬體銷售與非學科課程，曾獲騰訊、高瓴投資。
cn_418	中國	Yunnan Baiyao Group Co Ltd	雲南白藥			源自百年白藥配方的雲南省屬製藥企業，1993 年在深交所上市，2016 年起混改引入新華都等民營股東，形成國資與民企共治。收入分為藥品、健康品、中藥資源與醫藥商業四大板塊，其中雲南白藥牙膏等日化產品是主要利潤來源。
cn_419	中國	Z.ai	智譜 AI 的國際品牌	GLM 系列	開源與商用並行的通用語言模型系列，含對話、程式與視覺版本	智譜的國際品牌，面向海外開發者提供 GLM 模型 API 與編程訂閱。
cn_42	中國	Beijing LinkerBot (北京靈感機器人)	靈心巧手，機器人靈巧手	靈巧手	多自由度五指機械手，指尖帶觸覺感測，裝在機器人手臂末端	2023 年於北京成立，創辦人周永，專做機器人靈巧手本體以及遙操作、數據採集等配套，客戶是人形機器人與具身智能團隊。是少數同時量產腱繩、連桿、直驅三種傳動路線的廠商，投資方包括螞蟻集團與紅杉中國，近期完成 B+ 輪。
cn_420	中國	Zelos Robotics (之了智能)	具身機器人初創			
cn_421	中國	Zero Zero Robotics Inc	零零科技，消費級無人機	HoverAir	掌上自動跟拍無人機，不需遙控器，起飛後自動跟隨人物錄影	2014 年由兩位史丹佛博士創立，總部杭州，早期產品為 Hover Camera 自拍無人機。2022 年起改推 HOVERAir 品牌，主打一百多克的自動跟拍飛行相機，透過海外電商與零售通路賣給運動、旅遊消費者，定位消費電子而非工業無人機。
cn_422	中國	ZeroTech (零智科技)	零度智控，無人機			成立於北京，早期以無人機飛控與雲台起家，2016 年一度是中國航拍無人機市佔第二、僅次於大疆。口袋無人機 Dobby 銷量遠不如預期，行銷與產能投入過大導致資金鏈斷裂，2021 年被北京一中院受理破產重整，已退出主流市場。
cn_423	中國	Zhejiang Dahua Technology Co Ltd	大華股份，視頻監控	星漢大模型	以視覺為核心的多模態大模型，內建於攝影機等裝置做場景解析	2001 年成立於杭州，深交所上市（002236），是全球第二大視頻監控設備商，僅次於海康威視。收入以攝影機、錄影機與行業解決方案為主，客戶涵蓋政府安防、交通與企業。2019 年被美國列入實體清單，海外業務受限，近年轉向智慧物聯。
cn_426	中國	Zhejiang Tonghuashun Intelligent Technology	同花順，金融信息	問財 HithinkGPT	金融對話大模型，支援用白話查詢選股與財報資料，首批通過備案	同花順，賣股票行情軟件與增值服務給散戶，並提供問財 AI 投顧。
cn_427	中國	Zhejiang Uniview Technologies Co Ltd	宇視科技，視頻監控	梧桐大模型	AIoT 行業大模型，下放到攝影機、NVR 等前端裝置上執行辨識	總部杭州，源自華三通信（H3C）的安防業務團隊，是中國視頻監控市場規模僅次於海康威視、大華的第三大廠。主要向安防工程商與海外經銷商銷售網絡攝影機、錄影機與存儲設備，海外市場在營收中的占比在同業中偏高。
cn_428	中國	Zhejiang Youlu Robot Technology Co Ltd	有鹿機器人，清潔機器人			2023 年成立於杭州，創辦人陳俊波來自阿里達摩院機器人實驗室。把自研 LPLM 大模型封裝成通用「大腦」Master 2000，裝上既有清潔、環衛設備改造為自動作業機器，賣給物業與環衛單位，2025 年 3 月宣布拿下約 6 億元訂單。
cn_43	中國	Beijing Luchen Technology Co Ltd	潞晨科技，大模型訓練加速	Colossal-AI	開源分散式訓練框架，以多種平行策略降低大模型訓練的顯存與成本	2021 年由新加坡國立大學尤洋創辦，總部北京。開源的 Colossal-AI 分散式訓練框架是技術招牌，商業化靠潞晨雲出租 GPU 算力，以及為企業提供訓練加速與私有化部署服務，並與華為昇騰合作推出國產算力雲平台。
cn_432	中國	Zhuiyi Technology	追一科技，企業對話 AI	博文大模型	面向客服與行銷場景的企業專用大模型，做對話交互與對話分析	2016 年由前騰訊團隊在深圳創立，以 NLP 為核心並延伸至語音與多模態。主要把智能客服、外呼、質檢等「AI 員工」系統賣給銀行、保險、電信等大型機構，累計服務逾 300 家企業與政府客戶，並在香港、新加坡設點拓展海外市場。
cn_434	中國	Ziyan UAV (紫燕無人機)	無人機			2014 年成立於珠海，專做電動無人直升機平台，自研飛控軟硬體、動力系統與機體結構。產品用於電力巡線、公安、礦山、測繪等作業，亦有軍用型號出口海外。與多旋翼廠商不同，走的是載重與續航較佳的無人直升機路線。
cn_435	中國	Zkteco Co Ltd	熵基科技，生物識別	門禁與考勤	人臉、指紋辨識的門禁機與考勤終端，含後台管理軟體	前身為 1998 年成立的中控智慧，2022 年更名熵基科技，總部東莞。靠指紋、人臉、掌靜脈等生物識別演算法起家，產品涵蓋考勤機、門禁閘機、智能鎖與安檢設備，客戶為企業、園區與酒店，海外通路占相當比重，在多國設有分支機構。
cn_436	中國	Zoomlion Heavy Ind Sci Technology	中聯重科，工程機械	智能工程機械	為起重機、施工升降機加裝的遠端監控與自動作業系統，含故障診斷	1992 年從長沙建設機械研究院改制而來，是業內首家 A+H 兩地上市的工程機械集團，主力產品為起重機械、混凝土機械與高空作業平台，並延伸到農業機械與礦山機械。國內基建需求放緩後大力拓展海外，境外收入占比已接近一半。
cn_437	中國	ZTE Corp	中興通訊，通信設備	星雲大模型	分研發、通信、工業等領域的自研大模型，主攻網路維運與編碼輔助	1985 年成立於深圳，A+H 上市、國資背景。收入主力是賣給電信運營商的基站、傳輸與核心網設備，其次是政企業務與手機終端。2018 年因違反美國出口管制遭禁售一度停擺，繳納罰金後恢復營運，近年把算力伺服器與大模型列為新增長方向。
cn_44	中國	Beijing Lynxi Technologies Co Ltd	靈汐科技，類腦計算芯片	KA200 類腦芯片	類腦推論晶片，單片 25 萬神經元，可混跑脈衝神經網路與深度學習	2018 年由清華大學類腦計算研究中心孵化，團隊源自「天機芯」研究。產品從類腦芯片延伸到計算板卡、邊緣盒子與類腦伺服器，並配套軟體工具鏈，主要賣給智算中心、腦科學研究機構與邊緣計算客戶，市場規模仍小，屬長期技術投入型公司。
cn_46	中國	Beijing NavInfo Co Ltd	四維圖新，高精地圖與智駕	高精地圖；智駕解決方案	車道級精度的導航電子地圖，供自動駕駛定位與路徑規劃使用	2002 年成立、2010 年在深交所上市，早年靠導航電子地圖授權給車廠與互聯網地圖商收取版稅。地圖業務利潤下滑後轉向智駕與智能座艙方案，並透過收購傑發科技切入車規芯片，同時經營位置大數據與高精定位服務，仍處投入期。
cn_48	中國	Beijing Pimchip Technology Co Ltd	存算一體芯片			總部在北京海淀，走 SRAM 存內計算路線，把運算單元放進記憶體以降低數據搬運的功耗。已推出 PIMCHIP-S300、N300 等端側 AI 芯片，主打低功耗的感知與決策場景，目標客戶是穿戴、物聯網與邊緣設備廠商，仍處早期商業化階段。
cn_5	中國	Alibaba Group	電商與雲計算巨頭，自研通義大模型並大規模開源	通義千問（Qwen）系列；阿里雲百鍊		電商（淘寶天貓）、雲計算（阿里雲）和本地生活為三大收入來源；AI 上自研通義千問並大量開源，通過阿里雲賣算力與模型服務變現。
cn_50	中國	Beijing RealAI Technology Co Ltd	瑞萊智慧，清華背景，AI 安全與可信 AI	RealSafe 平台；深度偽造檢測		2018 年 7 月由清華大學人工智能研究院孵化，首席科學家為張鈸院士與朱軍教授，CEO 為田天。主打「第三代 AI」與安全可控方向，把人臉識別攻防、深度偽造檢測、隱私計算與 AI 攻防靶場等產品賣給政務、金融、能源等高安全要求客戶。
cn_51	中國	Beijing Samsung Telecom R&D Center	三星北京通信研究院			
cn_52	中國	Beijing Shengshu Technology Co Ltd	生數科技，清華背景，視頻生成模型	Vidu 視頻生成	由文字或圖片生成數秒影片的模型，支援角色形象跨鏡頭保持一致	2023 年 3 月由清華大學朱軍團隊創立，核心技術是自研的 U-ViT 架構，早於 Sora 提出擴散加 Transformer 的做法。Vidu 以訂閱與 API 兩種方式變現，客戶集中在動畫、廣告、遊戲與影視製作方，已完成數億元 A 輪融資。
cn_55	中國	Beijing SinoVoice Technology Co Ltd	捷通華聲，語音與語言技術	靈雲 AI 平台	整合語音辨識、合成、OCR、人臉辨識等十餘項能力的私有化部署平台	2000 年成立於北京，是中國較早一批語音與文字技術公司，早年做手寫輸入與語音合成。透過靈雲開放平台對外輸出語音識別、合成、機器翻譯、OCR 等能力，並銷售一體機等硬體，客戶以銀行、電信、政府與教育機構為主。
cn_56	中國	Beijing SoundAI Technology Co Ltd	聲智科技，遠場語音交互	聲學前端算法	麥克風陣列上的降噪、回聲消除與喚醒詞偵測演算法，供音箱等裝置	2016 年成立於北京海淀，專攻遠場聲學，核心是麥克風陣列前端演算法與喚醒技術，早年為智能音箱、電視廠商提供聲學模組與整套方案。自有 Azero 系統走端邊雲一體路線，近年把重心移向 AI 耳機等自有消費硬體。
cn_57	中國	Beijing SuperMap Software Co Ltd	超圖軟件，地理信息系統（GIS）	SuperMap GIS	空間資料的儲存、分析與地圖發布軟體，供政府與公用事業建圖台	1997 年由中科院地理科學與資源研究所的技術團隊創辦，在深交所創業板上市，是亞洲規模最大的 GIS 平台軟件商。收入來自向政府部門、自然資源與水利單位、公用事業銷售平台授權與行業解決方案，產品覆蓋雲、邊、端。
cn_58	中國	Beijing Tianrongxin Software Co Ltd	天融信，網絡安全	防火牆；安全大模型	硬體防火牆，以及天問安全大模型，用於安全知識問答與資料分級	1995 年成立，做出中國第一台自主品牌防火牆，2016 年借殼南洋股份在深交所上市。產品線覆蓋邊界安全、數據安全、雲安全與安全服務，客戶以政府、軍工、金融與電信為主，屬典型項目制採購，近年推出安全大模型輔助威脅分析。
cn_59	中國	Beijing Tsing Micro Intelligent Technology Co Ltd	清微智能，可重構計算芯片			2018 年 7 月成立，核心團隊出自清華大學微電子所，是最早把粗粒度可重構架構（CGRA）做到量產出貨的公司。TX5 端側與 TX8 雲側兩大系列已推出十餘款芯片，應用從語音、安防延伸到智算中心與大模型推理，近年啟動科創板上市進程。
cn_6	中國	Aluminum Corp of China Ltd	中鋁集團，鋁業央企，AI 用於冶煉生產優化	冶煉智能控制		中國鋁業是中鋁集團旗下核心上市平台，A+H 兩地掛牌，業務涵蓋鋁土礦、氧化鋁、電解鋁與配套能源。屬重資產強週期行業，利潤隨鋁價與電價波動；AI 主要用於電解槽與冶煉流程的參數優化和能耗控制，屬內部提效而非對外銷售的業務。
cn_61	中國	Beijing Volcano Engine Technology Co Ltd	火山引擎，字節跳動的雲與 AI 服務	豆包大模型 API；火山方舟	火山方舟為模型調用平台，提供豆包等模型的推論、精調與評測	字節跳動的雲業務，對企業賣雲計算、豆包大模型 API 和數據產品，按調用量或資源收費。
cn_62	中國	Beijing Voyager Technology Co Ltd	北科天繪/Voyager，激光雷達相關技術	激光雷達	機載與車載雷射雷達，用於地形測繪、數位城市與電網巡檢	成立於北京，是中國最早投入激光雷達的廠商之一，起家於機載與地面三維測繪掃描儀，客戶多為測繪、電力巡檢與國土單位。後以 CK-128 等車規產品切入車載市場，但在這條賽道面臨禾賽、速騰等規模更大的對手競爭。
cn_64	中國	Beijing Wanji Technology Co Ltd	萬集科技，交通感知與車路協同	激光雷達；ETC 設備	路側雷射車輛偵測器與 ETC 收費設備，另做車載雷射雷達	1994 年成立於北京，2016 年創業板上市。長期主力是高速公路 ETC 與動態稱重設備，2019 年 ETC 全國推廣時營收暴增、之後明顯回落。現以車路協同路側感知、V2X 與激光雷達為新方向，客戶多為交通主管部門，屬政府採購型生意。
cn_66	中國	Beijing Xiaoyu Intelligent Mfg Technology Co Ltd	小雨智造，具身機器人	柔性裝配機器人	具身智能焊接機器人，一套模型適配焊接、打磨等多種工業機型	2023 年 1 月成立於北京，創辦人喬忠良是小米創始團隊成員、曾負責 MIUI 研發。做法是把大模型接到工業機器人上，讓產線設備能以自然語言下達任務，目前落地於柔性裝配等製造場景。投資方包括北京信產基金、滴滴與茅台相關資本。
cn_7	中國	Anhui Efort Robot (安徽埃夫特)	國產工業機器人本體制造商	多關節工業機器人；噴塗機器人	六軸機械臂與噴塗設備，供汽車、家電產線做搬運、焊接與噴漆	2007 年從奇瑞汽車的裝備部門分拆而來，總部蕪湖，2020 年科創板上市。除自產機器人本體外，靠併購義大利 CMA、EVOLUT 等公司補齊噴塗與系統集成能力，收入以汽車、家電產線的整線集成為主，本體業務毛利偏低、長期承壓。
cn_70	中國	Beijing Yunji Technology Co Ltd	雲跡科技，酒店服務機器人			2014 年成立於北京，以酒店配送機器人起家，機器人能自主搭乘電梯把物品送到客房。除銷售機器人外也按配送次數收服務費，並與首旅如家等酒店集團合作，已進入四萬多家酒店，另拓展到醫院、公寓與工廠場景。
cn_72	中國	Beijing Zhipu Huazhang Technology Co Ltd	智譜 AI，清華背景，基礎大模型	GLM 系列；智譜清言；CodeGeeX		智譜，研發 GLM 系列大模型，主要收入來自政企私有化部署項目，其次是 API 與智譜清言 C 端產品。
cn_73	中國	Beijing Zhongguancun Kejin Technology Co	中關村科金，企業對話與金融 AI	得助大模型平台	企業大模型應用平台，整合算力調度與模型訓推，落地客服與行銷	2014 年成立於北京，產品品牌為「得助智能」，海外品牌為 Instadesk。把智能客服、智能外呼、營銷與質檢系統賣給金融、汽車、零售與政務客戶，累計服務逾三千家企業與政府單位，近年轉向垂類大模型與企業級智能體。
cn_74	中國	BGI Shenzhen Co Ltd	華大基因，基因測序與生命科學 AI	基因組學分析		1999 年為參與人類基因組計畫而成立，總部深圳鹽田。集團分拆出華大基因與華大智造兩家上市公司，收入主要來自無創產前檢測、腫瘤與感染檢測等臨床服務。疫情期間核酸檢測的高基數退去後業績回落，近年把 AI 用於基因組數據分析。
cn_75	中國	BionicDL (仿生動力)	仿生動力，具身機器人相關企業			
cn_76	中國	Black Sesame Technologies (黑芝麻智能)	自動駕駛計算芯片	華山、武當系列芯片	華山系列為自動駕駛運算晶片，武當系列為艙駕一體的跨域運算晶片	為車企提供自動駕駛計算芯片和配套軟件，客戶以國內車企為主。
cn_77	中國	Bosch China Robotics (博世中國機器人)	博世在華機器人與自動化業務	工業自動化方案		
cn_78	中國	BYD	比亞迪，新能源汽車與電池巨頭，自研智駕	天神之眼智駕；刀片電池	天神之眼是分三個級別的輔助駕駛系統，已下放到旗下多數量產車型	全球最大新能源車企之一，收入來自整車銷售與動力電池；自研天神之眼智駕並全系標配。
cn_79	中國	ByteDance Seed	字節跳動大模型研究團隊	豆包（Doubao）大模型；Seedream、Seedance		字節跳動的大模型研究團隊，研發豆包系列模型，供抖音等內部產品使用，並通過火山引擎對外售賣 API。
cn_8	中國	Anhui Guoqi Technology Co Ltd	國汽智控，智能網聯汽車	智能駕駛操作系統	智能駕駛車載作業系統，軟硬解耦、適配多款國產晶片，供車廠自建智駕	2020 年 7 月由國汽（北京）智能網聯汽車研究院與亦莊國投等出資成立，帶有國家智能網聯汽車創新中心的行業背景。核心產品是「智能汽車基礎腦 iVBB」，含車用作業系統 ICVOS、域控制器與車雲協同、信息安全組件，客戶為車廠與 Tier 1。
cn_80	中國	CAERI Intelligent Connected Technology	中國汽研旗下，智能網聯汽車測試與研發	智能網聯測試服務	為車企做智能駕駛功能測試評價，並提供測試設備、場景庫與模擬系統	隸屬中國汽車工程研究院（上交所上市、中國通用技術集團旗下）的智能網聯業務板塊。主要做智能駕駛與車聯網的測試評價、標準制定與第三方認證，在重慶建有封閉與半開放測試場，客戶是車廠與零部件供應商，屬按項目收服務費的模式。
cn_81	中國	Camsense (歡創科技)	機器人視覺與激光雷達傳感器	三角測距激光雷達	單目相機加旋轉激光的低成本測距模組，供掃地機器人定位與建圖	2014 年成立於深圳，以單目視覺空間定位演算法與自研定位芯片起家。主力產品是掃地機器人用的三角測距激光雷達，2025 年約占營收三分之二，客戶包括小米、石頭、追覓、美的；另有 VR/AR 追蹤與工業高精度定位產品線，近期啟動 A 股 IPO。
cn_82	中國	CASC Rainbow / CH Series (彩虹無人機)	航天科技集團旗下，軍用及工業無人機	彩虹系列無人機	CH-4、CH-5 等中空長航時察打一體無人機，外銷多國軍方	由航天科技集團旗下中國航天空氣動力技術研究院研發，CH-3、CH-4、CH-5 等中空長航時察打一體無人機為主力型號。以軍貿出口為重心，用戶多在中東、北非與南亞，價格與使用門檻低於美製同類產品；民用端用於測繪與應急，上市平台為航天彩虹。
cn_83	中國	CASIC Intelligent Technology Res Inst Co	航天科工智能研究院			
cn_85	中國	CATL Robotics (寧德時代機器人)	寧德時代內部機器人與智能製造	電池產線機器人	人形機器人進入電池 PACK 產線，負責高壓連接器插接與下線電性測試	寧德時代內部的機器人與智能製造單元，並非獨立對外銷售的公司。主要為自家電池工廠開發產線自動化、物料搬運與視覺檢測設備，支撐極片、電芯等工序的高節拍與低缺陷率生產，是其多座世界經濟論壇「燈塔工廠」的基礎。
cn_86	中國	CCCC (China Communications Construction Co) Ltd	中國交建，基建央企			國務院國資委下屬的基建央企，A+H 兩地上市，位列《財富》世界 500 強前百。主業是港口、公路橋隧、疏浚與城市綜合開發的設計、施工與投資運營，是全球最大的港口設計建造與疏浚企業，海外營收占比高，深度參與一帶一路項目。
cn_88	中國	CCTEG Xian Res Inst Group Co Ltd	中煤科工西安研究院			1956 年成立的煤炭科研機構，現為中國煤炭科工集團旗下的西安研究院。長期做煤田地質、水文地質與地球物理勘探，並自產鑽機、鑽桿等探放水裝備對外銷售。技術重點是瓦斯與水害的探測防治，客戶主要是國有煤礦企業。
cn_89	中國	Changjiang Spatial Information Technology	長江空間信息			長江設計集團的全資子公司，位於武漢，源自長江水利委員會的設計院體系。業務是為水利水電工程提供測繪、遙感、工程智能監測與時空數據服務，典型項目集中在長江流域的大壩、堤防與水庫安全監測，客戶以水利系統單位為主。
cn_90	中國	Changsha Mining Metallurgy Institute	長沙礦冶研究院，礦冶科研機構	智能選礦		隸屬中國五礦集團的礦冶科研院所，總部長沙，設有深海礦產開發、稀土資源等多個國家級研發平台。收入來自選礦與冶金技術服務、自產選礦與礦山裝備，以及錳基材料、電池回收等新材料業務，近年把氧化物固態電解質產業化列為重點。
cn_92	中國	Cheetah Mobile	獵豹移動，從工具軟件轉向服務機器人與 AI	獵戶星空服務機器人	獵戶星空的豹小秘等機型，在商場、銀行做接待、導覽與問答	2014 年在紐交所上市，早年靠獵豹清理大師等工具 App 的海外廣告收入起家，2018 年後因應用下架與廣告政策收緊，工具業務大幅萎縮。現重心轉向子公司獵戶星空的服務機器人，把接待、遞送、餐飲機器人賣給商場、醫院與企業，規模遠小於當年。
cn_95	中國	Chengdu Sobey Digital Technology Co Ltd	索貝，廣電媒體技術			1997年由成都科大時達電子研究所與深圳索貝合併重組而成，客戶以電視台、廣電集團與政務機構為主，賣整套製播與媒資管理系統加後續維運，收入依專案交付。已在新三板掛牌，近年重心移向超高清與雲端製播。
cn_96	中國	Chery New Energy Automobile Co Ltd	奇瑞新能源，整車製造	新能源車型	小螞蟻、QQ冰淇淋等微型純電車，主打低價代步市場	2010年成立於安徽蕪湖，前身是奇瑞汽車內部的新能源項目組。主力是小螞蟻、QQ冰淇淋這類微型純電車，靠低價搶代步市場。曾多次規劃分拆獨立上市未果，近年產品線逐步被併回奇瑞集團的新能源品牌體系。
cn_97	中國	China Academy of Railway Sciences	中國鐵道科學研究院	鐵路智能運維	高速綜合檢測列車與軌道檢測系統，定期巡檢軌道、接觸網並評估狀態	1950年成立，隸屬國鐵集團，是中國鐵路唯一的綜合性科研機構，2017年改制為集團有限公司。除承擔國家級科研課題外，也靠技術服務、檢測認證與成果轉化營收，下設多個專業研究所與控股公司，人員數千人。
cn_98	中國	China Building Materials Academy	中國建材總院			1950年創建，中國建材集團的全資二級企業，1999年由事業單位改制，2004年併入中國建材集團。研究方向涵蓋水泥、玻璃、陶瓷、人工晶體與耐火材料，收入來自技術轉讓、檢測認證與材料產品，並具研究生培養資格。
cn_99	中國	China CITIC Bank	中信銀行			1987年成立，中信集團旗下最大子公司，屬全國性股份制商業銀行，在上海與香港兩地掛牌。業務以對公信貸、零售、信用卡與私人銀行為主，AI 主要用在風控模型、智能客服與信用卡反詐。
us_1	美國	3DiVi Inc	人臉識別			賣的是人臉識別與人體分析的 SDK，授權給銀行、金融科技、門禁與智慧城市的系統商去整合，而非做終端產品，收入來自授權費與客製開發。以自家演算法在美國 NIST 公開評測中的排名作為對外招牌。
us_10	美國	Adobe	創意軟件，自研生成模型	Firefly 生成模型；Photoshop		賣創意軟件訂閱（Photoshop 等），自研 Firefly 生成模型並聲稱訓練數據可商用。
us_100	美國	BostonGene	腫瘤分子分析			收入分三塊：替藥廠做標靶發現、試驗病人分層與生物標記研究；向醫院提供 Tumor Portrait 等腫瘤檢測；自營通過 CLIA 與 CAP 認證的高複雜度實驗室。合作藥廠包括阿斯利康、嬌生與武田。
us_101	美國	Brain Corp	商用自主清潔機器人軟件	BrainOS	裝在商用洗地機上的自駕軟體，讓既有清潔機具自行規劃路線作業	不自己賣機器人，而是把 BrainOS 自主導航軟體授權給商用清潔與搬運設備製造商，由對方掛自家品牌出貨，收軟體授權與機隊管理費。部署場域集中在零售賣場、機場與倉儲，靠後台回傳的運行數據做加值服務。
us_103	美國	Brave	隱私瀏覽器	Leo AI	瀏覽器內建的對話助手，可摘要當前網頁、回答問題	由 Mozilla 共同創辦人 Brendan Eich 於2015年創立，瀏覽器預設封鎖廣告與追蹤程式。收入來自自家廣告網路分潤、Brave Search 的資料與 API 授權，以及 BAT 代幣生態，不靠賣軟體授權。
us_104	美國	Bridgewater Associates	全球最大對沖基金，AI 投研	AIA 實驗室	以機器學習為主做投資決策的部門，已開出約 20 億美元規模的基金	1975年由 Ray Dalio 創立於康乃狄克州，客戶是主權基金、退休金與捐贈基金等機構投資人，收管理費與績效費。以總體經濟框架與公開的原則管理文化著稱，AIA 實驗室負責把語言模型用在投資論點產生與回測。
us_105	美國	Burro	農業協作機器人			產品是全電動自主搬運載具，工人把採收箱或工具放上車後由它自行往返，現場不需鋪設導引設施。最早切入苗圃、葡萄園與莓果田這類人力吃緊的戶外作業，近年把同一套自主平台推向更廣的戶外與廠區搬運場景。
us_106	美國	Cambridge Mobile Telematics	駕駛行為分析			由麻省理工學院研究人員創立，用手機感測器搭配車內標籤蒐集駕駛行為，賣給車險公司做保費定價與事故重建，也服務車隊業者，按用戶數收費。2018年獲軟銀願景基金大額投資，是規模最大的車聯網數據商之一。
us_107	美國	Canary Speech	語音健康檢測			把語音當生理訊號，從數十秒的對話錄音抽取聲學特徵，推估認知、行為與神經狀況的變化。走 API 授權路線，由醫療院所、保險給付方、客服中心與臨床試驗委託方嵌進既有流程，平台符合 HIPAA 規範。
us_11	美國	Advanced Space	航天任務設計	CAPSTONE	微型立方衛星，替 NASA 驗證月球近直線暈軌道與自主導航	科羅拉多州的太空任務軟體與營運公司，收入來自 NASA 與國防部合約，內容是軌道設計、導航與任務規劃。CAPSTONE 由它自行擁有並操作衛星、再把月球軌道數據交付 NASA，屬「任務即服務」模式。
us_111	美國	Capital One	銀行，重投 AI	Eno 助手	帳戶對話助手，推送刷卡異常提醒、查餘額、產生虛擬卡號	美國前幾大信用卡發行商，也做汽車貸款與零售銀行。2015年起把核心系統全面遷上 AWS，是最早完成上雲的大型銀行，後來成立軟體部門把自用的雲端治理工具對外販售。2025年完成對 Discover 的收購。
us_112	美國	Carbon Robotics	激光除草農業機器人	LaserWeeder	曳引機拖行的除草機具，以視覺辨識雜草再用激光燒除，不施除草劑	位於西雅圖，LaserWeeder 掛在曳引機後方，靠視覺分辨作物與雜草後用高功率雷射燒除，賣點是免用除草劑。以整機銷售為主，客戶多是大型蔬菜與特用作物農場，近年另推曳引機自駕套件擴大單一客戶採購額。
us_113	美國	Carnegie Robotics	機器人傳感器			2010年由卡內基美隆大學國家機器人工程中心的團隊分拆成立，位於匹茲堡。主要產品是立體視覺相機、光達與導航模組，客戶是機器人整機廠、國防單位與農業設備商，也承接代工組裝與系統整合的委託。
us_114	美國	Cartesia	狀態空間模型（SSM）語音生成	Sonic 語音模型	低延遲語音合成模型，供即時語音對話應用產生人聲	2023年由提出狀態空間模型的研究者創立，主打低延遲的即時串流語音合成 API，按用量計費，客戶多是語音代理與互動應用開發商。SSM 架構在長序列推理上的延遲與成本低於 Transformer，是它的技術賣點。
us_115	美國	Cartken	配送與工業自主機器人			由前 Google 機器人團隊工程師創立，最早做人行道外送機器人，曾與日本商社合作在當地落地。近年主力轉向工廠、實驗室與倉儲的室內物料搬運，把同一套視覺導航平台賣給製造業客戶，避開外送的單位經濟難題。
us_116	美國	Cartwheel	3D 動畫生成			用文字描述或參考影片生成 3D 角色動作，輸出標準動作檔案接回既有製作流程，省去動作捕捉的成本。走訂閱制，目標客戶是獨立遊戲團隊、動畫工作室與廣告、社群影片的製作者，而非大型電影特效公司。
us_120	美國	Cerebras	晶圓級 AI 芯片	WSE-3；推理雲	整片晶圓做成的單顆大晶片，另搭配自家推理雲對外賣算力	賣晶圓級 AI 芯片和系統，並提供高速推理雲服務。
us_122	美國	Cerence AI	車載語音助手	CaLLM	車用大語言模型，支援車內對話問答與車控，另有可離線的車機端小模型	2019年從 Nuance 分拆獨立上市，是車載語音介面的系統供應商。收入分成前期開發授權與按出貨車輛數收的權利金，近年推車用語言模型 CaLLM，同時面臨車廠自研與科技巨頭切入的雙重壓力。
us_124	美國	CFD Research Corp	國防仿真研究			阿拉巴馬州杭茨維爾的合約研究公司，1987年成立，收入主要來自美國國防部與 NASA 的小企業創新研究合約。內容涵蓋流體、燃燒、生醫與材料的建模模擬，再把部分研究成果商品化或技術授權給業界。
us_127	美國	Chan Zuckerberg Initiative	扎克伯格夫婦的慈善機構，做生物 AI	虛擬細胞模型	用大量單細胞資料訓練的模型，在電腦裡模擬細胞對擾動的反應	祖克柏夫婦2015年成立，法律形式是有限責任公司而非傳統基金會，可同時做捐贈、投資與政策倡議。科學部門自建 GPU 叢集訓練虛擬細胞模型並開源釋出，2024年起收縮教育與社會議題投入，資源集中到生物醫學。
us_128	美國	Charles River Analytics	國防 AI 研究			麻州劍橋的員工持股研究公司，1983年成立，收入幾乎全來自國防部、情報單位與 NASA 的研發合約，內容是人機協作、感測融合與決策輔助系統的原型開發，再把部分軟體產品化。與同名的實驗動物公司無關。
us_129	美國	Chegg Inc	學習平台			從線上租教科書起家，轉型為訂閱制的作業解答與課程輔助平台，收入主要是學生月費。ChatGPT 普及後訂閱數與股價連年下滑，公司多次裁員並自推 AI 學習工具，2025年另對 Google 的 AI 摘要提起訴訟。
us_13	美國	Aeolus Robotics Inc	養老與家用服務機器人	Aeo 機器人	雙臂輪式機器人，在長照機構做遞送、巡邏與紫外線消毒，能按電梯開門	總部設於台北，主要在日本與歐洲的長照機構、醫院部署 aeo 機器人，用來做夜間巡房、紫外線消毒與物品遞送。與多數只會移動的服務機器人不同，它配有可抓取物件的機械手臂，因此單價與維護成本也較高。
us_130	美國	Chewy	寵物電商			美國最大的寵物用品電商，2017年被 PetSmart 收購，2019年分拆上市。營收絕大部分來自自動訂購的回購訂單，另經營線上獸醫問診與寵物保險。AI 用在需求預測、倉儲調度與客服，屬零售業的應用型使用者。
us_131	美國	Cisco	網絡設備巨頭	Foundation-sec 安全模型		網路交換器、路由器與資安設備的主要供應商，收入正從一次性硬體銷售轉向訂閱與軟體服務。2023年以約280億美元收購 Splunk 補強資安與可觀測性，並把資料中心網路設備賣給大型 AI 叢集建置方。
us_133	美國	Clarifai	計算機視覺與 AI 平台	Clarifai 平台	模型開發與部署平台，可把模型調度到自有機房或各家雲的 GPU 上執行	2013年由 Matthew Zeiler 創立，他的模型曾在 ImageNet 影像辨識競賽奪冠。起初賣影像辨識 API，後轉為企業與政府的模型編排平台，並長期承接國防部影像分析合約，也因此在內部引發過爭議。
us_135	美國	Clone Robotics	仿生肌肉人形機器人	Clone Alpha	以人造肌肉與液壓驅動的人形機器人，模擬人體骨骼與肌腱結構	波蘭與美國兩地的小型團隊，用液壓驅動的人造肌肉取代電動馬達關節，做出仿人體骨骼與肌腱結構的機器人。目前仍停留在原型階段，靠展示影片與預購名單吸引創投注資，尚未量產，路線與主流電驅人形機器人相反。
us_137	美國	Cobalt Speech & Language	定製語音技術			不做通用語音助理，而是替客戶訓練特定領域的語音辨識與語音介面，並且可部署在客戶自有機房或裝置上而非公有雲，適合醫療、國防與工業這類錄音不能外傳的場景。收入來自客製開發與技術授權。
us_138	美國	Coco Robotics	配送機器人			洛杉磯的人行道外送機器人公司，機器人由遠端人類操作員監看並隨時接管，而非全自動，因此部署速度快但人力成本壓在營運端。與外送平台合作按單計費，2025年宣布與 OpenAI 合作，提供街景與操作資料供訓練。
us_139	美國	Cognex Corp	機器視覺	In-Sight 視覺系統	產線上的智慧相機，自行判讀瑕疵、量測尺寸與讀取條碼	1981年成立於麻州，機器視覺系統與工業讀碼器的老牌供應商，客戶集中在電子製造、汽車與物流業，營收隨這些產業的資本支出循環大幅波動。近年把深度學習工具整合進產品，讓產線人員不必寫程式就能訓練檢測模型。
us_14	美國	Aescape	AI 機器人按摩	Aescape 按摩機器人	裝雙機械臂的按摩床，先掃描身形再依指定部位施力	紐約公司，用機械手臂搭配3D掃描建立使用者的身體模型，再依預設力道與路徑施作按摩。走場地合作路線，設備裝在健身房、飯店與復健診所，由場地方向終端客人收單次費用，公司則收設備費與軟體訂閱費。
us_140	美國	Cognichip	AI 芯片設計			2025年才從隱密開發狀態公開的新創，創辦團隊來自半導體產業。主張用生成模型壓縮晶片設計流程、降低專用晶片的開發門檻與時間。目前尚未有公開發售的產品，仍靠創投資金推進，屬於早期階段公司。
us_141	美國	Cognizant Technology Solutions	IT 服務	企業 AI 服務		1994年從 Dun & Bradstreet 分拆獨立，總部在紐澤西但多數員工在印度，靠替金融、醫療與製造業客戶做系統開發與維運的人月合約營收。AI 對它是雙面刃：既是新服務品項，也侵蝕以人頭計價的傳統模式。
us_142	美國	ColdQuanta	量子計算（Infleqtion）			源自科羅拉多大學的冷原子技術，2022年由 ColdQuanta 改名 Infleqtion。用雷射冷卻的中性原子做量子運算，也把同套技術做成原子鐘與慣性導航感測器賣給國防與航太客戶，後者是較穩定的收入來源。
us_143	美國	comma.ai	開源駕駛輔助	openpilot；comma 3X		George Hotz 於2015年創立，賣 comma 3X 硬體，裝到既有車款上即可執行開源的 openpilot 駕駛輔助。靠硬體銷售獲利，軟體開源供社群移植車型，公司刻意維持極小規模，不走車廠前裝路線。
us_147	美國	Contextual AI	企業 RAG			由 RAG 論文的作者之一 Douwe Kiela 在2023年創立，替金融、能源等受監管產業建企業內部問答系統，強調每個答案都要能追溯回原始文件。走企業合約制，不做面向大眾的通用聊天機器人。
us_149	美國	Core4ce	國防 IT			維吉尼亞州的國防資訊服務商，由數家小型承包商合併重組而成，替國防與情報單位做資料工程、網路安全與系統整合，收入幾乎全部來自政府合約。屬於人力密集的服務型公司，沒有自有產品可賣。
us_15	美國	AEye	車載激光雷達	4Sight 激光雷達	可用軟體調整掃描方式的車用激光雷達，能對重點區域加密取樣	2021年透過 SPAC 借殼上市後股價大跌，一度逼近下市門檻。它不自建產線，而是把光達設計授權給代工方生產，自己收授權費與工程服務費。近年客戶重心從車廠前裝轉向智慧交通與路側監測這類政府標案。
us_151	美國	Corteva Agriscience	農業種子與作物保護	育種 AI	先在電腦裡模擬雜交組合再下田試種，縮短玉米等作物的品種選育	2019年由陶氏杜邦的農業部門分拆獨立上市，約一半收入來自種子業務（先鋒 Pioneer 品牌），另一半來自除草劑與殺蟲劑。AI 主要用在育種的表現型預測與田間試驗數據分析，目的是縮短新品種的選育週期。
us_152	美國	Covariant	機器人基礎模型	RFM-1	以文字、影像與機器人操作資料訓練的模型，供揀貨機械臂理解與預測動作	2017年由柏克萊教授 Pieter Abbeel 與學生創立，做倉儲揀貨機器人的通用抓取模型。2024年8月亞馬遜以技術授權加挖角的方式吸收了創辦人與約四分之一員工，公司自此實質停止獨立運作，官網僅剩標誌頁。
us_154	美國	CQG Inc	期貨交易平台			1980年成立於科羅拉多州，做期貨與選擇權的行情、圖表分析與下單系統，客戶是自營交易商、經紀商與交易所會員，按終端席位收月費。自建的全球低延遲行情網路與各交易所直連，是它長年的競爭基礎。
us_155	美國	Cruise	通用汽車旗下 Robotaxi			2016年被通用汽車收購，在舊金山營運無人計程車。2023年10月一起拖行行人的事故後遭加州吊銷執照，2024年12月通用宣布停止投入 Robotaxi，團隊併入駕駛輔助部門，品牌終止，官網已導向 GM。
us_156	美國	Curai Health	AI 初級診療			提供虛擬初級診療，病人透過 App 以文字與醫師溝通，AI 在後台先做病史蒐集與鑑別診斷建議，再交由醫師確認。收入來自保險給付方與雇主的人頭月費而非單次診療費，因此有動機把成本壓在自動化環節。
us_158	美國	Cursor	Anysphere 的 AI 編程編輯器	Cursor；Composer 模型		Anysphere 公司的 AI 編程編輯器，按訂閱收費，是增長最快的開發者工具之一。
us_159	美國	Cybral	網絡安全			
us_16	美國	Affectiva	情感識別 AI，MIT 媒體實驗室孵化	車內情緒監測	用車內攝影機判讀駕駛的疲勞、分心與乘客狀態	2009年從 MIT 媒體實驗室分拆，最早做廣告測試用的臉部表情分析，替品牌量測觀眾反應。2021年被瑞典的 Smart Eye 收購，現作為其品牌之一運作，主力轉向車內駕駛與乘客狀態監測，對應歐盟新車安全法規。
us_160	美國	Cycorp Inc	常識知識庫與符號推理	Cyc	累積數十年人工編寫的常識知識庫，搭配邏輯推理引擎作答	源自1984年 Douglas Lenat 啟動的 Cyc 計畫，是 AI 史上延續最久的單一專案，數十年手工編寫數千萬條常識規則與邏輯斷言。走符號推理路線，與主流統計學習方向相反，Lenat 已於2023年過世。
us_161	美國	Cyngn	工業自動駕駛車輛			前身是做 Android 客製系統的 Cyanogen，2016年轉型自駕後改名，2021年在納斯達克上市。DriveMod 是把既有工業拖車、堆高機改裝成自駕的軟硬體套件，走訂閱制部署在廠內，營收規模仍小。
us_164	美國	Databricks	數據與 AI 平台	Mosaic AI；DBRX	在資料平台上建置與部署模型的工具組，DBRX 為自家開源混合專家模型	賣數據湖倉平台訂閱，幫企業管理數據並訓練、部署 AI 模型。
us_165	美國	Datadog	雲監控	Bits AI；Toto 時序模型		2010年創立於紐約，2019年上市，賣雲端基礎設施與應用監控，按主機數與資料量計費，用得越多帳單越高，既是成長模式也是客戶抱怨來源。近年推事故排查助理 Bits AI，並開源時序預測模型 Toto。
us_166	美國	Dataminr	實時事件風險情報	Dataminr Pulse	監看社群與公開資料流，對突發事件與風險即時發出警報	2009年成立於紐約，從社群貼文、感測器與影音等上百萬個公開資料源即時偵測事件，以年費訂閱賣給企業風險管理部門、新聞媒體與政府單位。逾百個美國聯邦機構採用，最近一輪估值約四十一億美元，員工約八百人。
us_168	美國	Dedrone	反無人機			2014年創立於德國、後將總部遷至維吉尼亞州，靠射頻感測與雷達偵測並定位周邊無人機，客戶多為機場、監獄與大型場館。2024年被泰瑟槍製造商 Axon 併購，現併入其公共安全產品線，仍以 Dedrone 名稱營運。
us_17	美國	AGCO Corp	農業機械，精準農業 AI	Fendt 等拖拉機；PTx 精準農業		1990年成立、總部在喬治亞州的農機集團，旗下有 Fendt、Massey Ferguson、Valtra 等品牌。2023年買下 Trimble 農業部門多數股權，與 Precision Planting 合併為 PTx，主打可加裝在他牌農機上的改裝套件。
us_170	美國	Deep Instinct	深度學習防病毒			2015年由以色列團隊創立、總部設於紐約，以深度學習模型在檔案執行前判定是否為惡意程式，強調不依賴特徵碼更新與雲端查詢。採企業訂閱制，保護範圍涵蓋端點、雲端儲存與網路附加儲存，累計募資逾三億美元。
us_171	美國	Deep Origin	計算生物學			2022年成立於南舊金山，由 Oculus 共同創辦人 Michael Antonov 以自有基金出資並擔任執行長。以分子動力學模擬結合機器學習預測分子性質，同時對外開放雲端運算與資料管理工具，供生技團隊按用量付費使用。
us_172	美國	Deepcell	AI 單細胞形態學	REM-I	桌上型儀器，高速拍攝單細胞影像並依形態分選，不需螢光標記	2017年成立於加州門洛帕克，靠儀器銷售、耗材與軟體訂閱收費，客戶以學術實驗室與藥廠研究部門為主。另推出寄件代檢服務 Deepcell Express，讓未採購儀器的實驗室也能做細胞形態分析，並設有學術優惠方案。
us_174	美國	Deepgram	語音識別 API	Nova 模型	語音轉文字模型，供通話與會議做即時及批次轉錄	2015年成立於舊金山，創辦人原為粒子物理研究者，自行從頭訓練語音模型而非套用開源方案。按音訊時數或 API 呼叫量計費，客戶多為客服中心、會議記錄與語音代理開發商，近年並延伸到語音合成與即時對話。
us_175	美國	DeepHealth	RadNet 旗下影像 AI			前身是麻省理工衍生的乳房攝影判讀新創，2020年被全美最大門診影像連鎖 RadNet 收購，現為其數位健康部門的統一品牌，整併多家收購來的影像資訊團隊。產品既供自家上百家診所使用，也對外賣給其他醫院。
us_176	美國	DeepScribe	病歷記錄 AI			2017年成立於舊金山，按每位醫師每月訂閱收費，錄下看診對話後自動生成符合各專科格式的病歷並寫回電子病歷系統。相較同業，它主打腫瘤、泌尿、骨科等次專科的內容模板，宣稱已導入一千五百多家醫療機構。
us_177	美國	DeepSig Inc	AI 無線信號處理			2016年由無線深度學習研究者創立，總部在維吉尼亞州阿靈頓。以純軟體形式提供可直接替換基站既有基頻模組的神經網路，向電信設備商收授權費；另一條線是頻譜偵測產品與國防研究合約，客戶包含美軍單位。
us_178	美國	DeepTempo	網絡安全			2024年底才公開亮相的小型新創，以資料倉儲原生應用形式上架 Snowflake 與微軟市集，客戶的日誌不必搬出自家環境即可執行異常偵測，按用量計費。模型以大量日誌預訓練，輸出會對應到 MITRE ATT&CK 攻擊手法。
us_18	美國	Agility Robotics	雙足人形物流機器人	Digit	雙足人形機器人，主打倉儲搬箱，已在物流場域試點	賣雙足人形機器人 Digit 給物流倉庫，以機器人即服務方式按月收費。
us_181	美國	Dexai Robotics	廚房機器人	Alfred	機械手臂持一般廚房杓具舀取配料，組裝沙拉、餐碗等速食餐點	2018年自波士頓 Draper 實驗室分拆，機器手臂直接使用餐廳現有的餐具與容器，不必改動廚房動線或食譜，洽談對象多為連鎖速食與團膳業者。2020年募得約五百五十萬美元種子輪後，近年公開動態稀少，官網僅剩聯絡頁。
us_182	美國	Dexterity Inc	物流機器人	Mech 雙臂機器人	移動底盤上的雙臂機器人，在物流場站把箱子堆進貨車車廂	2017年成立於加州紅木城，機器人以服務方式部署到倉庫與物流場站，處理裝卸貨櫃、堆疊棧板等重複性工作，客戶包括 FedEx、UPS 與 GXO。最近一輪募得九千五百萬美元，估值約十六億五千萬美元。
us_183	美國	Diagnocat	牙科影像 AI			2017年成立、登記於舊金山，團隊多來自俄語區。以雲端訂閱賣給牙醫診所，上傳2D X光或3D錐狀束斷層後自動標註病灶、產生報告並可分割3D模型，能辨識六十餘種狀況，已取得FDA許可並在五十多國營運。
us_184	美國	Dialpad	AI 通話平台			2011年由 Google Voice 原班人馬創立，總部在舊金山，把通話、訊息、會議與客服中心整合成一套雲端服務，按座席數訂閱收費。自設語音研究團隊，將即時轉錄、通話摘要與業務教練功能內建於平台而非外掛。
us_185	美國	Diffbot	網頁知識圖譜			2008年由 Mike Tung 創立於加州門洛帕克，長期維持小團隊、未大量募資。自行爬取公開網路並用機器視覺解析網頁版面，累積成含逾二十億實體的知識圖譜，以 API 呼叫量計費賣給市場情報、招聘與搜尋應用業者。
us_186	美國	Digital Diagnostics	自主 AI 診斷	LumineticsCore	判讀眼底影像直接給出糖尿病視網膜病變診斷，不需眼科醫師覆核	前身是愛荷華大學衍生的 IDx，2018年取得全球第一張不需醫師判讀即可下診斷的 FDA 許可。設備部署在基層診所與藥局，由一般人員拍攝眼底照後當場判讀，陽性再轉診眼科，靠設備與每次檢查費用收費。
us_187	美國	Digital Global Systems Inc	頻譜分析			總部位於維吉尼亞州泰森斯，已取得兩百三十餘項美國與國際專利，連同申請中案件逾七百項，是頻譜管理領域重要的專利持有者。產品為固定式與可攜式射頻監測設備，客戶涵蓋國防、公共安全、智慧城市與企業專網。
us_188	美國	Diligent Robotics	醫院服務機器人	Moxi	醫院送物機器人，帶機械臂替護理師取送藥品、檢體與耗材	2017年由德州大學奧斯汀分校教授 Andrea Thomaz 與 Vivian Chu 創立，機器人按月租給醫院而非一次買斷，負責送藥品、檢體與耗材等非照護工作以減輕護理人力負擔。目前部署於二十多家美國醫院，並已推出第二代機型。
us_189	美國	DOCOMO Innovations Inc	NTT Docomo 美國			2011年由 NTT Docomo 在矽谷設立，前身是該公司的美國研究實驗室，現址於森尼韋爾。不獨立經營營收業務，主要做技術偵查、與新創合作及產品規劃，一面協助外部新創進入日本市場，一面把技術引回母公司。
us_190	美國	Dolby Lab Licensing Corp	音頻技術			杜比實驗室旗下專責持有與授權智慧財產的法人，本身不銷售產品。收入來自向電視、手機、車廠與串流平台收取的權利金，涵蓋 Dolby Digital、Atmos 與 Vision 等規格；母公司1965年創立於舊金山，在紐約證交所掛牌。
us_191	美國	Doma	產權保險 AI			原名 States Title，2021年透過 SPAC 上市後股價大幅下跌，2023年由 Title Resources Group 私有化下市。現聚焦把即時核保技術授權給其他產權保險公司與房貸機構，而非自行經營通路，總部設於舊金山。
us_192	美國	Dorabot	藍胖子，物流機器人			2014年由前 UPS 主管與機器人研究者共同創立於深圳，在廣州、香港、布里斯本與亞特蘭大設研發點，曾獲 FedEx 採用其分揀機器人。客戶為快遞與電商倉儲業者，近年公開消息稀少，原網域已無法正常連線。
us_194	美國	Dreamfold	生成式 AI 初創			2021年從蒙特婁 Mila 實驗室分出，執行長為 Maksym Korablyov，Yoshua Bengio 擔任顧問，現已把據點移到加州帕羅奧圖的史丹佛研究園區。用生成模型設計蛋白質並自建濕實驗室驗證，主攻癌症與免疫疾病標的。
us_196	美國	DRW	自營交易公司			1992年由前芝加哥商品交易所選擇權交易員 Don Wilson 創立，僅以自有資金在固定收益、能源、農產品與數位資產做市與套利，不管理外部客戶資金。曾併購 Chopper Trading 與 RGM Advisors，在歐洲、亞洲與中東設點。
us_198	美國	Dyno Therapeutics	AI 設計基因治療載體	CapsidMap	以機器學習設計 AAV 病毒衣殼，改善基因治療載體的器官靶向	2018年由基因治療與機器學習學者共同創立於麻州劍橋，商業模式不是自行開發藥物，而是把設計出的載體授權給藥廠並收取里程金與權利金。合作對象包括諾華、羅氏、Sarepta 與安斯泰來，涵蓋眼科、肌肉與中樞神經疾病。
us_199	美國	Eagleview	航拍影像分析			總部在紐約羅徹斯特，自營飛機隊拍攝斜角航照，影像庫覆蓋約九成四美國人口。主要賣屋頂測量與災損評估報告給保險理賠、屋頂承包商、太陽能安裝商與地方政府，按報告件數或訂閱計費，持有三百多項專利。
us_202	美國	Ekso Bionics	外骨骼			2005年成立於加州，最早做軍用負重外骨骼，後轉向醫療復健。產品分兩條線：賣給復健醫院的下肢步態訓練機，以及賣給工廠與營造業工人的上肢支撐背心。公司在那斯達克掛牌，營收規模不大，長期處於虧損。
us_203	美國	Elbit Systems of America	以色列埃爾比特美國分部			以色列 Elbit Systems 的美國營運部門，總部在德州沃斯堡，年營收約十七億美元、員工逾三千人，在八個州有十六處生產基地。近期改以 Twenty-Six Defense 品牌經營、官網也隨之更換，強調在美製造與自主供應鏈。
us_204	美國	Elemental Cognition	神經符號推理 AI	Cogent	宣告式語言，把自然語言問題轉成可形式推理的描述交給求解引擎	由 IBM Watson 主要設計者 David Ferrucci 於2018年創立，把語言模型接上形式化的邏輯推理引擎，用於排程、組態與規則判讀等不容出錯的任務。以企業授權方式銷售，早期應用之一是替航空公司處理複雜的改票查詢。
us_206	美國	Elicit	AI 科研文獻助手	Elicit	檢索並篩選論文，把方法與結果抽成表格，協助做系統性回顧	2023年自非營利研究機構 Ought 分拆成立的公益公司，索引逾一億篇學術論文，自動篩選、摘要並把各篇結果整理成可比對的表格，主要用於系統性文獻回顧。採個人與團隊訂閱制，使用者包含大型藥廠的研究部門。
us_207	美國	Ellipsis Health	語音心理健康評估			原以語音聲學特徵評估憂鬱與焦慮起家，現主力產品 Sage 是語音照護助理，負責計畫招募、福利確認、臨床問卷與追蹤來電。客戶為保險方與醫療體系，包括 CVS Health、Optum 與 Duke Health，按服務量計費。
us_208	美國	ELSA Corp	英語發音 AI			2015年由越南裔創辦人 Vu Van 成立於舊金山，App 比對使用者發音與母語者的差異並指出錯在哪個音。主要市場在越南、日本、印度等非英語系國家，個人訂閱之外另有企業培訓與學校版本，累計下載逾九千萬次。
us_209	美國	Elucidata	生物數據平台	Polly	把公開與自有的多體學資料清洗成統一格式，供藥物研發團隊直接分析	2015年由印度團隊創立，在舊金山、波士頓、新德里與班加羅爾設點。替藥廠把分散的多體學與實驗資料清理成可分析格式，再提供生物資訊分析與平台建置，屬專案加訂閱的混合收費，合作生技藥廠逾九十家。
us_210	美國	Embodied	陪伴機器人	Moxie	給兒童的桌上陪伴機器人，以對話進行社交與情緒學習練習	2016年由 iRobot 前技術長 Paolo Pirjanian 創立，機器人售價約八百美元並搭配月費訂閱，主打陪伴自閉症與社交焦慮兒童練習對話。2024年底因募資失敗宣布停止營運，雲端服務一度中斷，後由外部買家接手維護。
us_211	美國	EMOTIV	腦電設備			2011年由澳洲創業者 Tan Le 共同創立，總部設於舊金山。以相對低價的乾電極耳機把腦電圖帶出實驗室，從五通道到三十二通道分級銷售，並開放 Cortex API 供第三方串接。客戶涵蓋學術研究、神經行銷與腦機介面開發者。
us_212	美國	EnsoData	睡眠診斷 AI			2015年自威斯康辛大學麥迪遜分校衍生，總部設於麥迪遜。已取得四項 FDA 許可，產品從自動判讀睡眠多項生理檢查，延伸到多夜家用睡眠檢測與後續治療追蹤，賣給睡眠中心與醫院，宣稱有五百多家診所採用。
us_214	美國	Entrust	身份認證與安全			前身為 Entrust Datacard，總部在明尼蘇達州，2020年被私募基金 Thoma Bravo 收購。業務橫跨發卡機具與金融卡個人化、公鑰基礎建設與憑證簽發、身分驗證與防偽。2024年因信任問題，主要瀏覽器停止採信其新簽發的網站憑證。
us_215	美國	Enveda	天然產物 AI 藥物發現			2019年成立於科羅拉多州波德市，另在印度海德拉巴設實驗室。從各地採集植物樣本，用質譜搭配機器學習解讀其中結構未知的代謝物，從中挑出候選藥物並自行推進臨床，而非只賣平台，已募得數億美元創投資金。
us_216	美國	Epsilon Systems Solutions Inc	國防工程服務			1998年成立於聖地牙哥，為百分之百員工持股公司。主要承接美國海軍艦艇與潛艦的維修延壽工程，同時提供C5ISR、訓練與環境合規等技術服務，透過 SeaPort-NxG、GSA OASIS+ 等聯邦契約載具接案，並在多個海軍母港附近設廠。
us_217	美國	Equilibrium Energy	儲能與電力交易			2021年成立於麻州，一方面開發與運營電池儲能案場並參與電力批發市場，一方面把內部使用的分析工具產品化為 Mission Control 平台，整合節點價格、輸電壅塞與預測供交易員使用，目前以德州 ERCOT 等美國市場為主。
us_218	美國	Eudia	法律 AI			2024年成立於矽谷，訴求是把企業內部的法務規範與判斷邏輯編碼成可重複使用的代理，涵蓋合約審閱、合規、訴訟與併購查核，並接上既有企業系統。客戶為大型企業的法務與採購部門，已公開的使用者包括嘉吉。
us_22	美國	Aigen	太陽能除草機器人			2020年由前特斯拉與微軟工程師創立於西雅圖地區，機器人靠太陽能自主供電，在田間以機械方式除草以取代除草劑，主要客戶是大型蔬菜與棉花農場。近年把累積的田間資料延伸成戶外機器人的通用世界模型平台。
us_220	美國	EvenUp	人身傷害法律 AI			2019年成立於舊金山，替人身傷害律師事務所整理醫療紀錄、估算損害金額並自動生成求償信，按案件或訂閱收費。累積的理賠案例資料是其主要門檻，客戶逾兩千家事務所，最新一輪募得一億五千萬美元，估值逾二十億美元。
us_221	美國	EvolutionaryScale	蛋白質語言模型	ESM3	生成式蛋白質模型，同時處理序列、結構與功能，可設計新蛋白	2023年由 Meta 解散的蛋白質語言模型團隊出走創立，種子輪即募得約一億四千萬美元。模型分大中小三種規格，最小的以 MIT 授權開源，其餘透過付費 API 提供。現已併入 Biohub，模型服務改由該平台交付。
us_223	美國	EXL Service Holdings Inc	數據分析服務			1999年成立，在那斯達克掛牌，總部設於紐約，主要交付據點在印度與菲律賓。原以保險理賠、財務與醫療的流程外包起家，近年重心移向資料治理與 AI 導入顧問，客戶逾八百家，資料與分析專業人員約一萬人。
us_224	美國	Expedition Technology	國防信號處理 AI			總部在維吉尼亞州赫恩登，是靠政府研究合約起家的中小型國防承包商，客戶包括 DARPA、IARPA、海軍研究署與國家地理空間情報局。除承接研發案外也把成果產品化，並對外販售可用於訓練模型的資料集。
us_226	美國	EY-Parthenon	安永戰略諮詢			安永於2014年收購策略顧問公司 Parthenon Group 後成立的策略服務線，與其他四大的顧問部門競爭，業務以併購盡職調查、營運策略與轉型為主。無獨立網域，相關頁面掛在安永全球官網底下，人員與品牌隨各國會員所運作。
us_227	美國	FANUC America	發那科美國，工業機器人	工業機器人		日本發那科的美洲子公司，總部設於密西根州羅徹斯特山，在美洲有二十五處據點。除工業機器人外也銷售 CNC 控制器與 ROBODRILL、ROBOCUT 等加工機，多透過系統整合商出貨給汽車、電子與食品廠，並提供終身維修支援。
us_228	美國	FarmWise (acquired by Taylor Farms)	除草機器人			
us_231	美國	FICO	信用評分與決策分析	FICO Score；FICO 平台		一九五六年成立，原名 Fair Isaac，在紐約證交所掛牌。收入來自向放款機構與徵信機構收取評分授權費，以及企業決策管理軟體的訂閱。公司起家於預測分析與資料科學，除消費信用評分外，也做詐欺偵測與催收決策系統。
us_232	美國	FieldAI	野外機器人基礎模型			總部在加州，做不依賴預先建圖與 GPS 的機器人自主導航軟體。模型與機體無關，同一套可裝在四足或人形機器人上，客戶集中於建築、能源、礦業與物流現場，並另設聯邦事業體承接政府與國防案，累計募資逾四億美元。
us_233	美國	Figure	通用人形機器人	Figure 02/03；Helix 模型		研發通用人形機器人，與寶馬等工廠合作試點，並自研 Helix 視覺語言動作模型。
us_236	美國	Fireworks AI	推理即服務	推理平台	託管數百個開源模型的推理 API，另提供微調與專用 GPU 部署	提供開源模型的託管推理與訓練服務，按 token 計價，也賣專用 GPU 部署。自建拆分式推理引擎做量化、快取與顯存配置最佳化，每日處理逾一千四百億 token。與多家模型供應商簽為首發夥伴，並已上架微軟 Azure。
us_239	美國	Flagship Pioneering	生物科技孵化器			創投與孵化合一的機構，自己發想科學構想再組建公司，而非投資既有團隊。旗下設 Pioneering Medicines、Pioneering Intelligence 等平台，孕育過 Moderna、Generate:Biomedicines、Tessera 與 Inari 等生技公司，收益來自持股與基金管理。
us_24	美國	Aimesoft	多模態 AI			二〇一八年成立，總部在加州聖荷西，研發團隊分布東京、河內與胡志明市。做整合文字、語音、影像的多模態系統，同時賣現成產品與客製導入服務，客戶集中在醫療、飯店與交通業，對外宣稱已有兩百多個安裝案例。
us_240	美國	Flexiv Robotics	力控自適應機器人	Rizon	七軸協作機械臂，靠力覺回饋調整施力，做組裝、打磨與插接	把工業級力量控制與 AI 結合，做能在打磨、裝配等需要感知施力的工序中自行調整的機械手臂。產品線除七軸手臂外，還有並聯機器人與力控夾爪，客戶涵蓋電子組裝與研究單位，另設美國分公司經營當地市場。
us_241	美國	Flock	車牌識別攝像頭	Flock Safety	路邊攝影機組成的跨轄區查詢網，供警方比對車輛特徵與行蹤	登記名為 Flock Group，總部在亞特蘭大。以訂閱制把攝影機與辨識軟體整套租給警局、社區和企業，另有槍聲偵測、行動監控拖車與無人機。已與數千個警政單位簽約，也因大規模蒐集車輛軌跡遭公民自由團體與地方議會質疑。
us_242	美國	FMR LLC	富達投資			Fidelity Investments 的法人實體，由詹森家族控股，未公開上市。業務涵蓋共同基金、退休金帳戶管理、證券經紀與資產託管，收入主要來自管理費與交易相關服務，是美國規模最大的資產管理與退休金服務機構之一。
us_243	美國	Forterra	軍用自主車輛（原 RRAI）			二〇〇二年以 Robotic Research 之名成立，後改名，總部在馬里蘭州。主力是可加裝在既有車輛上的自主駕駛套件，收入來自國防部地面無人化專案，並與 BAE、Oshkosh、雷神等軍工廠商合作，也供貨給商用車製造商。
us_245	美國	Fractal	AI 分析服務			二〇〇〇年於印度創立，孟買與紐約雙總部，已公開掛牌，員工逾五千人。以專案顧問與委外分析服務為主要收入，替消費品、金融、醫療與零售業的大型企業做定價、供應鏈與客戶分析，並延伸出若干自有軟體產品。
us_249	美國	Galois Inc	形式化驗證與安全			總部在奧勒岡州波特蘭，用形式化數學方法驗證關鍵軟體與密碼實作的正確性。收入主要來自 DARPA、NASA 與國防部的研究合約，也承接企業委託，並長期維護 Cryptol 語言與 SAW 分析工具等開源專案。
us_251	美國	Gametime	票務平台			二〇一二年成立的票券轉售市場，主打臨場與開演後的尾票，最晚可在開演九十分鐘後購票。以手機 App 為主要通路，覆蓋北美五十多個城市，靠交易抽成獲利，並以全額保障政策與 StubHub、SeatGeek 等平台競爭。
us_253	美國	Gatik	中短途自動駕駛貨運	B2B 自動駕駛卡車	在門市與倉庫間跑固定路線的無人貨車，沃爾瑪路線已移除安全員	二〇一七年成立，總部在加州山景城，只做固定路線的中短途配送，不碰載客。二〇二一年與沃爾瑪推出商用無人駕駛送貨服務，目前在德州、阿肯色與安大略等地營運，宣稱已簽下逾六億美元合約金額。
us_255	美國	GEICO	伯克希爾旗下車險			一九三六年創立，現為波克夏海瑟威全資子公司，以直接面對消費者的銷售省去經紀佣金、壓低保費。主力是個人車險，另代銷機車、房屋與寵物保險，長期靠大量電視廣告維持品牌，在美國車險市占名列前茅。
us_257	美國	Geminus	工業流程 AI			舊金山的小型新創，把物理模擬與機器學習結合，替單一工業設備建數位分身，即時推算最佳操作參數。應用集中在發電、核能、資料中心與航太，以軟體授權賣給設備業主，累計募資約兩千萬美元，規模仍小。
us_258	美國	General Atomics	國防與能源，無人機	MQ-9 死神無人機	中空長航時察打一體無人機，可掛載飛彈執行偵察與攻擊	由 Blue 家族持有的私人公司，未上市。除了無人機部門 GA-ASI，還做核分裂與核融合研究、航艦電磁彈射與飛機回收系統、飛彈防禦與太空載具，並替能源部營運 DIII-D 托卡馬克核融合裝置。
us_259	美國	General Dynamics Mission Systems	通用動力任務系統			通用動力旗下的國防電子事業部，總部在維吉尼亞州，員工逾一萬三千人。做戰車、艦艇、潛艦與太空載具的指管通情系統，產品包括軍用電台、加密通訊模組與聲納，收入幾乎全來自美國政府與盟邦的軍購合約。
us_260	美國	General Electric	工業巨頭（航空）	航空發動機智能運維	分析全航程飛行資料預測引擎故障，並以 AI 輔助孔探影像判讀	原奇異公司已拆分為三家：醫療的 GE HealthCare、能源的 GE Vernova，以及保留原法人與股票代號的 GE Aerospace。現在主業是民航與軍用噴射發動機，收入大宗來自售後維修與備件而非整機銷售，另有航電與積層製造子公司。
us_261	美國	Generate:Biomedicines	生成式蛋白藥物	Chroma 模型	以擴散模型直接生成蛋白質結構與序列，可依條件設計新分子	Flagship Pioneering 孵化的蛋白質藥物公司，總部在麻州。用生成模型直接設計自然界沒有的蛋白序列與結構，再進實驗室驗證折疊與表現。核心模型已開源並在 Nature 發表，收入來自藥廠合作與自有管線的授權。
us_262	美國	Genesis Molecular AI	分子 AI 藥物發現	GEMS	結合語言模型、擴散模型與物理模擬的分子生成平台，預測結合力與選擇性	原名 Genesis Therapeutics，二〇一九年成立，總部在南舊金山，另在紐約設 AI 團隊、聖地牙哥設濕實驗室。把生成模型與物理計算結合設計小分子，收入來自與吉利德、Incyte 等藥廠的合作里程金，同時推進自有管線。
us_264	美國	Ghost Autonomy	自動駕駛（已關閉）			
us_265	美國	Ghost Robotics	軍用四足機器人	Vision 60	四足無人地面載具，可掛載感測器執行基地與邊境的巡邏偵察	總部在費城，做軍規四足機器人，強調在無 GPS、惡劣天候與碎石地形下仍能行走並執行任務。客戶以軍方與基地保全單位為主，曾配置於美國空軍基地做周界巡邏，並搭配自家任務控制平台一併出售。
us_266	美國	Giant.AI	通用機器人（已關閉）			
us_267	美國	Ginkgo Bioworks Inc	合成生物學平台	蛋白模型	AA-0 蛋白質語言模型，以 API 提供序列嵌入與蛋白設計功能	波士頓的合成生物學公司，二〇二一年以 SPAC 上市後股價大跌，近年轉向賣自動化實驗室：既出售實驗機器人硬體與軟體，也提供遠端代跑實驗的雲端實驗室。客戶逾一百三十家，包括輝瑞、諾華與拜耳。
us_268	美國	GITAI	太空機器人			二〇一六年在日本創立，後將總部遷至加州托蘭斯並保留東京團隊。做太空用機械手臂與衛星平台，目標是讓機器人代替太空人在軌組裝與維修，已在國際太空站做過驗證，並另設子公司承接美國政府與國防訂單。
us_271	美國	Grammarly	寫作助手	Grammarly；Superhuman		寫作輔助工具，向個人和企業訂閱收費。
us_273	美國	Gray Swan	AI 安全與紅隊	Cygnet	以 Llama 3 微調的抗越獄模型，用電路斷路器機制中斷有害輸出	二〇二三年由卡內基美隆大學的安全研究者創辦。主要業務是替模型開發商與企業做付費紅隊測試，靠自營的公開競賽平台累積上萬名攻擊者與漏洞資料，再把成果轉成防護產品，另發布經安全強化的開源模型版本。
us_274	美國	GreenSight	無人機遙感			二〇一五年由前國防承包商背景的工程師創立，主力是高爾夫球場與草坪的每日空拍監測，以訂閱制收費，提供土壤濕度、病蟲害與養分不足的警示。也替農藥公司的試驗田做量測，並獲草坪機具廠 Toro 投資。
us_275	美國	GreyOrange	倉儲機器人與調度軟件	GreyMatter	倉儲執行軟體，即時排定訂單揀貨順序並調度機器人與人力	原生於印度、後將總部移至美國喬治亞州的倉儲自動化公司。核心是一套履約調度作業系統，能同時指揮自家與第三方廠牌的機器人，以訂閱或按件計費賣給零售與物流業者，主打解決缺工與出貨尖峰的壓力。
us_276	美國	Gridmatic	電力市場 AI 交易			矽谷的小型電力交易商，用模型預測電價與再生能源出力，在美國七大電力市場做全自動報價。除了自營交易，也持有德州與加州的電網級儲能專案，並在德州取得零售售電執照，直接向商業用戶賣電。
us_277	美國	Gridspace	語音分析			由 SRI 語音實驗室出身的團隊創辦，做客服中心的語音 AI。一邊賣能自行接聽、預約與收款的虛擬客服，一邊賣分析通話錄音與逐字稿的監控工具，客戶多在金融與醫療等受監管產業，因此在合規認證上著墨甚多。
us_278	美國	Groundlight AI	視覺問答式監測			二〇一九年由前亞馬遜 AI 工程師 Leo Dirac 與 Avi Geiger 創辦。開發者用英文寫一句是非題即可監看影像，系統先由模型判斷，信心不足時轉真人標註並回頭訓練。以 API 訂閱收費，用於產線監控、零售與機器人。
us_28	美國	AKASA	醫院收入週期 AI			替醫院處理申請保險給付的行政流程，涵蓋事前授權、病歷編碼與理賠申訴，賣點是用醫院自己的臨床與財務資料訓練模型。以訂閱或按處理量計費，已部署於六百多家醫院，累計募資逾兩億美元，員工約兩百人。
us_282	美國	H2O.ai	開源機器學習平台	H2O Driverless AI		靠開源機器學習套件建立使用者基礎，再以自動化建模平台與企業版授權變現，是典型的開源商業模式。客戶多為銀行、保險與電信的資料科學團隊，近年把重心轉向可在客戶自有環境內執行的生成式 AI 產品。
us_283	美國	Halodi Robotics	人形機器人（現 1X）	EVE；NEO	EVE 為輪式上半身人形機器人，用於保全巡檢；NEO 為家用雙足款	挪威創立的人形機器人公司，二〇二三年改名 1X Technologies 並將重心移到美國。早期產品是輪式上半身機器人，用於保全巡邏；現主推雙足家用機器人，採預繳訂金的預售模式，早期輪次曾由 OpenAI 創投基金領投。
us_284	美國	Harvest CROO Robotics	草莓採摘機器人			總部在佛州坦帕，針對採收季缺工問題開發自動採收機具，並以代採收服務而非售機的方式收費。單台機具搭載十六組獨立作業的採摘頭，以視覺逐顆判斷果實是否成熟、健康後再決定是否採收，目前以草莓為主。
us_285	美國	Hayden AI	公交車道執法視覺 AI			二〇一九年成立於舊金山。把辨識裝置裝在公車上，行駛中即時判斷有無車輛違停或占用專用道，只上傳足以開罰的片段以降低隱私爭議。與各地交通局簽約收費，並把同一套做法延伸到自行車道與公車停靠區。
us_287	美國	Helm.ai	無監督學習自動駕駛軟件	Helm.ai Driver	純視覺自駕軟體堆疊，不依賴高精地圖與光達，涵蓋 L2+ 到 L4	賣軟體而不造車，客戶是車廠與一級供應商。主張用自創的非監督學習方法從未標註影像中訓練模型，因此所需標註資料遠少於同業；方案只用攝影機，不依賴光達與高精地圖，另提供生成式模擬工具供客戶測試。
us_288	美國	Higgsfield AI	視頻生成			二〇二三年由前 Snap 生成式 AI 負責人 Alex Mashrabov 創辦，總部在舊金山。平台串接 Sora、Kling、Veo 等外部模型與自研工具，使用者多為做短影音與廣告素材的創作者和行銷團隊，採訂閱制，估值已逾十三億美元。
us_289	美國	Hippocratic AI	醫療護理智能體	醫療 AI 護士	以語音致電病人，處理術後追蹤、用藥提醒等非診斷性工作	研發醫療語音智能體，替醫院做隨訪、術前提醒等非診斷類溝通。
us_290	美國	Hive	內容審核與深度偽造檢測	Hive 模型	以 API 呼叫的視覺與文字分類模型，標記色情、暴力與合成內容	以 API 方式賣預訓練模型並按呼叫量計費，客戶是社群平台、交友軟體與遊戲公司的信任與安全團隊。除了色情與暴力內容分類，也做 AI 生成與深偽偵測，並能推測影像出自哪個生成模型，近年另承接國防部標案。
us_291	美國	Hologic Inc	女性健康與影像設備	Genius AI	分析 3D 乳房攝影每層切片，標出可疑病灶並給整份病例評分	一九八五年成立的醫材公司，員工約七千人，業務橫跨女性影像診斷與分子檢測。收入以耗材與試劑的重複銷售為主、儀器為輔，乳房攝影與子宮頸抹片產品是主力，新冠期間曾因分子檢測需求大增而獲利飆升。
us_292	美國	Holonic	機器人初創			
us_293	美國	Honda Research Institute USA Inc	本田研究院			本田在北美設立的前瞻研究單位，二〇〇三年成立，主要據點在加州聖荷西，另在俄亥俄州立大學校區設分部。不做量產開發，而是研究機器學習、電腦視覺、自駕、人機互動、功能性材料與量子計算，成果再轉回本田的技術藍圖。
us_294	美國	Honeywell	工業自動化	Forge 工業 AI	連接廠房與樓宇設備感測數據的平台，做預測維護與能耗管理	已完成拆分：航太部門獨立掛牌後，留下的本體更名為 Honeywell Technologies，專做自動化，分建築、工業與製程三塊。收入主要來自控制系統、感測器與工廠軟體的長期服務合約，集團另持有量子計算公司 Quantinuum 多數股權。
us_297	美國	HRL Laboratories LLC	波音與通用合資研究所			位於加州馬里布，前身是休斯飛機公司的研究實驗室，一九九七年改制為波音與通用汽車合資的有限責任公司。長期承接國防與企業的前瞻研究，專長在矽基量子位元、氮化鎵半導體與感測器；二〇二六年七月由 IBM 完成收購。
us_298	美國	Hugging Face	開源模型社區與平台	Hub；Transformers 庫		開源模型託管社區，收入來自企業版、推理端點和算力服務。
us_299	美國	Hume AI	情感語音 AI	EVI 語音接口	語音對話介面 API，從語氣判讀情緒並據此調整回應口吻	創辦人出身情緒科學研究，早期以能聽出語氣情緒並回話的語音介面為主打。近期重心轉向評測：提供模擬對話測試語音模型的工具、涵蓋四十多種情緒的量測 API，以及人類評分外包服務，客戶是開發語音 AI 的團隊。
us_3	美國	Abacus.AI	企業 AI 平台與智能體	ChatLLM；Smaug 模型	ChatLLM 聚合多家前沿模型於單一對話介面；Smaug 為自家開源權重模型	同時經營兩條線：面向個人與小團隊的訂閱式聊天助理，把上百個第三方模型集中在一個介面，月費約十美元；以及面向企業的預測建模與智能體平台，走客製報價。定位是用低價打模型供應商的直接訂閱。
us_30	美國	Alphabet Inc	谷歌母公司，含 DeepMind 與 Waymo	Gemini；Gemma；Waymo		谷歌母公司，收入來自搜索和 YouTube 廣告、谷歌雲；AI 上有 Gemini 模型、DeepMind 研究和 Waymo 自動駕駛。
us_301	美國	Huntington Ingalls (HII)	軍艦製造與無人艇			美國最大的軍艦建造商，年營收約一百二十五億美元、員工四萬五千人。旗下有密西西比州的 Ingalls 與維吉尼亞州的 Newport News 兩座船廠，是航艦與核潛艦的主要承造者，另設任務科技部門做無人載具與軟體。
us_302	美國	Hyperplane (acquired by Nubank)	金融基礎模型，被 Nubank 收購			
us_303	美國	Iambic Therapeutics	AI 藥物發現	NeuralPLexer	由蛋白序列與小分子結構直接生成結合複合體三維構型的模型	聖地牙哥的臨床階段藥廠，把生成模型與自建的高通量實驗平台接成迴路，每週用新數據回頭修正模型。已有 HER2 標靶藥進入第一期臨床，另兩個乳癌與卵巢癌項目在申請試驗階段，並與艾伯維、拜耳簽有合作。
us_304	美國	IBM	企業 IT 與 AI	watsonx；Granite 模型		收入來自混合雲軟件和諮詢服務；AI 上推 watsonx 平台和開源 Granite 模型。
us_306	美國	ID R&D	生物識別活體檢測			以深度學習做被動式活體檢測，判斷鏡頭前是真人還是照片、面具或深偽影片，另有語音反詐與證件翻拍偵測。產品以 SDK 授權給銀行、支付與身分驗證業者嵌入自家流程。2021 年被行動身分驗證公司 Mitek Systems 收購，技術併入其產品線。
us_308	美國	Illumina	基因測序	測序儀	NovaSeq 等高通量定序儀，讀出 DNA 鹼基序列供研究與臨床檢驗	採「賣機器、賺耗材」模式，測序儀本身利潤有限，多數收入來自試劑與晶片等消耗品，客戶為醫院、藥廠與研究機構。2021 年強行併購癌症早篩公司 Grail，遭美歐反壟斷機關否決，2024 年被迫將其分拆上市。
us_309	美國	Imagen Technologies	醫學影像 AI			2015 年成立於紐約，主要客戶是美國獨立診所與基層醫療機構。把影像設備、遠距放射科醫師判讀與通過 FDA 核准的演算法打包成一套服務，讓診所把乳房攝影、X 光等檢查留在院內做，按檢查量收費。
us_31	美國	Amazon	電商與雲巨頭，自研模型與芯片	Nova 模型；Bedrock；Trainium 芯片；倉儲機器人		收入來自電商、AWS 雲和廣告；AI 上通過 Bedrock 賣多家模型，自研 Nova 模型與 Trainium 芯片。
us_310	美國	Imagry | Autonomous Driving	無高精地圖自動駕駛			2015 年創立，賣的是可授權的自駕軟體堆疊，不做整車。主打不依賴高精地圖、只用攝影機視覺即時建構環境理解。近年重心放在公車與接駁車等公共運輸，已在日本、德國、美國與以色列進行示範營運。
us_311	美國	Imbue	推理與編程智能體	Sculptor	桌面工具，讓多個編程智能體各自在獨立容器內平行改動程式碼	2020 年由 Kanjun Qiu 與 Josh Albrecht 創立，原名 Generally Intelligent，曾以自研推理模型為目標募得高額資金。近年轉向工具產品，Sculptor 讓多個編程智能體在各自沙箱中平行работ工作，開源免費，尚未建立明確營收模式。
us_312	美國	Immunai	單細胞免疫圖譜 AI	AMICA	涵蓋數千名病人的單細胞多體學免疫圖譜庫，用於配對藥物與病人	建立名為 AMICA 的免疫細胞圖譜資料庫，整合數千份研究與病患樣本，再把分析結果授權給藥廠，協助挑選標靶與做病患分層，收入來自藥廠合作與里程碑款。已與必治妥施貴寶等大廠合作。總部在紐約，另設以色列研發團隊。
us_313	美國	Impulse Space	在軌運輸			2021 年由 SpaceX 首位員工、Merlin 引擎主設計者 Tom Mueller 創立。做的是火箭把衛星送到低軌之後的「最後一哩」：以 Mira 等自研載具把酬載轉送到中軌、同步軌道或地月空間，按任務向衛星業者與政府單位收費。
us_314	美國	Imubit	流程工業閉環 AI			把強化學習做成閉環控制，直接接進工廠既有控制系統自動調整操作參數，而非只提供建議。客戶集中在美國煉油與石化業，宣稱前十大煉油商有七家採用，以按廠訂閱方式收費。總部在休士頓。
us_315	美國	Inceptive	RNA 設計 AI，Transformer 作者之一創辦	mRNA 設計	以深度學習設計 mRNA 序列，授權藥廠開發疫苗與療法	2021 年由 Transformer 論文作者之一 Jakob Uszkoreit 與史丹佛的 Rhiju Das 創立。做法是大規模合成 RNA 序列並實測其在細胞中的表現，用這些資料訓練模型再反過來設計序列。營收來自藥廠合作，已與 Alnylam 簽訂 RNAi 藥物發現合約。
us_317	美國	Inflection AI	對話 AI，後轉企業服務	Pi	強調同理與陪伴語氣的個人對話助理，支援即時語音交談	2022 年由 Mustafa Suleyman 與 Reid Hoffman 創立，以情感陪伴型聊天機器人 Pi 起家並募得大筆資金。2024 年微軟以技術授權加挖角方式吸收其創辦人與多數員工，公司保留模型與品牌，改做企業客製與模型授權，規模大幅縮小。
us_318	美國	Infrrd	文檔抽取			2016 年成立於加州聖荷西，用電腦視覺與自然語言處理從保險、房貸、物流等非結構化單據中抽取欄位，以軟體授權賣給企業。員工約兩百餘人，研發團隊主要在印度，2026 年進入 Gartner 智慧文件處理魔力象限。
us_32	美國	Ambi Robotics	包裹分揀機器人	AmbiSort	機械手臂配視覺模型，把混合包裹抓取分揀進末端配送袋	柏克萊 AUTOLAB 衍生公司，以模擬到真實的訓練方式讓機械手臂抓取形狀不一的包裹。AmbiSort 系列賣給物流業者做末端分揀，UPS 是主要客戶之一，採設備加軟體訂閱的方式收費。
us_320	美國	insitro	機器學習藥物發現	ML 藥物平台	自動化實驗室產生細胞影像與多體學數據，訓練疾病模型篩選靶點	2018 年由 Coursera 共同創辦人、史丹佛教授 Daphne Koller 創立。自建高通量細胞實驗室產生資料餵給機器學習模型，用以找出疾病標靶與病患分群，再自行推進藥物開發並與大藥廠簽訂合作分潤。
us_321	美國	Insmed Incorporated	罕見病藥企			1988 年成立、總部在紐澤西的商業階段藥廠。主力產品 Arikayce 是吸入式抗生素，用於難治的非結核分枝桿菌肺病，目前幾乎是全部營收來源。另有治療支氣管擴張症的 brensocatib 等後續管線，長期虧損靠募資支撐。
us_323	美國	Insulet Corp	胰島素泵	Omnipod	無導管的貼身式胰島素幫浦，新款可依連續血糖值自動調整輸注	賣 Omnipod 貼片式胰島素幫浦，機體無導管、用完即棄，收入主要來自病患持續重複購買的拋棄式幫浦本體，屬耗材型生意。可搭配連續血糖監測做自動給藥調控。總部在麻州，產品行銷歐美多國。
us_324	美國	Intel Corp	芯片巨頭	Gaudi 加速器；Core Ultra		賣 PC 與服務器 CPU，做晶圓代工，AI 加速器進展落後。
us_325	美國	Intelligent Security Systems (ISS)	視頻安防			1996 年成立，總部在紐澤西 Woodbridge。以 SecurOS 平台賣影像分析軟體並整合硬體，功能涵蓋車牌辨識、人臉辨識、車底檢查與行為分析。客戶包括交通管理單位、港口、地鐵與大型企業，宣稱管理全球逾七百萬支攝影機。
us_326	美國	Intercom	客服智能體	Fin	讀公司說明文件自動回覆用戶提問，答不出來再轉接真人客服	2011 年創立於都柏林，原本賣網站內的客服對話與行銷訊息工具，採席次訂閱制。近年重心轉向 AI 客服機器人 Fin，改成每成功解決一次問題才計費，是少數把軟體訂閱制改為按成效收費的公司。
us_327	美國	InterDigital Inc	無線與視頻專利			本身不做產品，靠專利授權為生：持有大量 3G/4G/5G 無線與 HEVC/VVC 影像壓縮標準必要專利，向手機、電視與串流業者收取權利金，訴訟是常見談判手段。營收波動大，取決於大型授權合約的簽署時點。
us_329	美國	Intuitive Surgical Operations Inc	手術機器人龍頭	達芬奇手術機器人	醫師坐在控制台遙控機械臂，經小切口完成微創手術	賣達芬奇手術機器人及耗材和維保服務，耗材是主要持續收入。
us_33	美國	Ambient.ai	視頻安防 AI	智能監控平台	接既有監視器串流辨識可疑行為即時告警，支援自然語言查錄影	把電腦視覺接到企業既有的監視器上，即時判讀畫面找出闖入、尾隨、持械等情境，取代靠人盯螢幕的做法，並把警報連同影像證據推給保全團隊。客戶多為科技公司與大型企業園區，按攝影機數量訂閱收費。
us_330	美國	inVia Robotics	倉儲機器人			主打「機器人即服務」：不賣設備，而是按揀貨量向倉庫業者收費，前期投入低，主攻買不起大型自動化系統的中型電商與第三方物流。自研搬運機器人搭配調度軟體，可在既有貨架上加裝運作。總部在南加州。
us_331	美國	Inworld AI	遊戲 NPC AI			原本賣遊戲 NPC 的對話與行為引擎，讓角色具備記憶、情緒與目標供開發者串接。因遊戲業預算緊縮，近年轉向即時語音與多模態的消費級應用基礎設施，改以 API 用量計費，客戶擴及娛樂與互動媒體業者。
us_332	美國	Iris Automation Inc	無人機避障	Casia	裝在無人機上的機載視覺偵測避讓系統，供超視距飛行使用	機上偵測與迴避系統 Casia 用機器視覺辨識空中來機，讓無人機在超出目視範圍飛行時能符合法規要求，客戶是無人機營運商與監管試驗計畫。業務已由航電公司 uAvionix 接手，原網域現導向該公司頁面。
us_333	美國	iRobot	掃地機器人	Roomba	圓盤形自走吸塵機器人，自行規劃路線清掃並回座充電	靠 Roomba 起家並長期主導市場，近年被中國品牌以更低價與更強功能搶佔，營收連年下滑。2022 年亞馬遜宣布收購，2024 年因歐盟反壟斷審查破局，僅取得分手費；此後大規模裁員、把製造外包，並多次發出營運存續疑慮警告。
us_334	美國	Iron Ox	室內農場機器人			以機器人搭配水耕系統經營室內與溫室農場，自種自銷蔬菜給零售通路，曾獲創投大額投資。因單位成本始終高於傳統農業，2022 年起大幅裁員並關閉場區，後續停止營運，原網域現為停放頁面。
us_336	美國	Isuzu North America	五十鈴北美			日本五十鈴汽車在北美的控股與統籌單位，本身不直接面向消費者，旗下分別負責商用卡車銷售、柴油引擎技術與零件供應。北美市場以中型低座艙卡車為主，配送車隊是主要客戶，近年才開始導入電動車型。
us_338	美國	Jibo	社交機器人（已停運）			2012 年由 MIT 媒體實驗室的 Cynthia Breazeal 創立，推出會轉身、會說話的桌上型社交機器人，靠群眾募資取得數百萬美元。因售價偏高、功能敵不過廉價智慧音箱，2018 年資產遭變賣、雲端服務關閉，成為消費型社交機器人失敗的代表案例。
us_339	美國	Joby Aviation	電動垂直起降飛行器	S4 eVTOL	傾轉旋翼電動垂直起降飛機，載一名駕駛與四名乘客做短程接駁	研發電動垂直起降飛行器，計劃運營空中出租車服務。
us_34	美國	AMD	芯片巨頭，AI 加速器	Instinct MI 系列 GPU		賣 CPU、GPU 和數據中心 AI 加速器（Instinct 系列），與英偉達競爭。
us_340	美國	John Deere	農業機械，自動駕駛拖拉機	See & Spray；自動駕駛拖拉機		賣農機，推進自動駕駛拖拉機和精準噴灑 See & Spray，並收取軟件訂閱。
us_341	美國	John Snow Labs	醫療 NLP	Spark NLP	架在 Apache Spark 上的開源 NLP 函式庫，另有醫療文本抽取模型	以開源的 Spark NLP 建立使用者基礎，再靠企業版授權、醫療專用模型與標註資料集收費。專攻病歷與檢驗報告等臨床文本的抽取和去識別化，客戶是醫院、藥廠與保險業者，同時經營 NLP Summit 研討會。
us_343	美國	Kasisto AI	銀行對話 AI	KAI	銀行用對話助理平台，讓客戶以自然語言查餘額、轉帳與問帳務	從蘋果 Siri 的母體 SRI International 分拆出來。對話平台 KAI 專為金融業設計，內建金融術語與法遵限制，以授權方式賣給銀行和信用合作社，嵌入其 App 與客服流程，近年轉向具自主行動能力的智能體產品。
us_345	美國	Kensho Technologies	標普旗下金融 AI	Kensho NLP	金融文本工具組：財經語音轉錄、公司實體對應、PDF 表格擷取	2013 年成立，原為對沖基金與投行提供事件分析工具，2018 年被標普全球以約五億五千萬美元收購，成為其 AI 部門。現在主要工作是把標普龐大的金融文件轉成可檢索的結構化資料，做轉錄、實體連結與檢索，供內外部產品使用。
us_346	美國	Kernel	非侵入式腦成像	Kernel Flow	頭盔式近紅外光裝置，非侵入量測腦部血流與血氧變化	2016 年由 Bryan Johnson 出資創立，原本做侵入式腦介面，後轉為非侵入式。Kernel Flow 頭盔以近紅外光量測腦部血流變化，體積遠小於傳統設備。商業模式從賣硬體轉為與診所、藥廠合作提供量測服務，並投入憂鬱症與認知退化的臨床試驗。
us_347	美國	Kintsugi	語音抑鬱檢測			從語音片段的聲學特徵判斷憂鬱與焦慮跡象，只需二、三十秒語音，不分析語意內容。以 API 賣給醫療機構、保險業者與遠距照護平台，嵌入既有電話或問診流程做初步篩檢，本身不做診斷。總部在加州柏克萊。
us_348	美國	Kitware Inc	開源科學可視化與計算機視覺	VTK；CMake	VTK 是 3D 科學視覺化函式庫，CMake 是跨平台程式建置工具	1998 年成立的員工持股公司，維護 VTK、ITK、CMake、ParaView 等開源專案。軟體本身免費，收入來自政府研究合約與企業客製開發、技術支援；國防部、NIH、能源部是長期資助者，近年也承接電腦視覺與 AI 研究計畫。
us_349	美國	Kiwibot	校園配送機器人			2017 年創立，以校園外送機器人起家，與美國多所大學和餐飲平台合作送餐，部分操作由哥倫比亞的遠端人員協助。近年更名為 Robot.com，把產品線擴到物流搬運與人形機器人，原本的校園配送機成為其中一條產品線。
us_35	美國	American GNC Corp	導航與制導系統			1986 年成立於加州 Simi Valley，靠國防部與 NASA 的研究合約為生，累計承接逾四千萬美元契約。專長是慣性導航、健康監測與感測器網路，代表產品為 coremicro 系列 MEMS 慣性量測單元，屬典型的小型研發型承包商。
us_350	美國	Kneron	邊緣 AI 芯片	KL 系列	低功耗邊緣 NPU 晶片，供攝影機、門鎖與車用輔助駕駛本地推論	2015 年由劉峻誠創立，總部在聖地牙哥，研發團隊多在台灣。做低功耗邊緣推論晶片與影像辨識演算法，KL 系列 NPU 賣給安防攝影機、車用與物聯網裝置廠商，以晶片出貨和 IP 授權收費，投資人包括鴻海與高通。
us_351	美國	Knexus	國防 AI 研究			成立約二十年的小型研究型承包商，靠 DARPA、海軍研究實驗室、國家科學基金會等單位的研究合約營運，專長是可解釋 AI 與自主系統的決策支援，累積數項專利與上百篇論文。近年也承接政府部門的雲端導入業務。
us_352	美國	Kodiak	自動駕駛卡車	Kodiak Driver	加裝在卡車上的感測器與軟體套件，使長途幹線貨運可無人駕駛	專注長途幹線貨運，不做市區自駕。商業模式是把系統授權給車隊業者自行營運，而非自建車隊，首批無人卡車已在德州油田場域運行，另承接國防部的地面自主載具合約。2025 年透過 SPAC 上市。
us_353	美國	Koidra	溫室自主控制			以物理知識結合 AI 做工業製程的自動控制，直接調整乾燥機、鍋爐、磨機等設備參數。溫室是起家領域，曾兩度贏得國際自主溫室挑戰賽，之後把同一套方法推向製造廠與資料中心，客戶包含 Nature Fresh Farms 等農企。
us_354	美國	Kumo	關係型深度學習			由 Pinterest 前工程主管與 PyG 圖神經網路作者創立，主張直接在企業的關聯式資料庫上訓練圖神經網路做預測，省去特徵工程，以雲端服務賣給零售與金融客戶。已被輝達收購，技術併入其資料科學產品線，原網域現導向輝達文件。
us_355	美國	Lambda	GPU 雲	GPU 雲服務	按需租用 NVIDIA GPU 執行個體與叢集，供模型訓練與推論	原以深度學習工作站與伺服器硬體起家，後轉為出租 GPU 算力，提供按需與長約兩種方案，客戶是缺乏自建機房的 AI 新創與研究機構。與輝達、微軟關係密切，近年取得大型算力合約與債務融資，並傳出上市計畫。
us_356	美國	Lamini	企業大模型微調平台	記憶微調	訓練大量 LoRA 記憶專家並於推論時選用，讓模型精準記住企業事實	2023 年由史丹佛背景的 Sharon Zhou 創立，主打讓企業用自有資料微調開源大模型，提出「記憶微調」宣稱可大幅降低幻覺，並支援在 AMD 顯卡上訓練，主要賣給要求模型部署在自有環境的企業。官方網站目前無法正常連線。
us_358	美國	Latitude AI	福特旗下輔助駕駛			2023 年由福特把旗下 Argo AI 結束後留下的團隊重組成立的全資子公司，約五百餘人，目標是開發可在高速公路免持方向盤的輔助駕駛系統供福特量產車搭載。原網域已不再解析，計畫未進入量產。
us_36	美國	Amira Learning	閱讀輔導 AI			源自卡內基美隆大學的閱讀輔導研究，產品讓小學生朗讀給 AI 聽，即時偵測發音錯誤並給提示，同時產生教師可用的閱讀能力評量報告。以年度授權賣給美國各學區，收入依賴公立學校的教育科技預算。
us_362	美國	Lightelligence	光子計算			2017 年由沈亦晨等 MIT 研究者創立，用光子電路承擔部分運算，主打矩陣乘法的低延遲與低功耗，推出過 Hummingbird、Photowave 等原型。商業化仍在早期，目前以資料中心的光互連產品切入，而非直接取代 GPU。
us_366	美國	Lila Sciences	Flagship 孵化，AI 科學自動化			由 Flagship Pioneering 孵化，2025 年公開亮相時已募得約兩億美元。目標是把假設生成、實驗設計與自動化實驗室串成閉環，讓 AI 主導科學發現，應用橫跨生技、材料與能源。執行長為 Flagship 合夥人 Geoffrey von Maltzahn。
us_367	美國	LILT AI	企業翻譯 AI			2015 年由前 Google 翻譯研究者創立，做法是譯者在 AI 建議下工作、系統再從修改中持續學習。除軟體授權外也承接翻譯服務，客戶包含輝達、聯想等企業與美國國防部等政府單位，公部門合約是重要收入來源。
us_369	美國	Liquid AI	MIT 背景，液態神經網絡基礎模型	LFM 模型	非純 Transformer 架構的小型基礎模型，可在手機與嵌入式裝置本地跑	2023 年從 MIT CSAIL 分拆，以源自線蟲神經系統研究的液態神經網路為基礎推出 LFM 系列模型，主打參數少、記憶體用量低，可在手機與嵌入式裝置上直接執行。商業模式是授權模型給裝置廠商，由 AMD 領投募得大筆資金。
us_370	美國	Lirio	行為科學 AI			把行為科學理論寫進強化學習模型，替醫療機構決定該對哪位病患、在什麼時機、用什麼措辭發送提醒，以提高篩檢率、回診率與用藥遵從率。客戶是醫院系統與保險業者，按觸及人數訂閱收費。總部在田納西州諾克斯維爾。
us_371	美國	Little Place Labs	在軌衛星 AI			由牛津大學研究者創立，軟體 Orbitfy 裝在衛星上，在軌道端先算完再把結果傳回地面，可大幅減少下傳資料量、把交付壓到數分鐘。自己不造衛星，靠與 Loft Orbital 等營運商合作搭載，向客戶收軟體費用。
us_372	美國	LiveIntent (Zeta Global Co)	郵件廣告			經營電子郵件廣告市場，一邊幫出版商把電子報版位變現，一邊讓廣告主以郵件地址做跨裝置身分識別投放，在第三方 cookie 退場後成為賣點。二〇二四年被行銷科技公司 Zeta Global 收購。
us_373	美國	Lockheed Martin	國防巨頭	自主系統		全球營收最高的軍火商，七成以上收入來自美國政府，主力是 F-35 戰機、飛彈與衛星。AI 相關工作多半內嵌在既有武器平台，做自主飛行、任務規劃與感測資料融合，另設專責中心整合各事業部的技術。
us_374	美國	Locomation	卡車編隊（已關閉）			卡內基美隆大學衍生的自駕卡車公司，二〇一八年成立於匹茲堡，主打兩車電子編隊：前車由人駕駛，後車自動跟隨，藉此省下一名司機。後續募資失敗，二〇二三年初大幅裁員並停止營運，技術未能商業化。
us_375	美國	LocusBotics Origin	Locus Robotics 倉儲 AMR			賣倉儲自主移動機器人，機器人與揀貨人員協同作業，不必改動既有貨架佈局。採機器人即服務模式，按出貨量或月租收費以降低客戶前期投入，客戶多為第三方物流與零售配送中心，累計揀貨已達數十億件。
us_378	美國	Lucent Technologies Bell Labs innovations	貝爾實驗室（諾基亞旗下）			前身是 AT&T 貝爾實驗室，一九九六年隨朗訊科技分拆，二〇〇六年併入阿爾卡特朗訊，二〇一六年起歸諾基亞。曾產出電晶體、資訊理論與 UNIX，如今規模大幅縮減，研究集中在通訊網路、光學與相關 AI 應用。
us_379	美國	Luma AI	3D 與視頻生成	Dream Machine；Ray 模型		從手機拍攝重建三維場景起家，後轉向生成式影片，推出 Dream Machine 與 Ray 系列模型。收入來自網頁與 API 的訂閱制，也把模型授權給其他平台；二〇二五年取得沙烏地阿拉伯 Humain 投資並合建算力。
us_38	美國	ANDRO Computational Solutions LLC	國防通信 AI			一九九四年成立於紐約州羅馬市，長期靠美國空軍研究實驗室等單位的小型企業創新研究合約營運，做軟體定義無線電、頻譜管理、雷達目標辨識與資料融合，近年把機器學習用在電磁頻譜作戰，規模約數十人。
us_380	美國	Luminar Technologies	車載激光雷達	Iris 激光雷達	1550 奈米長距車規光達，量產裝車供高速公路自動駕駛感知	二〇二〇年借殼上市，市值一度破百億美元，主力是 Iris 車載激光雷達。沃爾沃供應合約告吹後現金耗盡，二〇二五年底聲請破產保護，二〇二六年二月資產以約三千三百萬美元賣給 MicroVision。
us_381	美國	Magic	超長上下文編程模型	LTM 模型	超長上下文模型，宣稱單次可讀入約一億 token 的程式碼庫	二〇二二年由 Eric Steinberger 等人創立，目標是能自動完成軟體工程的模型，主打超長上下文，LTM-2 宣稱可處理一億 token。至今未推出公開產品，靠大額創投資金營運，同時自建訓練叢集。
us_382	美國	Magic Unicorn	遊戲 AI 初創			
us_386	美國	Mastercard Insights & Intelligence	萬事達數據分析	Decision Intelligence		萬事達卡內部的數據與分析部門，把全球刷卡授權流量做成風險與行銷產品。Decision Intelligence 在交易授權當下即時評分、判斷是否為盜刷，賣給發卡銀行與商戶，屬手續費之外的加值收入。
us_387	美國	Matic Robots	家用清潔機器人			加州新創，做家用掃拖機器人，以五顆相機做視覺定位，所有運算與地圖留在機身、不上雲端，以隱私為主要賣點。採官網直售並提供半年試用退款，團隊多來自 Google 與 Nest 的電腦視覺背景。
us_388	美國	Matroid	視頻計算機視覺平台			史丹佛教授 Reza Zadeh 於二〇一六年創立，位於帕羅奧圖。產品是免寫程式的電腦視覺平台，使用者上傳影像即可訓練偵測器，用於既有攝影機的即時告警與回溯搜尋，客戶集中在製造業與工業安全，按企業授權收費。
us_39	美國	Anduril Industries	國防科技，自主武器系統	Lattice 平台；Fury 無人機；Ghost		國防科技公司，向美軍及盟國賣自主無人機、反無人機系統、監視塔和指揮軟件 Lattice。
us_390	美國	May Mobility	自動駕駛接駁	Robotaxi	以 Toyota Sienna 改裝的自駕接駁車，在城市固定區域提供共乘	密西根大學教授 Edwin Olson 創立，總部在安娜堡。不走消費者叫車路線，而是承接城市與交通運輸機構的接駁合約，在固定區域營運小型自駕車隊，也與 Uber 合作上架。豐田是主要投資人並提供改裝車輛。
us_394	美國	MeetKai Inc	語音助手			洛杉磯公司，二〇一八年成立，創辦人包括半導體業出身的戴偉立。早期做語音助理，把對話式 AI 授權給電視、車機等裝置廠商，後來延伸到瀏覽器可用的虛擬空間與企業用生成式 AI 工具。
us_395	美國	Megagon Labs	Recruit 旗下 NLP 研究			日本人力資源集團 Recruit 旗下的研究機構，二〇一六年由集團原本的技術研究所改制而來，據點在加州山景城與東京。不直接賣產品，研究自然語言處理與資料管理，成果多半開源或回流到集團的求職服務。
us_396	美國	Merlin Labs	飛機自主駕駛			波士頓公司，做可加裝在現役機型上的全程自動駕駛系統，自己不造飛機。收入以美國軍方合約為主，累計逾一億美元，另與 GE Aerospace、霍尼韋爾、諾斯洛普合作，目標是讓運輸機以更少機組員飛行。
us_397	美國	Meta	社交巨頭，開源大模型	Llama 系列；Meta AI	Llama 為開源權重大模型家族；Meta AI 是內建於旗下社群 App 的助理	收入幾乎全部來自 Facebook、Instagram 的廣告；AI 上開源 Llama 模型，並大規模投入算力。
us_399	美國	Metron Aviation	空管流量管理			維吉尼亞州公司，替航管單位與機場做流量管理軟體，處理空域壅塞時的航班排序、地面滑行與環境分析，主要客戶是美國聯邦航空總署與各國航管機構。二〇一一年被空中巴士收購，二〇二五年再轉手。
us_4	美國	Abridge	醫生問診語音轉病歷	Abridge 臨床文檔	錄下醫病對話即時生成結構化病歷草稿，並寫回電子病歷系統	把醫生問診錄音自動生成病歷，按醫生數向醫療系統收費。
us_40	美國	Anki	消費機器人（已關閉）	Vector；Cozmo	桌上型玩具機器人，會辨識人臉、表現情緒並與使用者語音互動	舊金山消費機器人公司，靠 Cozmo、Vector 桌面機器人與玩具賽車走零售通路，曾募得逾兩億美元。硬體毛利低、銷售不如預期，二〇一九年資金斷鏈停業，資產後由 Digital Dream Labs 接手。
us_400	美國	Metron Inc	國防建模與分析			維吉尼亞州雷斯頓的員工持股公司，替美國國防部做作業研究與軟體，專長是貝氏搜尋、目標追蹤與感測資料融合，曾用於海上搜救定位。二〇二五年取得陸軍四千八百六十萬美元合約，開發偵察與任務規劃的機器學習能力。
us_401	美國	Microblink	證件掃描			源自克羅埃西亞的電腦視覺公司，把證件與信用卡掃描做成 SDK，授權給身分驗證業者、銀行與共享經濟平台嵌進自家 App，按驗證次數收費。每年處理約七億份證件，客戶分布六十多國。
us_402	美國	Microsoft	軟件巨頭	Copilot；Phi 模型；MAI		收入來自 Azure 雲、Office 和 Windows；AI 上投資 OpenAI 並推出 Copilot 系列產品。
us_403	美國	Midjourney	圖像生成	Midjourney	文字轉圖像生成服務，早期只在 Discord 機器人操作，後推網頁版	圖像生成服務，完全靠用戶訂閱收費，未融資。
us_404	美國	Mirage	生成式視頻/遊戲（名稱不明確）			
us_405	美國	Miso Robotics	廚房機器人	Flippy	裝在油炸台旁的機械手臂，負責下籃、控時油炸與起鍋瀝油	帕沙第納公司，二〇一六年由加州理工出身的工程師創立，產品 Flippy 是接手油炸區的機械手臂，客戶包括白城堡與 Jersey Mike's。以設備租賃方式收月費，並多次透過群眾募資向散戶籌資。
us_406	美國	Mitsubishi Electric (US)	三菱電機美國研究實驗室			三菱電機在北美的研究機構，位於麻州劍橋，以開放實驗室方式運作，論文公開發表並與大學合作。研究涵蓋機器學習、語音與訊號處理、最佳化與控制，成果主要回饋到母公司的工廠自動化、車用與家電產品。
us_409	美國	Modulate	遊戲語音反騷擾	ToxMod	即時分析遊戲語音頻道，偵測辱罵騷擾並通報營運方處理	波士頓公司，ToxMod 即時分析遊戲語音聊天，判讀語氣與情境後把疑似騷擾、詐騙或誘拐兒童的片段送交人工審核，而非單純過濾髒話。按平台語音時數向遊戲發行商收費，決勝時刻系列是代表客戶。
us_41	美國	Anthropic	AI 安全與前沿大模型	Claude 系列模型；Claude Code		研發 Claude 系列模型，收入主要來自企業和開發者的 API 調用，以及 Claude 訂閱與 Claude Code。
us_410	美國	Moises	音軌分離			巴西團隊創立，母公司為 Music AI。App 把歌曲拆成人聲與各樂器音軌，附帶和弦辨識、變速與移調，主要給練團與翻唱的業餘樂手，採免費加訂閱制；母公司另把同一套模型授權給唱片與影音業者。
us_412	美國	Moloco	廣告機器學習			二〇一三年由 Google 等公司出身的機器學習工程師創立，總部在加州門洛帕克。不做品牌廣告，專攻以成效計價的程式化投放，並把同一套推薦模型授權給零售平台與串流業者自建廣告業務，客戶多在行動應用領域。
us_413	美國	Monarch Tractor	電動智能拖拉機	MK-V	電動、可無人駕駛的果園葡萄園拖拉機，車上攝影機同步蒐集作物數據	二〇一八年成立於加州利弗莫爾，MK-V 是電動、可無人駕駛的小型農用曳引機，主打葡萄園等密集作業場景，搭載 NVIDIA 邊緣運算平台。除賣車外也收軟體與資料訂閱費，首批客戶是釀酒集團。
us_414	美國	MongoDB	文檔數據庫	Atlas 向量搜索	在既有文件資料庫內做向量相似度檢索，供檢索增強生成應用	文件型資料庫供應商，那斯達克上市，收入主力已從自建授權轉到雲端託管服務 Atlas，按用量計費。近年把向量搜尋直接做進資料庫，讓既有客戶不必另接向量資料庫即可做檢索增強生成。
us_416	美國	Mosaic	名稱指向不明確，可能為 MosaicML（已被 Databricks 收購）			
us_417	美國	Motional	現代與 Aptiv 合資 Robotaxi	Ioniq 5 Robotaxi	以現代 Ioniq 5 改裝的自駕車，在拉斯維加斯等地載客營運	二〇二〇年由 Aptiv 與現代汽車合資成立，接收 nuTonomy 的技術班底。現代增資後取得多數股權，Aptiv 持股稀釋到約一成三。以改裝的 IONIQ 5 在拉斯維加斯與 Uber 合作載客，目標是移除安全員。
us_418	美國	Moveo.AI	客服 AI			提供生成式客服代理平台，讓企業以無程式碼介面把既有流程接成對話機器人，並用自有語言模型處理多語對話。客戶集中在銀行、電信與金融服務業，按對話量收費，另提供對話分析與真人接手功能。
us_42	美國	Anumana Inc	心電圖 AI			二〇二一年由梅約診所與資料公司 nference 合資成立，用心電圖訊號推估肉眼看不出的心臟病變，已取得低射血分數、心臟類澱粉沉積症等多項美國食藥局許可。模型接進醫院電子病歷，向醫療體系與藥廠收費。
us_420	美國	Mytra	三維倉儲系統			做倉儲立體儲位系統，以可承重約一千四百公斤的機器人在模組化貨架內三維移動，不依賴固定走道與料位，最高可堆到約二十四公尺。主打棧板與整箱作業、收貨緩衝與轉運，賣給食品飲料與零售業的配送中心。
us_421	美國	Nanonets	文檔智能			把發票、採購單、理賠單等非結構化文件轉成可用資料，再串接 SAP、NetSuite 等系統自動跑完整流程，近年改以代理人形式包裝。採訂閱加用量計費，客戶以大型企業的財會與應付帳款部門為主。
us_422	美國	Nanotronics	AI 工業檢測顯微鏡			做 AI 驅動的工業檢測設備，以顯微成像加深度學習找出半導體與精密零件的缺陷，客戶包括 Broadcom、Coherent 等製造商。近年轉向模組化小型晶圓廠概念，並更名為 CubeFabs，官網一併改址。
us_423	美國	NantHealth	醫療信息			由醫師兼創業家黃馨祥創立的醫療資訊公司，二〇一六年上市。主要產品 Eviti 提供腫瘤治療方案的實證比對與給付審核，NaviNet 則是保險公司與醫療院所之間的資訊交換平台，收入來自保險業者的訂閱與授權。
us_424	美國	Natera	基因檢測			以血液中的游離 DNA 做檢測，產品橫跨產前篩檢、遺傳性癌症、術後微量殘存病灶偵測與器官移植排斥監測。自營實驗室，收入來自保險給付與自費檢測，並承接藥廠臨床試驗的檢測業務，在那斯達克上市。
us_425	美國	Nauticus Robotics	水下機器人	Aquanaut	無纜水下機器人，可切換長距巡航與雙臂作業，檢查管線與操作閥門	德州公司，在那斯達克掛牌，做不需纜繩與母船的水下機器人 Aquanaut，以及可加裝到既有水下載具的自主控制軟體，目標客戶是離岸油氣、海上風電與國防。長期虧損，近年靠併購水下作業服務商補強營收。
us_426	美國	Near Earth Autonomy	航空自主系統			匹茲堡公司，源自卡內基美隆大學的自主飛行研究，做可加裝在現役直升機與定翼機上的感知與自動降落系統，強調符合適航認證。客戶以美國軍方與航太廠商為主，累計整合六十餘種機型、三千多小時自主飛行。
us_427	美國	NEC Corp America	NEC 美國			日本 NEC 的美國子公司，總部設在德州，賣通訊系統、顯示設備與生物辨識方案。人臉與指紋辨識產品 NeoFace 供應給美國海關、機場與地方警政單位，也因此多次成為隱私與監控爭議的對象。
us_428	美國	Neo Cybernetica	機器人初創			
us_429	美國	Netflix	流媒體	推薦系統	依觀看紀錄與相似用戶行為排序首頁片單的個人化推薦系統	串流影音訂閱服務，收入幾乎全來自會員月費，近年加入含廣告的低價方案。機器學習用在推薦排序、縮圖挑選、編碼壓縮與內容採購決策，長期以大規模 A/B 測試決定產品改動，並自建演算法團隊。
us_43	美國	Apple	消費電子，自研端側與雲端模型	Apple Intelligence		收入來自 iPhone 等硬件和服務；AI 以端側模型為主，推 Apple Intelligence。
us_431	美國	Neurable	腦電耳機			波士頓腦機介面公司，把腦電感測器藏進一般耳機的耳墊，使用者不必額外配戴裝置。與音響品牌 Master & Dynamic 合作推出 MW75 Neuro，量測專注與疲勞，另賣研究與開發套件給實驗室和裝置廠商。
us_432	美國	Neurala	工業視覺 AI			波士頓公司，源自替太空任務做自主導航的研究，主力技術 L-DNN 可在裝置端以少量樣本持續學習，不必回雲端重訓。不賣成品軟體，而是把函式庫授權給 Sony、FLIR、Zebra 等硬體廠嵌進自家產品。
us_433	美國	Neuralink	腦機接口	N1 植入物	植入顱骨的無線腦機介面裝置，以細線電極讀取神經訊號操控游標	馬斯克創辦的腦機介面公司，N1 植入物由手術機器人把電極線植入大腦皮質，讓癱瘓者以意念操作電腦。二〇二四年起進行人體臨床試驗，受試者仍屬個位到十餘人規模，尚無商業產品，靠多輪私募資金營運。
us_437	美國	New England Biolabs	分子生物學試劑			麻州 Ipswich 的生命科學公司，一九七四年成立，做限制酶、聚合酶等分子生物學試劑，供應研究實驗室與生技廠，也涉足基因編輯與次世代定序耗材。長年維持私有化經營，以自辦基礎研究的科學家文化著稱。
us_438	美國	Nexa AI	端側小模型	Octopus 模型	可在手機本地執行的小型模型，把使用者指令轉成應用程式的函式呼叫	做模型壓縮與本地推理框架 Nexa SDK，讓手機、PC 與嵌入式裝置離線執行多模態模型，客戶多為晶片廠與裝置商。公司已被高通收購，原網域現導向 Qualcomm AI Hub，團隊與 SDK 併入其中。
us_439	美國	NextRoll	廣告重定向			原名 AdRoll Group，2019 年改名並改組為控股公司，旗下 AdRoll 服務電商品牌，RollWorks 做 B2B 帳戶式行銷。靠自有需求方平台與跨站識別資料，向數萬家中小企業收取廣告投放與訂閱費用，總部設於舊金山。
us_44	美國	Applied Intuition	自動駕駛仿真與車輛軟件	仿真工具鏈；車載 OS	讓車廠在虛擬場景中回放與壓測自駕軟體的模擬平台，另有車載軟體底層	賣自動駕駛仿真工具鏈和車輛操作系統給車企與國防客戶。
us_440	美國	Neya Systems	國防自主地面車輛			美國應用研究協會（ARA）旗下部門，總部在匹茲堡，客戶以美國陸軍等國防單位為主，靠研發合約營運。除自主軟體堆疊外也做任務規劃、模擬與符合 JAUS、IOP 軍用互通標準的遙控介面，並推出自有無人車平台。
us_441	美國	Niantic Spatial Inc	Niantic 分拆，地理空間 AI	大地理模型	以大量實地掃描影像建成的三維世界模型，供機器定位並理解所在空間	2025 年 Niantic 把遊戲業務賣給 Scopely 後，以 2.5 億美元資金獨立出來的公司，承接原本累積的數十億張定位影像資料。主要做視覺定位服務與 3D 重建，客戶鎖定倉儲、場館等企業場域及公部門與國防。
us_442	美國	NielsenIQ	消費數據			品牌現稱 NIQ，源自尼爾森的零售測量業務，2021 年被私募基金 Advent International 買下後獨立，2023 年合併德國 GfK。靠零售商供應的銷售掃描資料與消費者面板，向快消品牌與通路收訂閱費，覆蓋九十多國。
us_443	美國	Nike	運動品牌			運動鞋服品牌，自己不設工廠，設計與行銷留在內部，生產外包給亞洲代工廠。收入主要來自批發通路與自營的官網、App 等直營渠道，近年把需求預測、庫存調配與個人化推薦交給演算法處理。
us_444	美國	Nimble Robotics	自主倉儲履約			不賣機器人，而是自己營運自動化倉庫替服飾、美妝、電子等品牌代發貨，按件收費、客戶不必先投入設備。創辦團隊出自史丹佛與卡內基美隆，投資方與董事包含 FedEx、李飛飛與 Sebastian Thrun。
us_445	美國	Nissan North America Inc	日產北美			日產汽車的北美子公司，總部在田納西州法蘭克林，負責當地製造、銷售與研發，旗下含 Nissan 與 Infiniti 兩個品牌。另設矽谷研究中心投入自動駕駛與人機互動，與日本總部共同推進 ProPILOT 輔助駕駛。
us_446	美國	Nixtla	時序預測	TimeGPT	時間序列預測的預訓練模型，輸入歷史數列即可直接輸出未來走勢	從開源時序預測套件 StatsForecast、NeuralForecast 起家，靠社群累積使用者後推出付費 API。收入來自用量計費與企業部署，客戶包括微軟、聯合利華、Zalando、迪卡儂等零售與製造業者。
us_449	美國	Norm Ai	合規智能體			2023 年成立，把金融法規與企業內規翻譯成可執行的決策樹，讓代理程式自動審查行銷素材、文件與交易流程。客戶以受監管的金融機構為主，投資方包括 Blackstone、Citi、Vanguard 與 Bain Capital。
us_45	美國	AppTek.ai	語音識別與翻譯			總部在維吉尼亞州，成立於 1990 年代，長期承接美國政府與國防單位的語言技術合約。近年重心轉向媒體與廣電市場，替影視內容做字幕、配音與在地化，也提供客服中心語音分析，按授權或用量計費。
us_450	美國	Normal Computing	熱力學計算芯片			由 Google Brain、Google X 與 Palantir 出身者創立，據點橫跨紐約、舊金山、倫敦與哥本哈根。技術路線是讓電路的隨機雜訊直接參與運算，首顆晶片 CN101 鎖定線性代數與機率取樣，已完成流片但尚未量產。
us_451	美國	Northrop Grumman Space	諾斯羅普·格魯曼航天業務	衛星系統	飛彈預警等軍用衛星，另承造太空望遠鏡與運補太空船	諾斯羅普·格魯曼四大業務部門之一，前身包含併入的 Orbital ATK。業務涵蓋軍用與民用衛星、太空發射載具、固體火箭發動機，以及韋伯太空望遠鏡等 NASA 科學任務，收入幾乎全來自美國政府合約。
us_452	美國	Nous Research	開源大模型研究	Hermes 模型	在開源基座上微調的對話模型系列，強調可自訂且內建限制較少	從開源社群起家的研究團體，以微調出 Hermes 系列開放權重模型聞名，模型在 Hugging Face 免費釋出。收入來自模型閘道 Nous Portal 的訂閱，另投入分散式訓練方法與代理框架等開源工具。
us_455	美國	NTT Research	NTT 基礎研究			日本電信電話 2019 年在矽谷桑尼維爾設立的基礎研究機構，不以短期產品為目標。下設物理與資訊、密碼與資安、醫療健康資訊等實驗室，研究光量子運算、密碼學與心臟數位分身，多與史丹佛等大學合作。
us_456	美國	Numenta	類腦計算	千腦理論	主張大腦皮質各皮質柱各自建立物體模型的理論，用來設計演算法	由 Palm Pilot 發明人 Jeff Hawkins 與 Donna Dubinsky 創立，位於加州紅木城，長年以研究與論文發表為主，曾把大腦稀疏運算原理用於 CPU 推論加速。2024 年起將核心研究分拆為非營利的 Thousand Brains Project。
us_457	美國	Nuro	自動駕駛與配送	Nuro Driver	可授權給車廠與車隊的自駕系統，原為無人配送車開發	2016 年由兩名前 Google 自駕工程師創立，曾自製無方向盤的送貨車，是首家取得美國 NHTSA 自動駕駛豁免的公司。2024 年起改為授權模式，把駕駛系統賣給車廠與出行平台，Uber、Lucid 為合作對象。
us_458	美國	NV5 Geospatial	地理空間分析			工程顧問集團 NV5 Global 旗下的地理空間部門，由多次併購組成，含原屬 Harris 的 ENVI、IDL 遙測影像分析軟體。一邊承接光達測繪與資料處理服務案，一邊賣軟體授權，客戶以電力、交通與國防單位為主。
us_459	美國	NVIDIA	GPU 與 AI 計算龍頭	GPU；CUDA；Nemotron；Cosmos		賣數據中心 GPU 與整機系統，是 AI 訓練算力的主要供應商，另有遊戲顯卡和汽車芯片。
us_46	美國	Apptronik	人形機器人	Apollo	身高 1.73 公尺的人形機器人，可搬 25 公斤，在賓士與 GXO 廠區試點	研發人形機器人 Apollo，面向製造和物流，與梅賽德斯、谷歌 DeepMind 合作。
us_461	美國	OATI	電網軟件			1995 年成立於明尼阿波利斯，從電力批發市場的輸電排程與結算系統起家，北美多數電網營運機構都是客戶。後來擴到分散式能源管理、微電網控制與電動車充電調度，並自建資料中心提供託管服務。
us_463	美國	ObjectVideo	視頻分析			1998 年由 DARPA 出身的研究人員創立，早期靠影片分析專利授權與訴訟收費，客戶含安防設備商與政府單位。2017 年 Alarm.com 買下其產品、專利與團隊，改組為 ObjectVideo Labs，原公司不再獨立營運。
us_465	美國	Oceaneering	海洋工程與水下機器人	ROV	遙控無人潛水器，在海底為油氣設施做檢查與維修作業	1960 年代從商業潛水起家的休士頓上市公司，年營收約 28 億美元、員工約一萬二千人。主力仍是替海上油氣平台提供水下作業與檢測服務，並把同一套遙控與自主技術延伸到國防、太空與主題樂園載具。
us_466	美國	Oceanit	科技研發			1985 年成立於檀香山的私人研究公司，員工約百餘人，靠美國國防部、NIH、能源部與 NASA 的研究合約維持營運。做法是把實驗室成果分拆成新創或產品出售，領域橫跨奈米塗層、生物感測與水資源工程。
us_468	美國	Odyssey	世界模型與 3D 生成			由前 Voyage 執行長 Oliver Cameron 與前 Wayve 研究主管 Jeff Hawke 創立，據點在帕羅奧圖、倫敦與蘇黎世。以自製背包式 360 度相機採集真實場景訓練模型，已募得 3.1 億美元 B 輪，並開放開發者 API。
us_47	美國	Arcee AI	小型語言模型與模型合併	SuperNova；MergeKit		以開源模型合併工具 MergeKit 建立知名度，該工具被大量社群模型採用。商業上訓練自有小型開放權重模型，並替企業做客製與私有部署，主打在客戶自有硬體上運行、資料不外流，提供 API 與自架兩種方式。
us_472	美國	Onward Robotics	倉儲機器人			總部在匹茲堡，前身為 IAM Robotics。產品走人到貨路線，用自主移動機器人把貨架送到揀貨員面前，搭配自有排程軟體協調人機分工，以機器人即服務方式收費，客戶為倉儲與電商履約業者。
us_474	美國	OpenAI	前沿大模型	GPT 系列；ChatGPT；Sora		研發 GPT 系列模型，收入來自 ChatGPT 訂閱（個人與企業）和 API 調用，微軟是最大合作方。
us_476	美國	Optimus Ride	自動駕駛接駁（已被收購）			2015 年由麻省理工團隊創立，鎖定退休社區、工業園區等封閉場域的低速接駁，曾在紐約布魯克林海軍船塢等地營運班車。2022 年被汽車零件商麥格納收購，自駕團隊併入其輔助駕駛部門，原接駁服務終止。
us_477	美國	Orbital	名稱不明確			
us_478	美國	Orfium	音樂版權 AI			由希臘創業者創立、總部設在洛杉磯，全球約七百人。核心業務是替唱片公司、出版商、廣電與集管團體比對音樂使用紀錄，透過併購英國 Soundmouse 取得樂曲表自動化能力，按授權與服務收費。
us_479	美國	OSARO	機器人揀選			舊金山公司，賣的是讓既有工業機械臂具備視覺與抓取判斷的軟體，硬體由客戶或系統整合商提供。以深度與強化學習訓練，不需 3D 感測或逐件建模，主要落在電商物流的揀件、套袋與組盒作業。
us_48	美國	Archer Aviation	電動垂直起降飛行器（eVTOL）	Midnight	四人座電動垂直起降機，設計用於都會區數十公里的短程接駁	2018 年成立、2021 年借殼在紐約證交所上市，目前尚無商業營收，靠募資與預購訂單推進取證。除與聯合航空等客戶簽訂購協議外，也承接美國國防部的混合動力驗證合約，並取得 2028 洛杉磯奧運空中接駁合作。
us_480	美國	Otter.ai	會議轉寫			加州洛斯阿爾托斯公司，以免費版吸引個人用戶再轉付費訂閱，企業版按席次收費。除轉寫外提供摘要、待辦事項擷取與會議內容問答，可接進 Zoom、Slack、Salesforce 等工具，也用於課堂與招募場景。
us_482	美國	Ottonomy Inc	配送機器人			在機場、商場、賭場等室內外混合場域做配送，採機器人即服務模式按月收費而不賣硬體。機器人配備可橫向平移的蟹行底盤，另有置物櫃與飲料分裝機型，已在美國與歐洲多個機場部署。
us_483	美國	Ouster	激光雷達	數字激光雷達	把雷射與感光元件整合進 CMOS 晶片的三維掃描感測器，零件數較少	舊金山上市公司，2023 年與同業 Velodyne 合併。主打把感測元件做在半導體上以壓低成本，同一顆感測器銷往車輛、機器人、無人機、智慧交通與周界安防等市場，並附帶感知軟體與資料生態。
us_484	美國	Outrider	物流園區自動駕駛			位於科羅拉多州，只做配送中心場區內的拖車調度，把掛車在月台與停車位之間移動並自動接拆氣管線。系統含自駕電動牽引車、場區管理軟體與定位基礎設施，客戶為大型貨主與第三方物流業者。
us_485	美國	Overjet	牙科影像 AI	Overjet	判讀牙科 X 光片，標出蛀牙位置與齒槽骨流失程度供醫師參考	產品取得美國 FDA 認證，同時賣給牙醫診所與牙科保險公司：診所端用於判讀 X 光與治療溝通，保險端用於核賠審查。近年擴到保險資格驗證、語音病歷與收款流程，客戶含多家連鎖牙科集團與牙醫學院。
us_486	美國	Palladyne AI	原 Sarcos，機器人 AI 軟件	Palladyne IQ	讓既有工業機器人邊觀察邊調整動作的軟體，可在邊緣端離線執行	猶他州上市公司，原名 Sarcos Technology and Robotics，因外骨骼與重型機器人硬體業務虧損而轉型為軟體公司。現在賣讓既有工業機械臂自行學習的邊緣 AI 套件，另發展巡飛彈等國防產品線。
us_487	美國	Palo Alto Res Cent Inc	PARC，施樂研究中心（現 SRI 旗下）			1970 年由全錄設立的帕羅奧圖研究中心，催生圖形介面、乙太網路與雷射印表機。2002 年改為獨立子公司對外承接研究合約，2023 年全錄將其捐給 SRI International，現以 SRI 旗下部門的形式運作。
us_49	美國	Archetype AI	物理世界傳感器基礎模型	Newton 模型	融合感測器時序訊號與語言的模型，讓人用自然語言詢問現場狀況	由前 Google ATAP 成員創立，把加速度計、雷達、電表等感測訊號與文字放進同一個模型，使用者可用自然語言查詢設備與場域狀態。已募得 3500 萬美元 A 輪，案例含市政路口行人監測與工地機具效率分析。
us_490	美國	Pano AI	山火監測			舊金山公司，在山頂與鐵塔架設 360 度攝影機，搭配衛星資料與人力值班中心判讀，確認火點後通報。客戶主要是電力公司、消防單位與林地業主，按監測站點訂閱收費，部署遍及美國西部與澳洲。
us_493	美國	PassiveLogic	建築自主控制			猶他州公司，做法是先替建築建立含物理關係的數位模型，再讓控制器據此自行推算空調與照明的運轉策略，取代傳統靠人工設定規則的樓宇自動化。營收來自控制器硬體與設計軟體，並開放自有建模格式。
us_494	美國	Path Robotics	焊接機器人			俄亥俄州哥倫布市公司，鎖定美國焊工短缺缺口。機器人靠掃描實際工件自行規劃焊道，不需事先編程或高精度夾治具，採不要求客戶先投入資本支出的收費方式，客戶含造船、重型機械與資料中心供應鏈。
us_495	美國	PathAI	病理 AI	AISight	數位病理切片的管理與檢視平台，可串接多家 AI 判讀工具	波士頓公司，一邊替藥廠在臨床試驗中做病理判讀與生物標記分析，一邊賣數位病理影像平台給實驗室與醫學中心。累積逾三千萬份病理標註，前十五大藥廠多為其客戶，目前已同意被羅氏收購。
us_497	美國	Pensa Systems	零售貨架識別			德州奧斯汀公司，在荷蘭海牙設有歐洲據點。用店內拍攝的貨架影像重建陳列狀態，判斷缺貨、陳列合規與促銷執行狀況，把結果賣給快消品牌與連鎖通路，取代原本靠人力巡店的稽核方式。
us_498	美國	Peraton Labs	國防研究（原 Bell Labs 分支）			政府服務承包商 Peraton 旗下的研究部門，約四百五十名研究與工程人員，血緣可追到貝爾實驗室與 Telcordia。收入來自國防、情報、能源等單位的研究合約，領域含電子戰、資安、無線網路與量子光電。
us_5	美國	Absci	AI 抗體與蛋白藥物設計	生成式抗體平台	用生成模型直接設計抗體序列，再以高通量實驗篩選驗證	華盛頓州溫哥華市的上市生技公司，收入來自與藥廠的合作金與里程碑款，合作方含阿斯特捷利康、默克、Almirall。做法是讓濕實驗室與模型反覆迭代設計抗體，自有管線 ABS-201 針對雄性禿，已進入臨床一期。
us_500	美國	Perceptive Automata	行人意圖預測（已關閉）			由哈佛認知科學研究者創立，用人類受試者的判斷資料訓練模型，推估路上行人與騎士的注意力和意圖，供自駕與輔助駕駛系統決策。曾與多家車廠做過驗證但未能量產，公司已停止營運並處分資產。
us_501	美國	Permion	國防 AI			把神經網路與符號邏輯推理結合，做成名為 XVM 的虛擬處理器，強調推理過程可解釋，且能在雲端、邊緣或老舊系統上部署。主攻政府與任務關鍵場域，曾在 G7 與歐盟合辦的政府 AI 大挑戰中獲選。
us_502	美國	Perplexity	AI 搜索引擎	Perplexity；Comet 瀏覽器		AI 搜索引擎，收入來自 Pro 訂閱、企業版和廣告，並推出 Comet 瀏覽器。
us_503	美國	Perrone Robotics	自動駕駛套件			維吉尼亞州夏洛茨維爾的小型公司，以自研的通用機器人作業系統起家，產品是可裝到各種車型上的自駕改裝套件。落地場景多為園區接駁、社區公車與最後一哩配送，也提供已改裝好的交鑰匙車輛。
us_504	美國	Phantom AI	ADAS 視覺	PhantomDrive	L2 輔助駕駛的車輛控制模組，負責主動車距巡航與車道維持、變換	創辦人來自特斯拉 Autopilot 與現代汽車團隊。不做無人計程車，而是把感知、感測融合與控制模組賣給 Tier 1 供應商與車廠，用於符合 Euro NCAP 的 L2、L3 輔助駕駛，強調在低算力晶片上也能運行。
us_505	美國	Picarro Inc	氣體檢測儀器			加州桑尼維爾公司，核心技術是光腔衰盪光譜，可測到兆分之一濃度的氣體。除賣給研究機構的分析儀外，主要收入來自天然氣管線業者的甲烷洩漏巡檢，並延伸到環氧乙烷滅菌廠與半導體、製藥廠的排放監測。
us_506	美國	Pickle Robot Co	卸貨機器人			MIT 校友創辦，總部在麻州劍橋。機械臂以氣動吸盤抓取貨櫃內的箱件放上輸送帶，單件可達二十多公斤，每小時能卸上千件。客戶是倉庫與第三方物流商，切入的是缺工且流動率高的卸貨崗位。
us_507	美國	PickNik Robotics	機器人運動軟件	MoveIt Pro	機械臂的運動規劃與遙操作軟體，由開源 MoveIt 發展的商用版	總部在科羅拉多州波德市，是開源運動規劃框架 MoveIt 的主要維護者，收入來自替客戶做客製開發與商用版授權。客戶多為機器人整機廠與國防、太空專案團隊，商用版原名 MoveIt Studio，2024 年改為現名。
us_508	美國	PicnicHealth	病歷數據			代病人向各家醫療院所索取病歷，整理成可檢視的時間軸，對病人這端幾乎不收費。真正的收入來自把去識別化的真實世界數據賣給藥廠做研究與臨床試驗招募，並針對特定疾病設立長期追蹤計畫。
us_509	美國	Picsart	圖片編輯			亞美尼亞裔創辦人 2011 年成立，以手機修圖 App 起家，後來擴成訂閱制的創意平台，整合模板、素材庫與多家廠商的生成模型。收入來自個人與團隊訂閱，另對企業提供 API 與 SDK 授權。
us_51	美國	Argo AI	自動駕駛（已關閉）			2016 年由 Google 與 Uber 自駕團隊出身的人創立，福斯與福特各投入數十億美元並各持約四成股份。2022 年 10 月兩大股東同時撤資後關閉，人員與技術分別被福特的 Latitude AI 和福斯的 Cariad 吸收。
us_512	美國	Pindrop	語音反欺詐	深度偽造檢測	分析通話聲音特徵，判斷來電是否為合成語音或冒用身分	2011 年創於亞特蘭大，靠分析通話音訊的聲紋特徵與線路痕跡判斷來電者身分。客戶集中在銀行與保險客服中心，按通話量或席次收訂閱費，近年重心從傳統電話詐騙轉向合成語音與視訊會議的辨識。
us_513	美國	Pinterest	圖片社交	推薦模型	依收藏與瀏覽行為排序圖釘與商品的推薦排序模型	上市公司，收入幾乎全部來自廣告。平台核心是用戶收藏圖片的看板，使用情境偏向購物與裝修、穿搭的靈感搜尋，因此把推薦與視覺搜尋模型直接接到商品導購，廣告主以零售與消費品牌為主。
us_515	美國	PlayAI	語音生成			2021 年成立，原名 Play.ht，做文字轉語音、聲音複製與語音代理建構工具，以 API 與訂閱向開發者收費。2025 年團隊與技術授權被 Meta 收購，創辦人加入其 AI 部門，原有產品與 API 陸續停止服務。
us_517	美國	Plus One Robotics	視覺引導揀選			2016 年創於德州聖安東尼奧，賣的是軟體而非機械臂，搭配第三方工業機器人做包裹分揀與拆棧板。特色是遠端人工接手機制，機器碰上判斷不了的物件時由操作員即時指示，一人可同時看顧多台。
us_518	美國	PlusAI	自動駕駛卡車	SuperDrive	供長途貨卡使用的 L4 自駕系統，與車廠合作前裝出廠	總部在加州聖塔克拉拉，走與車廠深度綁定的路線而非自建車隊，由 TRATON 旗下 Scania、MAN、International 以及現代、Iveco 在產線上直接裝載其系統，同時在德州以商業貨運實際驗證。
us_519	美國	Poly	會議設備（惠普旗下）			由耳機廠 Plantronics 與視訊會議廠 Polycom 於 2018 年合併而成，產品為耳機、會議鏡頭與會議室設備。2022 年被惠普以約 33 億美元收購，品牌併入惠普的混合辦公產品線，原網域已導向惠普官網。
us_520	美國	Polygraf AI	AI 內容檢測			總部在德州奧斯汀，主打模型可部署在企業內網，待檢內容不必送上第三方雲端。產品線除了生成內容偵測，還包括著作權比對與資料外洩防護，面向重視合規的企業、政府與教育機構。
us_521	美國	Pony.ai	小馬智行，Robotaxi	Robotaxi	在北京、上海、廣州、深圳開放載客的無人計程車隊	小馬智行，運營 Robotaxi 和自動駕駛卡車，收入來自出行服務、車隊運營和對車企的技術授權。
us_522	美國	PRENAV	無人機檢測			2013 年成立，最初解決的是 GPS 訊號不良環境下的精準飛行，後來重心移到把拍攝與雷射掃描結果轉成 3D 數位孿生，再用深度學習找裂縫與鏽蝕。服務對象是通訊塔、風機與工業廠房的業主。
us_523	美國	Primer.ai	國防情報 NLP	Primer Command	即時彙整新聞與社群訊息，供分析人員追蹤事件與輿論的監看平台	2015 年創於舊金山，早期做新聞自動摘要賣給金融機構，後來轉向國防與情報市場。平台已取得美國國防部 IL-5 等級的雲端授權，可在機敏環境內部署，客戶為國防部、情報體系與聯邦政府單位。
us_524	美國	Pronto AI	礦區自動駕駛			由自駕車業界老手創立，總部舊金山。刻意只用攝影機、不裝光達與雷達以壓低成本與部署時間，系統可加裝在既有的各廠牌礦車上。已與小松合作推出方案，並簽下海德堡材料逾百台車的部署合約。
us_525	美國	Proscia	數字病理	Concentriq	病理影像平台，供實驗室儲存、調閱切片並接上判讀模型	總部在費城，賣的是病理切片數位化之後的影像管理與分析平台，分成醫院臨床診斷與藥廠研發兩條產品線。客戶是病理實驗室、醫學中心與製藥公司，按訂閱收費，臨床版已取得 FDA 許可。
us_53	美國	ArteraAI	前列腺癌預後 AI			從病人既有的病理切片影像預測其對特定療法的反應，不需額外取樣或消耗組織，切入點是攝護腺癌該不該加做荷爾蒙治療的決策。檢測已取得 FDA De Novo 許可，全美五十州可開立，另有英國、澳洲等地合作夥伴。
us_530	美國	Qualcomm	移動芯片，端側 AI	驍龍 NPU	手機晶片內的神經網路加速單元，負責在裝置端執行模型推論	賣手機芯片和授權專利，推動手機與 PC 端側 AI。
us_531	美國	Qualtrics	體驗管理			2002 年創於猶他州，做問卷調查與體驗數據平台，客戶涵蓋零售、醫療與政府。2019 年被 SAP 以 80 億美元收購，2021 年分拆上市，2023 年又被私募基金 Silver Lake 以約 125 億美元買下私有化。
us_532	美國	Rad AI	放射科報告 AI			由放射科醫師創辦，總部在加州柏克萊。產品嵌進醫院既有的報告系統，自動生成結論段落並追蹤偶發病灶的後續回診，向放射科診所與醫院集團收訂閱費。累計募資約 1.5 億美元，多家醫療體系也入股。
us_533	美國	Radiance Technologies	國防工程			1999 年成立於阿拉巴馬州亨茨維爾，百分之百員工持股。以承接美國國防部、情報體系、國土安全部與 NASA 的研發與系統工程合約為業，涵蓋感測器演算法、定向能、極音速與快速原型，員工約九百人。
us_535	美國	Radiology Partners	放射科醫生集團			全美規模最大的放射科醫師集團，靠收購與整合地方診所擴張，替醫院與健康體系承包影像判讀。總部在德州奧斯汀，自設技術部門 Mosaic 開發流程與判讀工具，背後有私募基金支持，負債規模一度引發關注。
us_536	美國	RAIC Labs	衛星圖像 AI			2019 年創於威斯康辛州，原名 Synthetaic，創辦人是國家地理探險家 Corey Jaskolski。核心技術不需人工標註即可在海量影像中找出目標，2023 年因追蹤中國偵察氣球路徑受到注意，客戶以國防與情報單位為主。
us_537	美國	Rain Neuromorphics Inc	類腦芯片			2017 年創於舊金山，做類比運算的推論晶片，主打穿戴、物聯網與機器人等低功耗邊緣場景。投資人包括 Sam Altman，早年一筆與中國有關的投資曾因外資審查被迫退出，2024 年起開始出貨。
us_540	美國	Raven Industries (CNH)	CNH 旗下精準農業	自主農機	加裝於既有曳引機的無人駕駛套件，收割時自動跟車接運穀物	1956 年成立於南達科他州蘇瀑市，早期做高空氣球與工業薄膜，後來轉向農機導航、噴灑控制與田間感測。2021 年被 CNH Industrial 以約 21 億美元收購，成為其精準農業部門，已不再獨立運作。
us_541	美國	Raytheon	國防巨頭（RTX）	導彈與雷達	愛國者等防空飛彈系統，以及地面與艦載的預警雷達	2020 年與聯合技術合併為 RTX，成為底下三大事業群之一，另兩個是 Collins Aerospace 與 Pratt & Whitney。產品以飛彈、雷達與防空系統為主，收入高度依賴美國政府採購與盟國軍售合約。
us_542	美國	RE2 Robotics	軍用雙臂機器人（被 Sarcos 收購）			2001 年從卡內基美隆大學國家機器人工程中心分拆，位於匹茲堡，做可加裝在既有載具上的雙臂操作系統，主要客戶是美軍拆彈與工兵單位。2022 年被外骨骼公司 Sarcos 收購，原品牌已不再單獨營運。
us_543	美國	RealNetworks	流媒體與視覺 AI	SAFR 人臉識別	比對監視畫面與名單的人臉辨識軟體，用於門禁與校園安防	1994 年以 RealAudio、RealPlayer 起家的網路串流先驅，串流業務式微後轉做人臉辨識與簡訊風控，並經營休閒遊戲 GameHouse。2022 年由創辦人 Rob Glaser 收購下市，近年陸續出售部分業務。
us_544	美國	Realtime Robotics Inc	機器人運動規劃			由大學研究團隊分拆，總部在波士頓，把碰撞避免的運算做成專用處理與雲端規劃工具。解決的是多台機器人共用同一工作站時的路徑衝突與人工調校，客戶以汽車廠焊接、組裝產線為主。
us_545	美國	Reconstruct Inc	建築進度可視化			2016 年成立，技術源自伊利諾大學香檳分校的研究，總部在加州門洛帕克。用手機或 360 相機拍的素材生成可漫遊的工地數位孿生，並與設計圖和工期對齊，賣給營造商與業主做遠端驗收與爭議舉證。
us_546	美國	Recursion	AI 藥物發現	Recursion OS	以機器人大量拍攝細胞影像，再從影像差異推測化合物作用的實驗平台	用細胞影像和機器學習大規模篩藥，自己推進管線，也與羅氏等大藥企合作。
us_548	美國	Reducto	文檔解析			由 MIT 出身團隊創立的 Y Combinator 公司，做的是把 PDF、表格、圖表與掃描件轉成結構化 JSON 的 API，供檢索增強生成與文件流程使用。按頁計費，客戶從新創延伸到大型金融與醫療企業。
us_549	美國	Refraction AI	配送機器人			2017 年由密西根大學教授 Matthew Johnson-Roberson 與 Ram Vasudevan 創立，總部安娜堡。REV-1 走自行車道而非人行道，靠十餘顆攝影機取代光達把整車成本壓到五千美元，疫情期間曾替當地餐廳送餐，近年已無公開營運跡象，官網亦已下線。
us_550	美國	Reka AI	多模態模型	Reka Core	可同時讀取文字、圖片、影片與音訊輸入的多模態大模型	2022 年由 DeepMind、Google Brain 與 Meta 出身的研究者創立，團隊規模小但自行從頭訓練模型。以 API 與可私有部署的授權對企業收費，曾傳出被 Snowflake 洽談收購但未成交。
us_551	美國	RelationalAI	知識圖譜數據庫			以 Snowflake 原生應用的形式在客戶的資料倉儲內執行，資料不必搬出去。用自家宣告式語言 Rel 建模，同時支援圖分析、規則推理與最佳化，已知客戶包括 AT&T、Block 與 Blue Yonder。
us_552	美國	Replika	AI 伴侶			由 Luka 公司開發，2017 年推出，起源是創辦人 Eugenia Kuyda 用亡友的訊息記錄訓練的聊天機器人。採免費加訂閱制，約四分之一用戶付費，曾因調整情感互動尺度與義大利監管介入引發用戶反彈。
us_553	美國	Replit	在線編程與編程智能體	Replit Agent	依自然語言描述，在瀏覽器裡生成、除錯並部署應用的編程智能體	2016 年成立，原本是瀏覽器內的多語言編程環境，在教育與初學者市場累積用戶。2023 年後重心轉向用自然語言直接生成應用，按訂閱加用量計費，並附帶資料庫、部署與身分驗證等配套服務。
us_554	美國	Resemble AI	語音克隆			總部在加州山景城，除了語音生成也做深偽偵測與音訊浮水印，等於同時賣造假工具與辨偽工具。支援雲端與地端部署，客戶包含大型企業與政府單位，曾為 Netflix 的安迪沃荷紀錄片重建旁白聲音。
us_557	美國	Rev	轉寫服務			2010 年成立，模式是 AI 產出初稿再由大量自由接案者校對，分成純 AI 與人工覆核兩種價位，按音訊分鐘計費。累積的人聲語料反過來用於訓練自家辨識模型，並以 API 形式對外販售。
us_558	美國	Reve	圖像生成	Reve Image	文生圖模型，強調照提示詞安排版面，並把畫面中的文字拼對	位於加州帕羅奧圖的小團隊，2025 年 3 月推出首個模型後隨即在第三方影像評測榜上名列前茅。強調文字指令的還原度與畫面中的文字排版正確性，提供網頁工具與 API，也被第三方平台整合轉售。
us_56	美國	Arzeda	蛋白與酶設計			2008 年從華盛頓大學 David Baker 實驗室分拆，總部西雅圖，是最早把計算酵素設計商業化的團隊之一。用共同開發加權利金或供料的方式，把設計出的酵素與蛋白交給食品、個人護理、材料與製藥客戶量產。
us_560	美國	Rhombus Power Inc	國防預測 AI	Guardian	匯整開源情報與多方資料，為軍方推估威脅動向的決策分析平台	2011 年由 Anshu Roy 創於加州帕羅奧圖。平台整合多來源資料做威脅預警、兵力與資源配置推演，2020 年與美國空軍簽下金額上看兩億美元的合約，客戶多為軍方、情報機構與盟國政府。
us_561	美國	Richtech Robotics	服務機器人			總部在拉斯維加斯，2023 年於那斯達克上市，代號 RR。除了餐飲送餐與調飲機器人，也做商用清潔與物料搬運機型，累計部署數百台，近年與輝達、SoundHound 合作強化感知與語音互動。
us_562	美國	RightHand Robotics Inc	揀選機器人			2015 年由哈佛、耶魯與 MIT 的研究者創立，團隊出身 DARPA 機器人挑戰賽，總部在波士頓查爾斯敦。把夾爪、視覺與控制軟體整合成可接在標準工業機械臂上的模組，客戶多為電商、藥品配送與服飾倉儲。
us_563	美國	Rime	語音合成			主打低延遲且口音、語速可調的對話語音模型，鎖定電話客服這類必須即時回應的場景，客戶集中在金融、醫療與旅宿業。提供雲端 API 與地端部署，2025 年完成約 2400 萬美元 A 輪募資。
us_565	美國	Riverain Technologies	胸片 AI	ClearRead	從胸部 X 光片中抹除肋骨影像，凸顯容易被遮蔽的肺結節	俄亥俄州代頓市的老牌醫學影像分析公司。產品把肋骨與鎖骨等結構從胸部 X 光片中抑制掉，讓肺結節更容易被看見，另有 CT 版做結節偵測與冠狀動脈鈣化評分。用戶超過四百個院所，含美國退伍軍人事務部。
us_566	美國	Rivian	電動車企	R1、R2	R1T 皮卡與 R1S 休旅為主力，R2 是尺寸較小的平價休旅	2009 年成立，在伊利諾州諾默爾的舊三菱廠房設廠，2021 年上市。除自有車款外也替亞馬遜生產電動送貨車，另與福斯成立合資公司，把自家的電子電氣架構與軟體技術對外授權換取資金。
us_568	美國	Roadzen	車險科技			總部設在紐約與印度，2023 年透過 SPAC 在那斯達克掛牌，代號 RDZN。用電腦視覺做車損定損與駕駛行為評分，也做保單分銷，客戶是保險公司、經紀商與車隊業者，業務橫跨印度、美國與歐洲。
us_569	美國	Roblox	遊戲平台	Cube 3D 模型	由文字生成 3D 模型的開源模型，可在平台編輯器內直接建物	2004 年成立、2021 年直接上市，平台上的遊戲幾乎全由用戶自製。收入主要來自虛擬貨幣 Robux 的銷售，再按規則分潤給開發者。用戶年齡偏低，近年因未成年人安全問題面臨多州訴訟與監管壓力。
us_57	美國	ASAPP	客服 AI			2014 年創於紐約，替大型客服中心做自動應答與真人坐席輔助，可串接客戶既有的 CRM 與雲端客服平台。客戶包括捷藍航空、Dish 與安永，按坐席數或對話量收費，主打以省下的人力成本論效益。
us_570	美國	Robotic Research (RE2)	軍用與商用自主車輛			1997 年創於馬里蘭州，長期替美軍開發車隊自主行駛、導航與無 GPS 定位系統，也做過機場接駁與公車的自動駕駛。2023 年改名 Forterra，收縮到國防地面無人載具，原名稱已不再使用。
us_571	美國	Robust AI	倉儲協作機器人	Carter	倉庫裡跟著揀貨員移動、載運貨箱的協作推車	2019 年由機器人學界的 Rodney Brooks 與 Henrik Christensen 等人創立。Carter 是可由人推也可自走的搬運推車，賣點是不必改動倉庫既有動線與基礎設施，採不需客戶資本支出的租賃收費，客戶含 DHL 供應鏈。
us_575	美國	ROS (Open Robotics)	機器人操作系統 ROS 維護方	ROS 2	機器人軟體的開源中介框架，處理模組間通訊並提供驅動與工具生態	源自 2007 年 Willow Garage 的內部專案，後交由非營利的 Open Source Robotics Foundation 維護，靠贊助、合約與會員費運作。2022 年營運實體被 Alphabet 旗下 Intrinsic 收購，2024 年另成立 Open Source Robotics Alliance 統籌開發治理。
us_576	美國	Runway	視頻生成	Gen-4	影片生成模型，可用一張參考圖讓角色與場景在不同鏡頭間保持一致	視頻生成與編輯工具，向創作者和影視公司訂閱收費。
us_577	美國	Sagence AI	模擬存內計算			前身為 Analog Inference，2024 年底改名並公開技術。總部在加州，做法是在多階記憶體單元內進行深次臨界類比運算，藉此壓低推論的功耗與單位成本，鎖定資料中心與邊緣客戶。投資方包括 TDK Ventures、New Science Ventures，產品仍在導入階段。
us_578	美國	Salesforce	CRM 軟件	Agentforce	在客戶資料上建置客服與銷售智能體的平台，可自動處理案件	賣 CRM 軟件訂閱，推出 Agentforce 智能體平台。
us_579	美國	SambaNova	AI 芯片與推理	SN40L	自研推理晶片，用三層記憶體架構讓單機載入多個大模型	2017 年由史丹佛教授 Kunle Olukotun、Chris Ré 與前甲骨文主管 Rodrigo Liang 創辦，總部帕羅奧圖。早期賣整櫃式系統給政府實驗室與大型企業，近年改推雲端推論服務，以按量計價的訂閱收入為主，估值曾達 50 億美元。
us_580	美國	SandboxAQ	谷歌分拆，AI+量子	LQM 模型	以物理化學方程與數值資料訓練的模型，用於模擬分子與材料性質	2022 年 3 月自 Alphabet 分拆獨立，執行長 Jack Hidary，前 Google 執行長 Eric Schmidt 任董事長。業務橫跨後量子密碼盤點與遷移、藥物與化學模擬、量子感測導航，客戶以政府與大型金融、製藥機構為主，2025 年估值約 57.5 億美元。
us_581	美國	Sarcos Guardian	外骨骼與遠程操控機器人	Guardian XT	上半身人形的遙控作業機器人，操作員遠端同步動作搬運重物	公司 2024 年改名 Palladyne AI，同時中止 Guardian XO 全身外骨骼的量產計畫，重心轉到機器人 AI 軟體與國防無人系統。2022 年曾收購 RE2 取得機械手臂技術。現行產品線是遊蕩彈藥與群體自主軟體，外骨骼已非營收來源。
us_582	美國	Saronic Technologies	自主水面艦艇	Corsair 無人艇	24 呎自主無人艇，航程約一千浬，執行海域偵察與載運任務	2022 年在德州奧斯汀創立，自建船廠量產無人艇，不走外包路線。2025 年 12 月取得美國海軍約 3.92 億美元的量產合約，是首款進入高速量產的美軍無人水面艇；2026 年一艘 Corsair 在荷莫茲海峽附近完成人員救援任務。
us_583	美國	Satellogic	地球觀測衛星			2010 年由阿根廷團隊創立，2022 年經 SPAC 在納斯達克上市，代號 SATL，後將註冊地移至美國。已發射逾 50 顆小型衛星，收入來自影像訂閱與整套主權衛星系統交付兩塊，客戶涵蓋能源礦業、政府國防與金融保險。
us_584	美國	Scale AI	數據標註與評測	數據引擎	結合人工標註與模型輔助，替客戶產出訓練與評測資料的流程平台	為 AI 公司和美國政府提供數據標註、模型評測服務，2025 年 Meta 入股 49%。
us_585	美國	Scientific Systems	國防自主系統研發			1990 年創立，原設於麻州 Woburn，2024 年遷入 Burlington 新總部。收入幾乎全來自美國國防部與陸軍的研發合約，做多平台協同自主、感測資料融合等演算法，曾以 MQ-20 無人機驗證全自主防空任務，屬研發型承包商而非量產商。
us_587	美國	Seegrid	自主移動機器人			2003 年自卡內基美隆大學分拆成立，總部匹茲堡。產品多是在既有拖車頭、堆高機上加裝視覺導航，不需在廠房鋪設磁條或反光標記，客戶為製造與倉儲業者，累計行駛里程超過兩千萬英里，機器在美國組裝與維修。
us_588	美國	Segmind	生成式 AI 推理平台			2022 年成立，據點在加州聖克拉拉與印度。以無伺服器 GPU 的方式，把兩百多個開源影像、影片、音訊模型包成同一組 API 出租，按呼叫次數或 GPU 時數計費，另提供拖拉式工作流工具，客群是要做生成式媒體的開發者與小型團隊。
us_589	美國	Sensagrate	交通安全 AI			2018 年成立，總部亞利桑那州斯科茨代爾。把攝影機與感測器裝在路口分析車流與行人行為，也做路側對車輛的資訊推送。客戶是市政府與大學，包括斯科茨代爾市、土桑市、UCLA 與亞利桑那州立大學，並與 Verizon、NVIDIA 合作。
us_59	美國	AssemblyAI	語音識別 API	Universal 語音模型	語音轉文字模型，支援多語言與即時串流，並輸出標點與說話者分段	2017 年成立，總部舊金山，走開發者自助註冊、依用量計費的模式，除了轉寫還提供摘要、講者分離與情緒判讀等衍生功能。近年主力轉向語音代理所需的低延遲串流辨識，客戶多為軟體商，而非直接面對終端使用者。
us_590	美國	Sensory Inc	端側語音			1994 年成立於矽谷，是最早把神經網路用於嵌入式語音辨識的公司之一。不做雲端服務，而是把喚醒詞、命令詞與聲紋、臉部辨識模型授權給晶片商與家電、車廠整合，資料不離開裝置。宣稱累計出貨超過 30 億台，客戶含 Google、三星、本田。
us_591	美國	Serve Robotics	Uber 分拆，人行道配送機器人			前身是 Postmates 的機器人部門，Uber 併購後於 2021 年分拆獨立，2024 年在納斯達克掛牌。收入來自替 Uber Eats、7-Eleven 等平台跑最後一哩並按單計費，目前在洛杉磯、邁阿密、芝加哥等城市營運，2026 年 Uber 出清持股。
us_592	美國	ServiceNow	企業工作流	Now Assist	內建於工單流程的生成式助手，會摘要案件並草擬回覆與處理步驟	2004 年成立，最早做 IT 服務管理工單系統，之後擴張到人資、客服、法務等跨部門流程，靠企業年度訂閱收費，客戶以大型企業與政府機構為主。近年把生成式 AI 功能包成加購模組銷售，是提高單一客戶年費的主要手段。
us_593	美國	SES AI	鋰金屬電池，AI 材料發現	Molecular Universe		2021 年經 SPAC 在紐交所上市，創辦人胡啟朝，原本主攻電動車用鋰金屬電池，並與通用、現代簽過合作。因車用量產遲遲未到，2025 年起把重心移到賣材料探索軟體與 AI 服務，電池則轉做無人機、儲能等小批量應用。
us_594	美國	Shield AI	國防自主飛行	Hivemind；V-BAT	讓飛行器在無 GPS 與通訊下自主執行任務的軟體，搭配垂直起降無人機	研發無人機自主飛行軟件 Hivemind 和垂直起降無人機 V-BAT，客戶是美國軍方。
us_595	美國	Silicon Storage Technology Inc	微芯科技旗下存儲 IP			1989 年成立，1995 年在納斯達克上市，2010 年被微芯科技收購成為全資子公司，總部仍在聖荷西。不自己生產晶片，而是把分離閘快閃記憶體與類比運算技術授權給晶圓廠與晶片設計商，收授權金與權利金，累計出貨逾 750 億顆。
us_596	美國	Simbe	超市盤點機器人	Tally	在賣場走道自動巡邏的機器人，掃描貨架盤點缺貨與標價錯誤	2014 年成立，總部舊金山。不賣硬體，改成按店訂閱收費，並把掃到的缺貨、錯標價資料同時賣給零售商與可口可樂等品牌商，等於一份資料兩邊收錢。目前部署橫跨三大洲近千家門市。
us_598	美國	Simulations Plus Inc	藥物研發建模軟件	GastroPlus	模擬口服藥物在人體吸收與代謝的軟體，用於劑量設計與法規送件	1996 年成立於加州，靠軟體授權加顧問服務兩塊營收，客戶是藥廠與美國 FDA 等監管機構，模擬結果常直接寫進新藥申報文件。2025 年被醫療投資機構 Altaris 收購下市，並計畫與分子設計軟體商 Chemical Computing Group 整併。
us_600	美國	Skydio	自主無人機	X10	自主飛行的多旋翼機，配熱像與長焦鏡頭，供警消出勤與基建巡檢	賣自主飛行無人機給軍方、公共安全和能源巡檢客戶。
us_603	美國	Skylark Labs	安防視覺 AI			2018 年成立，總部加州門洛帕克，早期以印度海軍的跑道異物偵測等國防案子起家。核心賣點是模型在裝置端持續學習、不依賴雲端連線，產品線從監控攝影機延伸到無人機、地面載具與機器人的感知模組。
us_605	美國	Skyryse	飛行自動化	SkyOS	線傳飛控作業系統，把直升機操作簡化為單一搖桿，並能自動緊急降落	2016 年成立，總部加州 El Segundo。做法是把既有直升機與小型飛機的機械操縱系統換掉，改由自家飛控接管，讓不同機型共用同一套操作介面以降低訓練門檻。首款整機以貝爾 505 為基礎改裝，客戶含軍方、空中醫療與執法單位。
us_606	美國	Slamdunk.ai	視覺 AI			用手機攝影機做人體姿態辨識，把使用者動作與職業選手逐格比對後給出修正建議，訴求是請不起教練的人也能練技術。目前支援網球、瑜珈與足球，板球、高爾夫等在開發中，採消費者訂閱制，公司規模不大。
us_607	美國	SLB	油服巨頭（斯倫貝謝）	Lumi 平台	整合探勘與生產資料的雲端平台，內建產業專用模型供客戶開發應用	前身斯倫貝謝，1926 年成立，是全球最大油田服務商之一，在紐約、巴黎、倫敦三地掛牌。收入主力仍是鑽井、油藏評估與生產設備服務，數位只占一部分。2024 年推出的平台把能源資料標準化後接上 AI，並與 NVIDIA 及各大雲端合作。
us_608	美國	Slingshot Aerospace	太空態勢感知			2016 年成立，總部加州 El Segundo。自建全球光學感測器網路追蹤在軌物體，再併入收購來的 Seradata 衛星與發射歷史資料庫，做成訂閱式的太空態勢圖，賣給美國太空軍等政府單位與衛星營運商，另有模擬訓練產品線。
us_61	美國	Asylon Robotics	安防無人機與機器狗			2015 年成立，總部費城，最早做無人機電池自動更換站。現在以機器人保全營運中心的形式賣服務，由遠端人員監看自主巡邏的無人機與 Spot 機器狗，收訂閱費而非硬體費，客戶多是倉儲、物流園區與關鍵基礎設施。
us_610	美國	Snap Inc	社交相機	Snapchat AI；Spectacles		2011 年以 Snapchat 起家，2017 年紐交所上市，九成以上收入來自廣告，長期難以穩定獲利。近年把資源押在 AR 眼鏡與開發者工具 Lens Studio，想在手機廣告之外開出第二條路，但眼鏡至今未大規模出貨。
us_611	美國	Snowflake	數據雲	Cortex AI；Arctic 模型		2012 年由前甲骨文工程師創立，2020 年紐交所上市。跑在 AWS、Azure、GCP 上而不自建機房，採用量計費而非席次訂閱，毛利因此受雲端成本牽制。近年把 AI 功能併入平台並經營資料共享市集，與 Databricks 正面競爭。
us_612	美國	Softmax	多智能體對齊研究			2025 年 3 月由 Twitch 共同創辦人 Emmett Shear 與 Adam Goldstein、David Bloomin 成立。主張對齊只有放在多個智能體的互動裡才成立，用強化學習環境觀察代理如何合作、背叛與形成共同目標，目前偏研究導向，尚無明確商業產品。
us_615	美國	Sony Corp America	索尼美國			索尼在美國的控股公司，總部紐約，統轄索尼影視、索尼音樂與索尼電子等美國業務。本身不設研發部門，AI 工作分散在集團旗下的 Sony AI 研究院與索尼半導體等單位，對外多以集團名義發布，沒有獨立於索尼集團之外的官網。
us_616	美國	Sorenson Communications	手語與聽障通訊			1990 年代靠視訊轉譯服務起家，收入長期依賴美國聯邦通訊委員會的電信轉接基金補貼，屬受監管業務。近年併入 CaptionCall 等品牌，轉向企業與醫療市場賣遠端手語翻譯與即時字幕，並在辨識與字幕環節導入 AI 以壓低人力成本。
us_617	美國	Soroco	工作流挖掘			由微軟與學界出身的團隊創立，在波士頓、倫敦與班加羅爾設點，持有約 40 項專利。做法是在員工電腦上收集操作軌跡，拼成跨人員與系統的工作圖譜，賣給《財星》500 大企業做流程改造，屬軟體加顧問的混合模式。
us_618	美國	Sound Hound Ai Ip LLC	SoundHound 語音 AI 專利實體	Houndify	可嵌入車機、家電與點餐系統的語音辨識與語意理解開發平台	SoundHound AI 名下的智慧財產權持有實體，用於集中管理語音辨識與自然語言專利。母公司 2005 年成立，2022 年經 SPAC 上市，收入來自車廠、速食連鎖與客服中心的語音代理授權，2024 年收購客服 AI 公司 Amelia 後轉向企業客服市場。
us_619	美國	SpaceX (Starship)	航天	星艦	全不鏽鋼兩節式可重複使用超重型火箭，目標載人載貨往返月球與火星	2002 年由 Elon Musk 創立，總部已遷至德州 Starbase。現金流主要來自獵鷹九號的可回收發射服務與 Starlink 衛星網路訂閱，星艦則是耗資最大的開發項目，綁著 NASA 的載人登月合約與新一代星鏈部署，目前仍在反覆試飛。
us_62	美國	AT&T Mobility II LLC	AT&T 無線業務	網絡 AI		AT&T 無線業務的法人實體，用來持有頻譜執照與網路資產，不以獨立品牌對外營運。AI 投入集中在網路排程最佳化、基地台故障預測與客服自動化，由母公司統一管理與揭露，因此沒有屬於自己的官方網站。
us_621	美國	Stack AV	軟銀支持的自動駕駛卡車			2023 年由 Argo AI 原執行長 Bryan Salesky 與技術長 Peter Rander 在 Argo 收攤後創立，總部匹茲堡，軟銀提供主要資金。只做重型卡車，路線是把自駕系統賣給車廠與車隊業者而非自建運輸公司，目前仍在路測階段。
us_623	美國	Standard Bots (cobot)	協作機器人	RO1	六軸機械臂，負載十八公斤、臂展一點三公尺，可用手動示教設定動作	總部在紐約，強調手臂在美國設計與組裝，並承諾 2027 年前零組件全面國產。賣點是價格與免寫程式：入門型號約 2.95 萬美元起，操作員以示範方式教學即可設定。近期完成 2 億美元 C 輪、估值約 10 億美元，客群是中小型工廠。
us_624	美國	Starkey Hearing	AI 助聽器			創立於 1960 年代，由 Bill Austin 接手後壯大，總部在明尼蘇達州，是少數仍由私人持有的大型助聽器廠。除聽力補償外，把動作感測與健康追蹤放進耳內裝置，做跌倒偵測等功能。透過聽力師通路銷售，並設基金會在開發中國家捐贈助聽器。
us_625	美國	Starship Technologies	人行道配送機器人	配送機器人	六輪自駕小車，在校園與社區人行道運送餐點與雜貨	由 Skype 共同創辦人 Ahti Heinla 與 Janus Friis 於 2014 年創立，研發設在愛沙尼亞。收入來自向 Grubhub、Bolt、Co-op 等合作方按單收費，而非自營零售。累計配送超過一千萬單、行駛一千四百萬英里，覆蓋三百多個城市與園區。
us_626	美國	Stealth Robotics Startup	隱名機器人初創			
us_627	美國	STR	國防研發			總部在麻州 Woburn，全美設有七個據點，客戶幾乎全是美國國防部與情報體系。工作偏向演算法與原型系統：感測與頻譜、電子戰干擾、AI 資料融合、自主系統，多以研發合約交付而非量產硬體，人力以研究人員為主。
us_630	美國	Stripe	支付	支付基礎模型	以數百億筆交易自監督訓練的模型，用於偵測盜刷與提升授權成功率	2010 年由愛爾蘭籍的 Collison 兄弟創立，總部舊金山，至今未上市，靠交易抽成獲利，2025 年處理金額約 1.9 兆美元。近年把重點放在讓 AI 代理能直接下單付款，推出代理商務協定，並稱《富比士》AI 50 榜中近九成是其客戶。
us_631	美國	Subtle Medical	醫學影像增強			由史丹佛研究團隊於 2017 年衍生創立，總部在加州。軟體不綁機型，裝在既有 MRI、PET、CT 設備後端用深度學習去雜訊，讓掃描時間縮短五成以上，等於幫醫院提高機台周轉率。已取得 FDA 許可，並與 Bracco 合作推顯影劑減量產品。
us_632	美國	SuitX (US Bionics)	外骨骼			由加州大學柏克萊分校教授 Homayoon Kazerooni 的實驗室衍生成立，原名 US Bionics，主打不用馬達的被動式工業外骨骼，減輕肩、背與腿部負荷。2021 年被德國義肢大廠 Ottobock 收購，產品併入其人因工學事業，已不再以獨立品牌運作。
us_634	美國	Suno	AI 音樂生成	Suno	輸入文字描述即生成含人聲與配樂的完整歌曲	2022 年在麻州劍橋創立，團隊多出身語音辨識領域。採免費加訂閱制，付費方案才附商用授權，並提供分軌匯出等給創作者的工具。因訓練資料來源爭議遭美國主要唱片公司提告，後與部分唱片公司達成授權和解。
us_635	美國	Superagent	智能體			起初是開源的 LLM 代理框架，後來轉做軟體供應鏈與程式碼的自動化安全檢查：在合併前掃描相依套件風險、對已部署系統做對抗測試，並替代理的行為加上護欄，結果透過 MCP 介面回傳給開發團隊。公司規模仍小。
us_636	美國	Superb AI Inc	數據標註平台			2018 年由韓裔團隊創立，同時在首爾與美國設點，早期以自動化標註工具切入。近年往上整合，推出少量資料即可微調的視覺基礎模型與影片語意搜尋，客戶包含三星、現代、豐田與 LG，應用集中在自駕、物流與製造檢測。
us_638	美國	Sword	數字理療	Phoenix	語音對話式 AI 治療師，在復健過程中即時指導動作並回報臨床人員	2015 年由 Virgílio Bento 在葡萄牙創立，總部後遷美國。付費方是企業雇主與保險公司而非病患，按人頭計費；模式是寄動作感測裝置到家，由 AI 帶運動、真人物理治療師遠端監督，近年從肌骨疼痛擴到女性健康與心理健康。
us_639	美國	Symbio Robotics	汽車裝配機器人			由柏克萊出身的團隊創立，據點在舊金山灣區。不賣新機器人，而是在既有工業機械手臂上加裝感測與學習軟體，讓手臂能吸收零件公差、靠力回饋完成插接類的裝配動作，主要在汽車廠產線上驗證，公司規模不大。
us_640	美國	Symbolica AI	範疇論驅動的新架構			2022 年成立，總部舊金山，2024 年由 Khosla Ventures 領投約 3,100 萬美元。主張現行 Transformer 只靠模式比對，缺少把程式執行當成架構原語的能力，因此用範疇論與型別論設計推理引擎，已推出代理建構平台，尚未見大規模採用。
us_642	美國	Syntiant Corp	端側 AI 芯片	NDP 系列	超低功耗神經網路處理器，讓耳機與音箱常時待命偵測喚醒詞	2017 年成立，總部加州爾灣。晶片走記憶體內運算路線，主打永遠開啟的語音喚醒與聲音偵測，功耗以毫瓦計，靠出貨量而非單價獲利。2023 年宣布收購 Knowles 的消費性 MEMS 麥克風事業後，變成同時賣晶片、模型與感測器。
us_643	美國	TAE Technologies Inc	核聚變			1998 年成立，總部加州，是私人融資規模最大的聚變公司之一，累計募資逾 12 億美元。除聚變外，另以電池管理與硼中子捕獲治療兩條副業維持營收。2025 年再募逾 1.5 億美元，投資方含 Chevron 與 Google，年底宣布與 Trump Media 換股合併。
us_644	美國	Tagup	工業設備 AI			波士頓的小型公司，原本替電力、水務等公用事業做設備故障預測，把變壓器、泵浦的感測資料轉成剩餘壽命估計，以訂閱方式收費。近年業務重心移往國防與軍事物流的決策輔助，官網主打已改為物流，早期的預測維護技術是其基礎。
us_645	美國	Talkspace	在線心理治療			2012 年成立，以文字、語音與視訊提供諮商與精神科用藥管理，2021 年經 SPAC 在納斯達克上市。收入來源已從個人自費訂閱，轉為與保險公司、雇主及地方政府簽約，由會員以共付額使用。
us_646	美國	Tavus	數字人視頻			2020 年成立，原做影片個人化行銷，後轉向即時對話影片代理，自研臉部生成、視覺理解與對話節奏模型。以 API 用量計費，客戶用在銷售、面試與教育訓練。
us_649	美國	Teledyne FLIR (ground)	熱成像與地面無人車			FLIR 原以熱成像為本業，2019 年併購 Endeavor Robotics 等公司取得地面無人載具產品線；2021 年被 Teledyne 收購成為其事業群。地面機器人主要賣給軍方與排爆單位。
us_65	美國	Atomwise	AI 小分子藥物發現	AtomNet	以卷積神經網路預測小分子與蛋白的結合，做虛擬化合物篩選	2012 年成立於舊金山，用神經網路做虛擬篩選，替藥廠從數十億化合物庫挑候選分子，收授權金與里程碑金。2025 年改名 Numerion Labs，原網域已導向新站，轉向自有免疫與發炎管線。
us_650	美國	Telepathy Labs	對話 AI			以 Stella 系列把場景切細：前台接待、預約排程、零件查詢、工業與汽車服務各有一套對話代理，接聽企業來電並完成預約、報價與推薦。目標客戶是電話量大但人手不足的服務業與汽車經銷體系。
us_651	美國	Tempus	同 Tempus AI			與名單中的 Tempus AI 是同一家公司。2015 年由 Groupon 共同創辦人 Eric Lefkofsky 成立於芝加哥，2024 年 6 月在納斯達克上市，代號 TEM。
us_652	美國	Tempus AI	腫瘤基因與臨床數據 AI	Tempus 平台	腫瘤 DNA 與 RNA 定序服務，結合病歷產出用藥建議與臨床試驗配對	提供腫瘤基因檢測，積累臨床與基因數據後授權給藥企做研發。
us_653	美國	Tensor Auto	個人自動駕駛汽車			總部在聖荷西，2025 年 8 月發表 Robocar，主打賣給個人車主而非車隊，計畫 2026 下半年交車。車體與量產交由越南 VinFast 代工，並與 Lyft 合作讓車輛日後可接入叫車網路。
us_655	美國	TensorOpera AI	分佈式 AI 平台（原 FedML）	Fox 模型	十六億參數的開源小型語言模型，供雲端與手機、PC 端部署	前身是聯邦學習開源專案 FedML，創辦團隊出自南加大學術圈，後改名。收入來自 GPU 算力租用與模型訓練、推理服務；另發布 Fox 系列小模型主打端側部署。
us_656	美國	Terrafuse AI	氣候風險 AI			2018 年在柏克萊成立，把物理模型與機器學習結合，產出公尺級的野火、風與洪水風險分數，經 API 賣給保險、金融與政府單位核保定價。2025 年底被保險商 FutureProof 併購。
us_657	美國	Terray Therapeutics	AI 小分子藥物發現	tNova	用微陣列每日量測數十億次分子與標靶結合，資料回饋給生成式設計模型	2018 年成立於洛杉磯，自建微型化化學合成與檢測平台，一次可量測數百萬筆分子與蛋白的結合數據，再用這批自有數據訓練模型。除自有免疫與發炎管線外，也與大型藥廠簽合作，收前期款與里程碑金。
us_658	美國	Tesla	電動車、自動駕駛與人形機器人	FSD；Optimus；Robotaxi		賣電動車和儲能產品；AI 上研發 FSD 自動駕駛、Robotaxi 和人形機器人 Optimus。
us_659	美國	Tetramem Inc	存內計算芯片			2018 年成立於加州 Fremont，做多階 RRAM 類比記憶體內運算晶片，把乘加運算放進記憶單元以壓低邊緣推論功耗。已完成 MLX200 矽驗證，評估板預計 2026 下半年出貨。
us_66	美國	Aurora	自動駕駛卡車	Aurora Driver	由感測器、運算硬體與軟體構成的自駕套件，已在德州幹線無人載貨	研發自動駕駛卡車系統，與卡車廠商合作，按里程向貨運公司收費。
us_660	美國	Textio	招聘寫作 AI			2014 年成立於西雅圖，從改寫職缺文案起家，模型訓練在逾十億份人資文件上，現也分析面試與績效回饋用語。企業訂閱收費，官網稱四分之一的財星 500 大用過。
us_662	美國	Think Surgical	骨科手術機器人	TMINI	手持無線的小型手術機器人，依術前規劃引導膝關節置換的植入定位	前身是 1990 年代做 ROBODOC 的 Integrated Surgical Systems，2014 年重整為現名。策略是不綁單一植入物廠牌，讓醫師自選膝關節假體，賣給不想被大廠鎖死的醫院。
us_663	美國	Thinking Machines Lab	前 OpenAI CTO Mira Murati 創辦	Tinker 微調平台	讓開發者用 API 對開源模型做 LoRA 微調的託管服務	2025 年 2 月由前 OpenAI 技術長 Mira Murati 創辦，團隊多來自 OpenAI，同年以約 20 億美元種子輪募資、估值約 120 億美元，並固定對外發表技術文章。
us_664	美國	Third Wave Automation	自主叉車			2018 年成立於加州 Union City，做共享自主堆高機：機器自行作業，遇到處理不了的情況由遠端人員接手。以租賃訂閱賣給倉儲與三方物流，2024 年完成 2,700 萬美元 C 輪。
us_665	美國	ThorDrive	自動駕駛物流			2016 年由首爾大學團隊創立，美國總部設在辛辛那提，主攻機場地勤車輛自動駕駛，再擴到廠區、配送中心與港口。與地勤業者合作導入行李車與拖車，官網稱累計逾 22 萬公里無安全事故里程。
us_666	美國	TikTok	短視頻平台	推薦算法	依觀看時長與互動行為排序的內容推薦系統，決定 For You 頁面	字節跳動旗下短影音平台，2017 年推出國際版，隔年併入 Musical.ly 打開美國市場，靠信息流廣告與電商變現。因資料疑慮遭美方要求剝離，2025 年起由甲骨文等投資人的合資公司接手美國業務。
us_667	美國	Together AI	開源模型雲	推理與訓練平台	提供 GPU 叢集與 API，讓開發者直接調用或微調開源大模型	開源模型推理與訓練雲，按用量收費。
us_668	美國	Tomorrow.io	天氣情報			2016 年成立於波士頓，原名 ClimaCell，靠手機訊號等非傳統資料補觀測空白，後自行發射雷達與微波衛星建立觀測網。以 API 與產業訂閱收費，客戶含達美航空、福特與政府單位。
us_669	美國	Topaz Labs	圖像視頻增強			2005 年成立於德州達拉斯，早期賣 Photoshop 外掛濾鏡，2018 年後改用深度學習做去噪、放大與影片插幀。原採一次買斷加一年更新，近年改推訂閱並延伸到網頁版與雲端處理。
us_67	美國	Auterion	無人機操作系統	AuterionOS	基於 PX4 的無人機軟體堆疊，統一飛控、酬載與地面站介面	2017 年從 PX4 開源飛控社群分拆，創辦人是 PX4 發起人 Lorenz Meier，據點在美國阿靈頓與德國慕尼黑。賣運算模組與系統授權給無人機製造商，近年重心轉向軍用與政府標案。
us_670	美國	Torc Robotics	戴姆勒旗下自動駕駛卡車	自動駕駛卡車	把 L4 系統裝進 Freightliner 卡車，跑樞紐間長途幹線，規劃 2027 年商轉	2005 年成立於維吉尼亞理工週邊，早期做國防與礦業自動化，2019 年被戴姆勒卡車收購後成為獨立子公司，專注把系統整合進 Freightliner 車型，與多家車隊合作測試，目標 2027 年上路。
us_671	美國	Tortuga AgTech	採摘機器人			2016 年成立於科羅拉多，機器人在溫室採草莓與葡萄，順帶收集植株資料與修剪，按採收量計費而非賣機器。2025 年 3 月把智財、資產與工程團隊賣給垂直農場業者 Oishii，不再獨立營運。
us_672	美國	Tracer	品牌保護 AI			以影像辨識與語意分析在電商平台、社群與網域註冊資料中找仿冒品、未授權賣家與灰市貨，人工覆核後發出下架通知。本身也是 ICANN 認證網域註冊商，替品牌管理防禦性網域。
us_673	美國	Tractian	工業設備預測性維護			2019 年由巴西團隊創立，總部後移至美國，自製感測器量測振動、超音波與溫度，資料上雲判讀後直接開出工單，硬體與軟體綁在一起賣。客戶是製造廠與大型設施的維護部門。
us_674	美國	Trail of Bits	安全研究			2012 年成立於紐約，做受託的程式碼稽核與紅隊測試，業務從區塊鏈智能合約擴到密碼學與 AI 系統安全。按專案收費，客戶多為加密協議、雲服務商與美國政府機構，同時維護多個開源安全工具並公開稽核報告。
us_675	美國	Traversaal.ai	企業搜索 AI			產品分三塊：企業文件檢索 API、即時網路搜尋 API，以及資料分析代理，讓企業用自然語言問自家資料並附出處。另經營訓練課程，官網稱已培訓逾三萬名從業者。
us_676	美國	Trepp Inc	商業地產數據			1979 年成立於紐約，是英國報業集團 DMGT 旗下 DMG Information 的子公司。核心是 CMBS 與商用不動產貸款的資料庫與分析工具，按訂閱授權給交易員、放款機構與監理單位。
us_678	美國	TRM Labs	區塊鏈情報			2018 年成立於舊金山，把鏈上資金流與制裁名單、暗網情報串接，供調查人員追贓與辨識犯罪網路。收入來自政府與金融機構訂閱，團隊含前聯邦檢察官與財政部官員。
us_679	美國	Trunk Tools	建築項目 AI			2021 年由 Sarah Buchner 創立，她做過木工與總包、後取得土木與資料科學博士。產品把圖說、變更單與排程餵給代理，讓現場人員查到正確版本文件。累計募資約 7,000 萬美元。
us_68	美國	AuthenticID	證件認證			以證件影像鑑識起家，比對證件真偽並搭配活體與深偽偵測，完成開戶與客服環節的驗證，按次計費賣給銀行、電信與市集平台。官網顯示公司已納入身分驗證商 Incode 旗下。
us_680	美國	TruU Inc	身份認證			總部在加州聖塔克拉拉，規模約八十多人。做企業內部的無密碼登入：以手機生物辨識取代密碼，再用行為模型持續判斷登入後的身分是否遭接管，涵蓋員工帳號與機器帳號。客群鎖定財星 500 大的 IT 與資安部門。
us_681	美國	Truveta	醫療數據與模型	Truveta 平台	彙整全美醫療體系去識別化電子病歷，供藥廠與研究者做真實世界分析	2020 年由多家美國醫療體系共同出資成立，三十多家醫院集團既是股東也是資料來源。彙整逾 1.4 億名病人的病歷、影像與基因資料，去識別化後賣給藥廠、器材商與監理機構做研究。
us_682	美國	TuSimple	自動駕駛卡車（已轉型）			2015 年成立，曾是最早上路測試無人卡車的公司之一，2021 年在納斯達克上市。後因中美監管審查、管理層爭議與長期虧損，2024 年退市並關閉美國自駕業務，同年改名 CreateAI。
us_683	美國	Tutor Intelligence	倉儲機器人			機器人做棧板堆疊、卸垛與揀貨，遇到判斷不了的情況交由遠端人員標註，再回饋訓練模型。不賣硬體，以每小時約 14 美元或按件計費出租，維護與後續軟體更新都含在內，主要客戶是製造廠與第三方物流業者。
us_684	美國	TwelveLabs	視頻理解模型	Marengo；Pegasus	前者做影片向量檢索，後者把影片內容生成文字摘要與問答	2021 年由韓裔團隊創立，總部在舊金山。模型把長影片轉成可檢索的向量並能回答時序問題，以 API 按處理量計費，也上架雲端市集。客戶多在媒體、體育與廣告業。
us_685	美國	UiPath	RPA 與智能體	UiPath 平台	以拖拉方式編排跨系統操作腳本的開發套件，含流程探勘與部署管控	2005 年在羅馬尼亞創立，原承接外包自動化，2015 年後轉做 RPA 平台並把總部遷到紐約，2021 年於紐交所上市。收入以年費授權為主，近年延伸到文件處理與代理編排。
us_686	美國	Ultralytics	YOLO 目標檢測	YOLO 系列	開源即時物件偵測模型，單次前向推論同時框出位置與類別	由 Glenn Jocher 創立，把 YOLO 系列開源後成為最常用的物件偵測框架之一。程式碼採 AGPL 授權，商用不願一併開源就得另購企業授權，這是主要收入來源。
us_688	美國	Umbo Computer Vision	視頻安防 AI			2014 年由台灣團隊創立，在台北與舊金山兩地營運，把既有監視攝影機的畫面交給模型判讀入侵與異常事件，以訂閱方式賣給保全業者與企業用戶。曾獲矽谷創投投資，近年對外公開的動態相當稀少。
us_689	美國	Unbabel	AI 翻譯			2013 年成立於葡萄牙里斯本。機器翻譯先跑，再用品質評估模型判斷哪些句子需要人工譯者覆核，藉此壓低成本。主打客服場景，直接串接 Zendesk、Salesforce，按字數或訂閱收費。
us_69	美國	Autodesk	設計與工程軟件	Autodesk AI；Fusion		1982 年成立，以 AutoCAD 起家，產品線涵蓋建築的 Revit、製造的 Fusion 與影視的 Maya。2016 年前後把永久授權改為訂閱制，營收轉成經常性收入，客戶以事務所與製造業為主。
us_690	美國	Uniphore	對話 AI			2008 年從印度理工學院馬德拉斯分校孵化，原做語音辨識客服，總部後遷至加州帕羅奧圖。近年靠多筆併購把產品擴成企業資料與代理平台，官網稱服務逾兩千家企業。
us_692	美國	Unity	遊戲引擎	Unity AI	編輯器內建的助手與生成工具，能問文件、寫 C# 腳本並產生素材	2004 年在丹麥成立，2020 年於紐交所上市。收入分引擎訂閱與規模更大的廣告變現服務兩塊。2023 年宣布按安裝次數收費引發開發者反彈而撤回，之後更換管理層並縮減業務。
us_693	美國	Unlearn.AI	臨床試驗數字孿生			2017 年成立於舊金山，用歷史臨床試驗資料訓練模型，為每位受試者生成一組吃安慰劑會如何的預測，據此縮小對照組人數。方法已取得歐洲藥品管理局的合格意見，合作方包括艾伯維等藥廠與多家神經疾病生技公司。
us_694	美國	Upstream Tech	水資源遙感			2016 年成立，登記為公益公司。Lens 用衛星影像監測保育地與復育地的地表變化，取代部分實地勘查；另一產品預測河川流量供水電廠調度。客戶含大自然保護協會與美國林務署。
us_695	美國	UST	IT 服務			
us_696	美國	UT Battelle LLC	橡樹嶺國家實驗室運營方			田納西大學與巴特爾紀念研究所合組的非營利公司，自 2000 年起受能源部委託營運橡樹嶺國家實驗室，本身沒有產品，收入是管理合約費用。AI 研究是以實驗室名義而非這家公司進行。
us_697	美國	UtopiaCompression Corp	國防感知與自主			2003 年成立於洛杉磯，長期靠國防部與 NASA 的小企業研究合約維生，題目集中在無人機感知避撞、影像壓縮與自主導航。公司規模小，以技術移轉與專案交付為主。
us_699	美國	Vecna Robotics	倉儲自主叉車			2018 年從醫療軟體公司 Vecna Technologies 分拆，總部與產線都在麻州。產品搭配遠端指揮中心，人員在機器卡住時介入。除買斷外也提供訂閱式租賃，客戶包括聯邦快遞與卡特彼勒。
us_70	美國	Automation Anywhere	RPA 與企業智能體	Automation 360	雲端原生的流程自動化平台，集中開發、部署與監控機器人任務	2003 年成立於加州聖荷西，早期名為 Tethys Solutions。2018 年後向軟銀願景基金等募得逾 10 億美元，估值一度達 68 億美元，長期與 UiPath 在 RPA 市場對打。
us_700	美國	Vectara	檢索增強平台			2020 年由 Cloudera 共同創辦人 Amr Awadallah 創立，提供托管的檢索增強平台，文件切分、向量檢索、生成與引用一條龍，主打抑制幻覺。訂閱收費，也支援私有雲與地端部署。
us_701	美國	Veo Robotics	人機協作安全			2016 年成立於麻州，用 3D 感測即時建立機械手周圍的空間模型，讓機器在有人靠近時減速或停止，免除安全圍籬。2023 年被倉儲自動化商 Symbotic 收購，原網域現已導向 Symbotic。
us_702	美國	Veradigm	原 Allscripts，醫療信息			前身為 Allscripts，2023 年更名。核心客群是診所、醫院與長照機構，賣電子病歷與門診管理系統的訂閱；另一條收入來自把去識別化的臨床資料賣給藥廠與保險業者做真實世界研究。因財報申報延誤，2024 年自那斯達克下市轉為場外交易。
us_703	美國	Verdant Robotics	農業精準噴灑機器人			2018 年成立於加州海沃德。機具掛在曳引機後方，邊走邊辨識作物與雜草，以毫升級噴流逐株點射，宣稱比全面噴灑省下九成以上藥劑。客群是蔬菜與特用作物農場，多以代噴服務按面積計費，而非把機器賣斷給農民。
us_704	美國	Verseon	AI 藥物發現			2002 年成立於加州費利蒙，是臨床階段製藥公司，而非只賣演算法的平台商。以分子物理模擬結合機器學習在電腦中生成全新化合物，再實際合成與測試，管線集中在心血管代謝疾病與癌症。近年併購 Edammo 以補強模型能力。
us_707	美國	VIAVI Solutions	網絡測試			2015 年由 JDSU 拆分而來，那斯達克掛牌，總部在亞利桑那州錢德勒。主要賣電信商與設備商在實驗室及現場使用的測試儀表，另有光學濾光片業務，被用於手機 3D 感測與防偽標籤。也承接軍用與航太的定位授時產品。
us_709	美國	Vigilant Solutions	車牌識別			車牌辨識資料商，2019 年連同母公司 VaaS 被 Motorola Solutions 以約 4.45 億美元買下，品牌併入對方影像安控產品線。經營全美最大車牌影像資料庫，向警方與商業客戶訂閱查詢權；因移民執法單位以其資料追人，長期受隱私團體批評。
us_71	美國	Autonomous Solutions	農礦自主車輛			2000 年自猶他州立大學衍生成立，總部在猶他州門敦。不造整車，而是賣改裝套件加 Mobius 車隊調度軟體，把既有礦車、曳引機、堆高機改成無人駕駛，刻意不綁單一設備商。後把自主採礦事業部賣給 Epiroc，轉向農業、物流與試車場市場。
us_711	美國	Virtual Traffic Lights	車聯網信號			2010 年自卡內基美隆大學衍生的匹茲堡小公司，核心是一批 V2V 與 V2X 專利：讓路口車輛彼此通訊後在車內顯示虛擬號誌，省去實體紅綠燈。營收主要來自專利授權，另有雲端交通管理產品 Trafluid，公司規模一直很小。
us_712	美國	Virtue AI	AI 安全			2024 年由 Bo Li、Dawn Song、Carlos Guestrin、Sanmi Koyejo 四位學界研究者創辦，總部舊金山。賣的是企業 AI 的紅隊測試與即時護欄訂閱，客群集中在金融、醫療與科技業。2025 年 4 月宣布 3000 萬美元種子與 A 輪，Lightspeed 與 Walden Catalyst 領投。
us_713	美國	Visa Int Service Association	支付網絡	風控 AI	即時為每筆刷卡交易打風險分數，供發卡行與商戶決定是否授權	本身不發卡也不放款，經營的是連接發卡行與收單行的清算網路，按交易筆數與金額向銀行收費。AI 主要用在授權當下的即時盜刷偵測與爭議處理，也對外出售風控分析服務。近年推動讓 AI 代理代客下單的支付憑證規格。
us_715	美國	Voicegain	語音識別			2019 年成立，總部德州達拉斯，規模不大。主打可部署在客戶自有雲或機房的語音辨識引擎，讓受法規限制、不能把通話送到大型雲端商的客服中心也能使用。以 API 呼叫量計費，並在引擎上加了通話分析與電話語音機器人等應用。
us_717	美國	Volkswagen Group of America Innovation and Engineering Center California (IECC)	大眾美國創新中心			福斯集團設在加州貝爾蒙的應用研發據點，1998 年以三人的電子研究實驗室起家，現約兩百人，是集團在德國以外最大的車輛研究設施。服務福斯、奧迪、保時捷等品牌，曾參與預測式導航與車載語音，也參與過 2005 年贏得 DARPA 大挑戰的 Stanley。
us_718	美國	Walmart	零售巨頭	購物助手；供應鏈 AI	助手 Sparky 依購物目的規劃清單並比較商品，另有需求預測與補貨模型	全球營收最大的零售商，實體賣場仍是主體，電商與會員訂閱是近年成長來源。AI 投入集中在需求預測、補貨與物流路線排程這些降低營運成本的環節，另把生成式介面放進購物搜尋。也對外出售廣告版位與零售技術，毛利高於本業。
us_719	美國	Walt Disney Co	娛樂傳媒	迪士尼研究院	內部研究部門，做影像特效、角色動畫與娛樂用機器人的技術研發	業務分娛樂、ESPN 與體驗三塊，樂園與郵輪的獲利貢獻近年高於影視。旗下迪士尼研究院長期投入影像合成、動作捕捉與角色動畫研究並公開發表論文。對生成式 AI 態度兩面：內部導入製作流程，同時對未授權使用其角色的業者提告。
us_72	美國	Ava Robotics	遠程臨場機器人			2016 年自 iRobot 分拆，由原 iRobot 的 Youssef Saleh 與 Marcio Macedo 創辦，總部麻州劍橋。把商用機器人的自主導航延伸到遠端臨場：機器人自行在樓層間移動，遠端使用者透過視訊「走」進現場。客戶多為醫療、製造與無塵室等不便親臨的場域。
us_720	美國	Waypoint Robotics	移動機器人			2016 年成立於新罕布夏州納舒厄，主打不必改造廠房、現場人員就能自行設定路線的全向輪自主移動機器人，承載量高於當時多數同類產品，客群偏製造業而非電商倉儲。2021 年 9 月被倉儲機器人商 Locus Robotics 收購，品牌已併入對方。
us_721	美國	webAI	端側分佈式 AI			2019 年成立於德州奧斯汀。主張模型應跑在客戶自己的裝置與機房上，把運算切分到多台終端協同推論，避開把資料送進公有雲。產品含拖拉式模型訓練介面 Navigator 與可離線執行的助理。2024 年完成 A 輪，累計募資約 6000 萬美元。
us_722	美國	Welldoc	慢病數字療法	BlueStar	獲 FDA 核准的糖尿病管理 app，依血糖數據給出即時衛教與用藥提示	2005 年成立於馬里蘭州，做的是處方級數位療法而非一般健康 App。BlueStar 須由醫師開立，已取得多次 FDA 510(k) 許可，可串接連續血糖監測並提供胰島素劑量建議。收入來自雇主、保險業者與藥廠付費導入，賣點是壓低糖尿病人均醫療支出。
us_723	美國	Westinghouse Electric Co	核電			1999 年自原西屋電氣的核能部門獨立，總部在賓州克蘭伯里鎮，現由加拿大 Cameco 與 Brookfield 共同持有。核燃料與電廠維修的穩定收入大於新建機組。曾因 AP1000 新建案嚴重超支於 2017 年破產重整，近年重心轉向既有機組延役與小型模組化反應爐。
us_724	美國	Willow Garage	機器人研究機構（已關閉），ROS 發源地	PR2；ROS	前者是雙臂輪式研究用機器人；後者是至今通用的開源機器人中介軟體	2006 年由 Scott Hassan 出資成立的私人機器人研究機構，不以獲利為目標，把 PR2 研究平台與 ROS 開源釋出，奠定後來學界與業界的共通軟體基礎。2014 年結束營運，人員分頭創立 Suitable Technologies、Savioke 等公司，ROS 則交由 OSRF 維護至今。
us_725	美國	WindBorne Systems	氣象氣球與天氣 AI	WeatherMesh	Transformer 預報模型，以自家長程探空氣球回傳的觀測資料持續更新	2019 年由史丹佛學生創辦，總部加州紅木海岸。自製可連續飛行四十天以上的長效探空氣球，蒐集海上與偏遠地區長期缺乏的高空觀測資料，再餵給自家的 transformer 天氣模型。收入來自向能源、航運與政府單位賣預報服務，也與 NOAA 合作供應觀測資料。
us_726	美國	Wolfram	計算知識引擎	Wolfram|Alpha；Mathematica		1987 年由 Stephen Wolfram 與 Theodore Gray 創辦，總部在伊利諾州香檳市，至今未上市也未接受創投，約四百人。收入以 Mathematica 的授權與訂閱為主；Wolfram|Alpha 靠 API 授權，近年被多家聊天機器人接入，充當數學與事實查核的外掛運算層。
us_727	美國	Workato	集成自動化			2013 年成立於加州山景城，做企業系統之間的整合與流程自動化，定位在 iPaaS。提供上千個現成連接器與可共享的流程範本，讓非工程人員也能串起 SaaS、資料庫與 ERP。以訂閱制向大型企業收費，另有供軟體商嵌入自家產品的白牌版本。
us_728	美國	WRITER	企業生成式 AI 平台	Palmyra 模型	自研的企業用語言模型系列，側重文件寫作、法遵檢查與知識檢索	2020 年由 May Habib 與 Waseem AlShikh 創辦，總部舊金山。不轉售他人模型，自行訓練 Palmyra 系列並搭配知識圖譜，主打把公司內部資料接進生成流程且可稽核。客群是兩百多家大型企業的行銷、法遵與客服部門，按席次與用量訂閱收費。
us_729	美國	Wyze	智能攝像頭			2017 年由幾位亞馬遜前員工創辦，總部華盛頓州柯克蘭。以二十美元級的攝影機切入市場，硬體幾乎不賺錢，靠雲端錄影訂閱與後續的門鈴、門鎖、體重計等周邊補回。曾多次發生使用者看到他人攝影機畫面的權限錯置事件，資安信任度受損。
us_73	美國	Avaamo	企業對話 AI			2014 年成立於加州，早期做企業通訊工具，後轉向客服與 HR 的對話式助理，近年再收斂到語音客服：以 AI 接聽來電、即時提示真人客服、事後分析全部通話。2018 年由 Intel Capital 領投 1420 萬美元 A 輪，Ericsson 與 Wipro 等策略投資人跟進。
us_730	美國	xAI	馬斯克創辦的大模型公司	Grok 系列	通用聊天與推理模型，整合 X 平台的即時貼文資料	馬斯克創辦，研發 Grok 模型，嵌入 X 平台並對外賣 API，已與 X 合併。
us_731	美國	Xaira Therapeutics	AI 藥物研發	蛋白設計	用生成式模型從零設計抗體與蛋白結構，再進實驗室驗證結合能力	2024 年由 ARCH Venture Partners 與 Foresite Labs 共同孵化，開局即募得逾十億美元。執行長為前史丹佛校長 Marc Tessier-Lavigne，共同創辦人包含諾貝爾獎得主 David Baker。自建大規模濕實驗數據產線餵養生成模型，目前尚無產品進入後期臨床。
us_733	美國	You.com	AI 搜索	You.com	可切換多個大模型的問答式搜尋引擎，另提供企業搜尋 API	2020 年由前 Salesforce 首席科學家 Richard Socher 與 Bryan McCann 創辦。消費端 AI 搜尋難以獲利，現在主要收入來自賣給其他 AI 公司的網頁搜尋 API，以及企業版訂閱，對外宣稱累積三千多家企業客戶。
us_735	美國	Zapata AI	量子與工業 AI（已停業）			2017 年自哈佛衍生的量子軟體公司，後轉做生成式 AI 與工業最佳化，2023 年透過 SPAC 上市。股價跌破一美元觸發債權人加速還款條款，2024 年 10 月停止營運，創辦人 Christopher Savoie 同時辭職。2025 年以 Zapata Quantum 之名完成重整並重新募資。
us_736	美國	ZeroFox	外部威脅情報			2013 年成立於馬里蘭州巴爾的摩。監看社群平台、暗網與仿冒網域，替企業找出冒名帳號、釣魚站與外洩資料，並代為送出下架請求。2022 年透過 SPAC 上市後股價長期低迷，2024 年 5 月由私募基金 Haveli Investments 以每股 1.14 美元收購下市。
us_738	美國	Zillow	房產平台	估價模型	Zestimate，依成交紀錄與房屋特徵估算全美住宅市值	靠房源流量向房仲與房貸業者賣廣告與名單，本身不賺買賣價差。Zestimate 估價模型是主要流量來源，也因誤差屢受批評。2018 年起自行低買高賣房屋的 Zillow Offers 在 2021 年關閉並認列數億美元虧損，公司自此退回平台與軟體服務。
us_739	美國	Zipline	無人機配送	P2 Zip	第二代送貨機，定點懸停後垂降小型機具，把包裹放到家門口	無人機即時配送，為醫院、零售商送貨，按配送次數收費。
us_74	美國	Avature	招聘軟件			2005 年由 HotJobs 創辦人 Dimitri Boylan 創立，主要研發團隊在阿根廷。走高度客製的企業 SaaS 路線，把招募 CRM、申請人追蹤、校園徵才到績效與接班規劃整合成一套，客戶含財星五百大中逾百家。長年靠訂閱收入自持成長，未倚賴外部創投。
us_740	美國	Zoom	視頻會議	AI Companion	會議中自動記錄摘要、整理待辦，並回答「剛剛講了什麼」的內建助手	2011 年由思科 WebEx 前工程副總袁征創辦，疫情後成長放緩，近年靠電話、客服中心與活動平台等周邊產品拉高單客營收。AI Companion 隨方案附贈不另計費，用以抵禦微軟 Teams 與 Google Meet 的綁售。2024 年公司正式更名為 Zoom Communications。
us_76	美國	Avride	自動駕駛與配送機器人（原 Yandex 自動駕駛）	Robotaxi；配送機器人	改裝 Hyundai Ioniq 5 在達拉斯載客，小車則接 Uber Eats 外送	前身為 Yandex 自駕部門，2020 年隨 Yandex 與 Uber 拆分而獨立，2023 年更名 Avride，總部設在麻州紐伯里波特，母公司為 Nebius。俄烏戰爭後將人員與資產移出俄羅斯。現與 Uber 合作外送與叫車，並與現代汽車合作開發 Robotaxi。
us_79	美國	BAE Systems (US autonomy)	BAE 美國自主系統			英國最大國防承包商，美國子公司 BAE Systems Inc. 員工逾三萬人，主要客戶是美軍。自主系統的工作散在各事業部，涵蓋無人水面艦、地面載具自動駕駛與飛彈導引的目標辨識，多以政府研發合約形式承接，而非對外販售成品。
us_8	美國	Adeia Guides Inc	原 TiVo/Xperi 專利與推薦			2022 年 Xperi 分拆後留下的專利授權公司：產品業務歸 Xperi，Adeia 只收權利金。專利多源自 TiVo 與 Rovi 的節目表與推薦技術，以及半導體混合鍵合製程，授權對象含三星、Sony、Roku 與各大有線及串流業者。收入全靠授權談判與訴訟。
us_80	美國	Barrett Technology	機械臂與康復機器人	WAM	背驅式七軸力控機械臂，靠線纜傳動降低摩擦，多用於研究與復健	1988 年自 MIT 實驗室衍生，總部在麻州，規模長年維持在數十人。早期以 WAM 反向可驅動機械臂與 BarrettHand 供應學界研究，量少價高。近年重心移向醫療：Burt 上肢復健機器人已取得 FDA Class II 註冊，用於中風與腦傷後的復健訓練。
us_81	美國	Bear Robotics	餐飲送餐機器人	Servi	多層托盤的自走推車，在餐廳走道間送餐與回收碗盤	2017 年創辦，總部加州紅木城。機器人以月租方式出租給餐廳、飯店與長照機構，按台計費而非賣斷，產品線已從送餐延伸到清潔與倉儲搬運。2024 年獲 LG 投資六千萬美元，2025 年 LG 取得逾半股權，正式併入其 CLOi 商用機器人事業。
us_83	美國	Berkshire Grey	倉儲自動化機器人	揀選系統	以視覺與吸盤夾具從料箱單件揀取商品，接電商訂單的分揀產線	2013 年成立於麻州，賣的是整套倉儲揀選與分揀系統而非單機，客戶含 FedEx、Maersk 與沃爾瑪。2021 年透過 SPAC 上市後長期虧損，2023 年由原投資人軟銀以約 3.75 億美元全數收購並下市，現為軟銀旗下私有公司。
us_84	美國	Bevilacqua Research Corp	國防研究			1992 年成立於阿拉巴馬州杭茨維爾，屬身心障礙退伍軍人持有的小型企業，可循聯邦採購的保留額度接案。業務是替 NASA、陸軍工兵署與各軍種提供測試評估、情監偵、生存性工程與資安等技術人力，靠政府合約營運，不做商業產品。
us_9	美國	Adept	智能體與動作模型	ACT-1	能操作瀏覽器與軟體介面完成任務的動作模型	2022 年由前 OpenAI 工程副總 David Luan 與 Transformer 論文作者 Niki Parmar、Ashish Vaswani 創辦，主打能操作瀏覽器與軟體介面的動作模型。2024 年 6 月亞馬遜聘走創辦團隊與多數員工並取得技術授權，投資人獲返還資金，公司實質已停止獨立發展。
us_90	美國	Blink Technologies Inc	眼動/虹膜			2018 年成立，總部加州聖荷西，研發在以色列海法。技術是純軟體的眼動追蹤，不需專用紅外線硬體，用一般鏡頭就能推算視線落點，因此能裝進手機、車機與零售看板。應用涵蓋駕駛注意力監測、免觸控介面與廣告注視度量測，累計募資約 2100 萬美元。
us_91	美國	Bloomberg	金融數據	BloombergGPT；終端 AI		非上市公司，創辦人 Michael Bloomberg 持有多數股權。收入主力是每席年費逾兩萬美元的終端機訂閱，新聞事業實為終端引流。2023 年發表以自有金融語料訓練的 BloombergGPT，是最早公開的領域專用大模型之一，之後重心轉為把 AI 功能直接嵌進終端。
us_94	美國	Boeing (autonomous systems)	波音自主系統	MQ-28 無人僚機	可與戰機編隊的噴射動力無人機，替澳洲空軍擔任前出偵察與掛彈任務	民航機與國防業務約各佔一半，自 737 MAX 事故與 2024 年艙門脫落事件後，監管與產能問題持續壓抑財務表現。自主系統主要落在國防部門：與澳洲空軍合作的 MQ-28，以及無人潛航器 Orca。2017 年收購自駕飛行新創 Aurora Flight Sciences 作為研發載體。
us_95	美國	Bonsai Robotics	果園自主車輛			2022 年成立於加州聖荷西。走純視覺路線，不依賴 GPS 或行動網路，因為果園樹冠會遮蔽衛星訊號。不自造整機，而是把自駕系統整合進 Flory、OMC 等果園機具廠的既有設備。2025 年收購農機新創 farm-ng，取得自有的 Amiga 載具平台。
us_96	美國	Booz Allen Hamilton	政府諮詢與國防 AI	國防 AI 服務		成立逾百年的管理顧問公司，現在近九成營收來自美國聯邦政府，國防部與情報體系是最大客戶。AI 業務多是替政府建置與維運系統的人力服務合約，而非銷售自有產品。2013 年因員工史諾登洩密事件一度受到高度關注。
us_97	美國	Boson AI	李沐等創辦，語音與角色大模型	Higgs 系列模型	開源語音基礎模型，支援文字轉語音、聲音克隆與多人對話生成	2022 年由前亞馬遜首席科學家李沐與 Alex Smola 創辦，兩人是《動手學深度學習》與 MXNet 的主要推手。不追通用大模型，專攻語音：Higgs 系列做語音對語音互動與聲音複製，延遲約 0.7 秒、支援逾百種語言，並相容 OpenAI Realtime API 以降低客戶遷移成本。
us_98	美國	Boston Dynamics	足式與人形機器人，現代汽車旗下	Spot；Atlas；Stretch		現代汽車旗下，賣四足機器狗 Spot 用於工業巡檢、倉庫卸貨機器人 Stretch，並研發新版 Atlas 人形。
us_99	美國	Boston Scientific	醫療器械			1979 年成立於麻州，做的是導管、支架、心律調節器等介入性醫材，橫跨心血管、腸胃、泌尿與神經調控，靠密集併購擴張產品線，心血管是最大部門。AI 主要用在影像判讀與心臟電生理標測，屬既有器材的加值功能，不是獨立事業。
